uniq_id,product_name,category_main,description_clean,image,image_array
55b85ea15a1536d46b7190ad6fff8ce7,Elegance Polyester Multicolor Abstract Eyelet Door Curtain,home furnishing,key feature elegance polyester multicolor abstract eyelet door curtain floral curtain elegance polyester multicolor abstract eyelet door curtain       cm height   pack     price   r       curtain enhance look interior curtain       high quality polyester fabric feature eyelet style stitch metal ring make room environment romantic love curtain ant   wrinkle anti shrinkage elegant apparance home bright modernistic appeal design   surreal attention sure steal heart   contemporary eyelet valance curtain slide smoothly draw apart thing morning welcome bright sun ray want wish good morning world draw close evening   create special moment joyous beauty give soothe print   bring home elegant curtain softly filter light room right sunlight   specification elegance polyester multicolor abstract eyelet door curtain       cm height   pack     general brand elegance design door type eyelet model abstract polyester door curtain set    model d duster    color multicolor dimension length      cm box number content sale package pack    sale package    curtain body    design material polyester,55b85ea15a1536d46b7190ad6fff8ce7.jpg,"[[206 206 207 ... 171 170 170]
 [207 208 208 ... 171 171 171]
 [209 210 210 ... 172 172 172]
 ...
 [160 159 157 ...  70  60  54]
 [162 161 160 ...  56  60  62]
 [169 169 169 ...  52  69  77]]"
7b72c92c2f6c40268628ec5f14c6d590,Sathiyas Cotton Bath Towel,baby care,specification sathiyas cotton bath towel     bath towel   red   yellow   blue   bath towel feature machine washable yes material cotton design self design general brand sathiyas type bath towel gsm      model sathiyas cotton bath towel ideal man   woman   boy   girl model d asvtwl     color red   yellow   blue size mediam dimensions length     inch width     inch box number content sale package    sale package    bath towel,7b72c92c2f6c40268628ec5f14c6d590.jpg,"[[255 255 255 ... 255 255 255]
 [255 255 255 ... 255 255 255]
 [255 255 255 ... 255 255 255]
 ...
 [255 255 255 ... 255 255 255]
 [255 255 255 ... 255 255 255]
 [255 255 255 ... 255 255 255]]"
64d5d4a258243731dc7bbb1eef49ad74,Eurospa Cotton Terry Face Towel Set,baby care,key feature eurospa cotton terry face towel set size   small height     inch gsm       eurospa cotton terry face towel set      piece face towel set   assort   price   r       eurospa bring exclusively design        soft cotton towel export quality   product soft texture take care skin give enrich feeling deserve   eurospa export bath towel lot renowned brand     year famous fine print   absorbency   softness durability   note   product       cotton   susceptible shrinkage   product color vary picture   size vary      wash care   wash cold water   iron   bleach   flat dry   wash use   size   face towel       cms x     cms   specification eurospa cotton terry face towel set      piece face towel set   assort   bath towel feature material cotton terry design shuvam general brand eurospa gsm      type face towel set model shuvam   pcftsetassorted ideal boy   girl   man   woman model d shuvam   pcftsetassorted size small color assorted dimension weight      g length    inch width    inch box number content sale package     sale package     piece face towel set,64d5d4a258243731dc7bbb1eef49ad74.jpg,"[[255 255 255 ... 255 255 255]
 [255 255 255 ... 255 255 255]
 [255 255 255 ... 255 255 255]
 ...
 [255 255 254 ... 255 255 255]
 [255 255 255 ... 255 255 255]
 [255 255 255 ... 255 255 255]]"
d4684dcdc759dd9cdf41504698d737d8,SANTOSH ROYAL FASHION Cotton Printed King sized Double Bedsheet,home furnishing,key feature santosh royal fashion cotton print king size double bedsheet royal bedsheet perfact wedding    gift specification santosh royal fashion cotton print king size double bedsheet     bedsheet    pillow cover   multicolor   general brand santosh royal fashion machine washable yes type flat material cotton model gold design royal cotton print wedding    gift double bedsheet    pillow cover model d goldbedi     color multicolor size king fabric care machine wash   bleach dimension flat sheet width     inch        cm fit sheet width      cm pillow cover width     inch       cm pillow cover length     inch       cm fit sheet depth      cm fit sheet length      cm flat sheet depth      cm flat sheet length      inch        cm box number content sale package    sale package    bedsheet    pillow cover,d4684dcdc759dd9cdf41504698d737d8.jpg,"[[255 255 255 ... 255 255 255]
 [255 255 255 ... 254 255 255]
 [255 255 255 ... 253 253 253]
 ...
 [255 255 255 ... 255 255 255]
 [255 255 255 ... 255 255 255]
 [255 255 255 ... 255 255 255]]"
6325b6870c54cd47be6ebfbffa620ec7,Jaipur Print Cotton Floral King sized Double Bedsheet,home furnishing,key feature jaipur print cotton floral king size double bedsheet       cotton jaipur print cotton floral king size double bedsheet     bed sheet    pillow cover   white   price   rs       nice bed sheet       cotton comfort   bed sheet hand print   bedsheet give nice look room fast colour good quality give bedsheet long life   specification jaipur print cotton floral king size double bedsheet     bed sheet    pillow cover   white   general machine washable yes brand jaipur print type flat model jaipur     material cotton thread count      model d jaipur     fabric care machinewash   bleach size king color white warranty waranty product manufacture defect product exchange onle returne origional packing dimension flat sheet width     inch        cm fit sheet width    cm pillow cover width     inch       cm pillow cover length     inch       cm weight      g fit sheet depth    cm fit sheet length    cm flat sheet depth      cm flat sheet length      inch        cm box number content sale package    sale package    bed sheet    pillow cover,6325b6870c54cd47be6ebfbffa620ec7.jpg,"[[161 158 152 ... 221 223 224]
 [155 151 144 ... 223 223 223]
 [118 120 124 ... 219 208 202]
 ...
 [ 90 110 129 ... 136 139 138]
 [ 75  95 116 ... 124 124 124]
 [ 70  84  99 ... 106 107 107]]"
893aa5ed55f7cff2eccea7758d7a86bd,Maserati Time R8851116001 Analog Watch  - For Boys,watches,maserati time r            analog watch     boy    buy maserati time r            analog watch     boy   r            online rs        india flipkart com     great discount   genuine product      day replacement guarantee   free shipping   cash delivery,893aa5ed55f7cff2eccea7758d7a86bd.jpg,"[[255 255 255 ... 255 255 255]
 [255 255 255 ... 255 255 255]
 [255 255 255 ... 255 255 255]
 ...
 [255 255 255 ... 255 255 255]
 [255 255 255 ... 255 255 255]
 [255 255 255 ... 255 255 255]]"
f355cc1ccb08bd0d283ed979b7ee7515,"Camerii WM64 Elegance Analog Watch  - For Men, Boys",watches,camerii wm    elegance analog watch     man   boy    buy camerii wm    elegance analog watch     man   boy   wm    online rs      india flipkart com     great discount   genuine product      day replacement guarantee   free shipping   cash delivery,f355cc1ccb08bd0d283ed979b7ee7515.jpg,"[[255 255 255 ... 255 255 255]
 [255 255 255 ... 255 255 255]
 [255 255 255 ... 255 255 255]
 ...
 [255 255 255 ... 255 255 255]
 [255 255 255 ... 255 255 255]
 [255 255 255 ... 255 255 255]]"
dd0e3470a7e6ed76fd69c2da27721041,T STAR UFT-TSW-005-BK-BR Analog Watch  - For Boys,watches,"t star uft tsw      bk br analog watch     boy 
                          price   rs     
				
			 way work travel abroad family   lifestyle accessory like watch   wallet belt help add touch sophistication class mundane regular daily wear   come   suave leather belt intricately design finished timepiece separate rest 
 way work travel abroad family   lifestyle accessory like watch   wallet belt help add touch sophistication class mundane regular daily wear   come   suave leather belt intricately design finished timepiece separate rest",dd0e3470a7e6ed76fd69c2da27721041.jpg,"[[255 255 255 ... 255 255 255]
 [255 255 255 ... 255 255 255]
 [255 255 255 ... 255 255 255]
 ...
 [255 255 255 ... 255 255 255]
 [255 255 255 ... 255 255 255]
 [255 255 255 ... 255 255 255]]"
41384da51732c0b4df3de8f395714fbb,"Alfajr WY16B Youth Digital Watch  - For Men, Boys",watches,alfajr wy   b youth digital watch     man   boy    buy alfajr wy   b youth digital watch     man   boy   wy   b online rs       india flipkart com   azan time    city world     prayer reminder   qibla direction   hijri gregorian calnedar   qur bookmark   daily alram    great discount   genuine product      day replacement guarantee   free shipping   cash delivery,41384da51732c0b4df3de8f395714fbb.jpg,"[[255 255 255 ... 255 255 255]
 [255 255 255 ... 255 255 255]
 [255 255 255 ... 255 255 255]
 ...
 [255 255 255 ... 255 255 255]
 [255 255 255 ... 255 255 255]
 [255 255 255 ... 255 255 255]]"
710ed5f2393a4b9e8823aa0029f71f93,"TAG Heuer CAU1116.BA0858 Formula 1 Analog Watch  - For Boys, Men",watches,tag heuer cau      ba      formula    analog watch     boy   man    buy tag heuer cau      ba      formula    analog watch     boy   man   cau      ba      online rs         india flipkart com   swiss   quartz movement   scratch resistant   sapphire crystal glass   water resistant      metre   feature chronograph    great discount   genuine product      day replacement guarantee   free shipping   cash delivery,710ed5f2393a4b9e8823aa0029f71f93.jpg,"[[255 255 255 ... 255 255 255]
 [255 255 255 ... 255 255 255]
 [255 255 255 ... 255 255 255]
 ...
 [255 255 255 ... 255 255 255]
 [255 255 255 ... 255 255 255]
 [255 255 255 ... 255 255 255]]"
920154acbe49d3202ed7d2ed2df1ea13,"Calibro SW-125 Analog-Digital Watch  - For Men, Boys",watches,"calibro sw      analog digital watch     man   boy 
                          price   rs     
				
			 calibro present mtg black dial round watch   fashionable watch mtg add style statement   brand know usage quality material make appeal watch   understand need youth able present wide range watch customer   variety design   style youthful approach execute brand   brilliantly lead brand style   finish matter 
 calibro present mtg black dial round watch   fashionable watch mtg add style statement   brand know usage quality material make appeal watch   understand need youth able present wide range watch customer   variety design   style youthful approach execute brand   brilliantly lead brand style   finish matter",920154acbe49d3202ed7d2ed2df1ea13.jpg,"[[255 255 255 ... 255 255 255]
 [255 255 255 ... 255 255 255]
 [255 255 255 ... 255 255 255]
 ...
 [255 255 255 ... 255 255 255]
 [255 255 255 ... 255 255 255]
 [255 255 255 ... 255 255 255]]"
08452abdadb3db1e686b94a9c52fc7b6,"Cartier W6701005 Analog Watch  - For Boys, Men",watches,carti w         analog watch     boy   man    buy carti w         analog watch     boy   man   w         online rs         india flipkart com     great discount   genuine product      day replacement guarantee   free shipping   cash delivery,08452abdadb3db1e686b94a9c52fc7b6.jpg,"[[255 255 254 ... 254 254 254]
 [255 254 254 ... 254 254 254]
 [254 254 254 ... 254 254 255]
 ...
 [254 254 254 ... 255 255 255]
 [254 254 254 ... 255 255 255]
 [254 254 254 ... 255 255 255]]"
1e8741b5ae27a513546c94b3f3312aee,"Lois Caron LCS-4032 Analog Watch  - For Boys, Men",watches,lois caron lcs       analog watch     boy   man    buy lois caron lcs       analog watch     boy   man   lcs       online rs      india flipkart com     great discount   genuine product      day replacement guarantee   free shipping   cash delivery,1e8741b5ae27a513546c94b3f3312aee.jpg,"[[255 255 255 ... 255 255 255]
 [255 255 255 ... 255 255 255]
 [255 255 255 ... 255 255 255]
 ...
 [255 255 255 ... 255 255 255]
 [255 255 255 ... 255 255 255]
 [255 255 255 ... 255 255 255]]"
189fa66a5fa6f08d2802a62ecf0be298,"Titan 1639SL03 Analog Watch  - For Boys, Men",watches,titan      sl    analog watch     boy   man    buy titan      sl    analog watch     boy   man       sl    online rs       india flipkart com     great discount   genuine product      day replacement guarantee   free shipping   cash delivery,189fa66a5fa6f08d2802a62ecf0be298.jpg,"[[255 255 255 ... 255 255 255]
 [255 255 255 ... 255 255 255]
 [255 255 255 ... 255 255 255]
 ...
 [255 255 255 ... 255 255 255]
 [255 255 255 ... 255 255 255]
 [255 255 255 ... 255 255 255]]"
bbb8cdc5406ff60ff06ff64630f2ca47,"Srushti Art Jewelry Megnet_Led_Sport_BlackRed1 Digital Watch  - For Men, Women, Boys, Girls",watches,srushti art jewelry megnet lead sport blackre   digital watch     man   woman   boy   girl    buy srushti art jewelry megnet lead sport blackre   digital watch     man   woman   boy   girl   megnet lead sport blackre   online rs      india flipkart com   lead watch   sport lead   megnet watch   fresh arrival   late   fancy   srushti   girlswatch   man   woman   boy   wrist watch    great discount   genuine product      day replacement guarantee   free shipping   cash delivery,bbb8cdc5406ff60ff06ff64630f2ca47.jpg,"[[255 255 255 ... 255 255 255]
 [255 255 255 ... 255 255 255]
 [255 255 255 ... 255 255 255]
 ...
 [255 255 255 ... 255 255 255]
 [255 255 255 ... 255 255 255]
 [255 255 255 ... 255 255 255]]"
1120bc768623572513df956172ffefeb,"Escort E-1700-906_Blk Analog Watch  - For Men, Boys",watches,"escort e           blk analog watch     man   boy 
                          price   rs       
				
			   flaunt   mantra hit street style wear black colour analog watch man house escort   casing add appeal timepiece wear rainy day   thank water resistance upto     atm 
   flaunt   mantra hit street style wear black colour analog watch man house escort   casing add appeal timepiece wear rainy day   thank water resistance upto     atm",1120bc768623572513df956172ffefeb.jpg,"[[248 248 248 ... 248 248 248]
 [248 248 248 ... 248 248 248]
 [248 248 248 ... 248 248 248]
 ...
 [248 248 248 ... 248 248 248]
 [248 248 248 ... 248 248 248]
 [248 248 248 ... 248 248 248]]"
5479bb7028827d60000720a2c135976a,Jack klein BlackLed Digital Watch  - For Boys,watches,jack klein blackle digital watch     boy    buy jack klein blackle digital watch     boy   blackle online rs      india flipkart com     great discount   genuine product      day replacement guarantee   free shipping   cash delivery,5479bb7028827d60000720a2c135976a.jpg,"[[255 255 255 ... 255 255 255]
 [255 255 255 ... 255 255 255]
 [255 255 255 ... 255 255 255]
 ...
 [255 255 255 ... 255 255 255]
 [255 255 255 ... 255 255 255]
 [255 255 255 ... 255 255 255]]"
733aa1e801a139fa8dc7be9f0eff5ee0,"North Moon IW-005-FK Silicone Ion Digital Watch  - For Boys, Girls, Women",watches,north moon iw      fk silicone ion digital watch     boy   girl   woman    buy north moon iw      fk silicone ion digital watch     boy   girl   woman   iw      fk online rs      india flipkart com     great discount   genuine product      day replacement guarantee   free shipping   cash delivery,733aa1e801a139fa8dc7be9f0eff5ee0.jpg,"[[255 255 255 ... 255 255 255]
 [255 255 255 ... 255 255 255]
 [255 255 255 ... 255 255 255]
 ...
 [255 255 255 ... 253 253 252]
 [255 255 255 ... 253 253 253]
 [255 255 255 ... 253 253 253]]"
62c35de4df27437d3597963fac55a8b6,"Franck Bella FB74C Analog Watch  - For Boys, Men",watches,franck bella fb   c analog watch     boy   man    buy franck bella fb   c analog watch     boy   man   fb   c online rs      india flipkart com     great discount   genuine product      day replacement guarantee   free shipping   cash delivery,62c35de4df27437d3597963fac55a8b6.jpg,"[[255 255 255 ... 255 255 255]
 [255 255 255 ... 255 255 255]
 [255 255 255 ... 255 255 255]
 ...
 [255 255 255 ... 255 255 255]
 [255 255 255 ... 255 255 255]
 [255 255 255 ... 255 255 255]]"
33d97d63c037078cd3f08033966d6a88,Ridas Apl_led_black Apple Shape Digital Watch  - For Boys,watches,rida apl lead black apple shape digital watch     boy    buy rida apl lead black apple shape digital watch     boy   apl lead black online rs      india flipkart com     great discount   genuine product      day replacement guarantee   free shipping   cash delivery,33d97d63c037078cd3f08033966d6a88.jpg,"[[255 255 255 ... 255 255 255]
 [255 255 255 ... 255 255 255]
 [255 255 255 ... 255 255 255]
 ...
 [255 255 255 ... 255 255 255]
 [255 255 255 ... 255 255 255]
 [255 255 255 ... 255 255 255]]"
d7ca2b06b4f4d3b98c61c377b18a2d6b,"Skmei AD1057-Dark-Orange Sports Analog-Digital Watch  - For Men, Boys",watches,skmei ad      dark orange sport analog digital watch     man   boy    buy skmei ad      dark orange sport analog digital watch     man   boy   ad      dark orange online rs       india flipkart com   digital chronograph   alarm watch   light function   date    month display    great discount   genuine product      day replacement guarantee   free shipping   cash delivery,d7ca2b06b4f4d3b98c61c377b18a2d6b.jpg,"[[255 255 255 ... 255 255 255]
 [255 255 255 ... 255 255 255]
 [255 255 255 ... 255 255 255]
 ...
 [255 255 255 ... 255 255 255]
 [255 255 255 ... 255 255 255]
 [255 255 255 ... 255 255 255]]"
f74476ba64365d97a5be7d375cbf4c7a,Now SP-ETHNIC Analog Watch  - For Boys,watches,sp ethnic analog watch     boy    buy sp ethnic analog watch     boy   sp ethnic online rs      india flipkart com     great discount   genuine product      day replacement guarantee   free shipping   cash delivery,f74476ba64365d97a5be7d375cbf4c7a.jpg,"[[255 255 255 ... 255 255 255]
 [255 255 255 ... 255 255 255]
 [255 255 255 ... 255 255 255]
 ...
 [255 255 255 ... 255 255 255]
 [255 255 255 ... 255 255 255]
 [255 255 255 ... 255 255 255]]"
fda50982a672ef8835de5c1cc86f8bfc,"Franck Bella FB127A Analog Watch  - For Boys, Men",watches,franck bella fb    analog watch     boy   man    buy franck bella fb    analog watch     boy   man   fb    online rs      india flipkart com     great discount   genuine product      day replacement guarantee   free shipping   cash delivery,fda50982a672ef8835de5c1cc86f8bfc.jpg,"[[255 255 255 ... 255 255 255]
 [255 255 255 ... 255 255 255]
 [255 255 255 ... 255 255 255]
 ...
 [255 255 255 ... 255 255 255]
 [255 255 255 ... 255 255 255]
 [255 255 255 ... 255 255 255]]"
4788f5466992da09024b8ffcc8a5cba4,"Skmei DG0939-Red Sports Digital Watch  - For Men, Boys",watches,skmei dg      red sport digital watch     man   boy    buy skmei dg      red sport digital watch     man   boy   dg      red online rs      india flipkart com   digital chronograph   alarm watch   light function   date    month display    great discount   genuine product      day replacement guarantee   free shipping   cash delivery,4788f5466992da09024b8ffcc8a5cba4.jpg,"[[255 255 255 ... 255 255 255]
 [255 255 255 ... 255 255 255]
 [255 255 255 ... 255 255 255]
 ...
 [255 255 255 ... 255 255 255]
 [255 255 255 ... 255 255 255]
 [255 255 255 ... 255 255 255]]"
653826cd53f1d9e2c086c0ac7846ef70,"fastrack 38015PL01 Analog Watch  - For Men, Boys",watches,fastrack       pl    analog watch     man   boy    buy fastrack       pl    analog watch     man   boy        pl    online rs       india flipkart com   stainless steel cover   hybrid case construction sportier rugged look increase shock resistance   high precision quartz analogue movement     great discount   genuine product      day replacement guarantee   free shipping   cash delivery,653826cd53f1d9e2c086c0ac7846ef70.jpg,"[[255 255 255 ... 255 255 255]
 [255 255 255 ... 255 255 255]
 [255 255 255 ... 255 255 255]
 ...
 [255 255 255 ... 255 255 255]
 [255 255 255 ... 255 255 255]
 [255 255 255 ... 255 255 255]]"
3c74db45cbfc14a78b8466dca494b3bb,"Alfajr WQ18 Qibla Compass Digital Watch  - For Men, Boys, Girls",watches,alfajr wq    qibla compass digital watch     man   boy   girl    buy alfajr wq    qibla compass digital watch     man   boy   girl   wq    online rs       india flipkart com   qibla compass   light   azan time calculation    great discount   genuine product      day replacement guarantee   free shipping   cash delivery,3c74db45cbfc14a78b8466dca494b3bb.jpg,"[[255 255 255 ... 255 255 255]
 [255 255 255 ... 255 255 255]
 [255 255 255 ... 255 255 255]
 ...
 [255 255 255 ... 255 255 255]
 [255 255 255 ... 255 255 255]
 [255 255 255 ... 255 255 255]]"
4aa047f14885c74f155ce5f973e14dff,"Disney 98189 Analog Watch  - For Boys, Girls",watches,disney        analog watch     boy   girl    buy disney        analog watch     boy   girl         online rs      india flipkart com     great discount   genuine product      day replacement guarantee   free shipping   cash delivery,4aa047f14885c74f155ce5f973e14dff.jpg,"[[254 255 255 ... 255 255 255]
 [254 255 255 ... 255 255 255]
 [254 255 255 ... 255 255 255]
 ...
 [254 254 254 ... 255 255 255]
 [254 254 254 ... 255 255 255]
 [254 254 254 ... 255 255 255]]"
7c4fec2331da8d40f2cb146eb198cb57,Disney DW100405 Digital Watch  - For Boys,watches,disney dw        digital watch     boy    buy disney dw        digital watch     boy   dw        online rs       india flipkart com     great discount   genuine product      day replacement guarantee   free shipping   cash delivery,7c4fec2331da8d40f2cb146eb198cb57.jpg,"[[255 255 255 ... 255 255 255]
 [255 255 255 ... 255 255 255]
 [255 255 255 ... 255 255 255]
 ...
 [255 255 255 ... 255 255 255]
 [255 255 255 ... 255 255 255]
 [255 255 255 ... 255 255 255]]"
b52073e7ed9c00c4108cae4eb0c49c1a,"Vizion 8502-7PURPLE Sports Series Digital Watch  - For Boys, Girls",watches,"vizion        purple sport series digital watch     boy   girl 
                          price   rs     
				
			 brand   vizion sport series watch kid    year manufacturer warranty digital display automatic movement metal case solid body   dial shape round dial dimension    mm   strap material silicone   strap width    mm water resistant night display cold backlight   daily alarm hour minute second   date week display         hour format attractive brand packaging   tuff plastic box note   case non receipt warranty card   intimate     hour disclaimer   product color slightly vary photographic lighting source monitor setting   image enlarge well view 
 brand   vizion sport series watch kid    year manufacturer warranty digital display automatic movement metal case solid body   dial shape round dial dimension    mm   strap material silicone   strap width    mm water resistant night display cold backlight   daily alarm hour minute second   date week display         hour format attractive brand packaging   tuff plastic box note   case non receipt warranty card   intimate     hour disclaimer   product color slightly vary photographic lighting source monitor setting   image enlarge well view",b52073e7ed9c00c4108cae4eb0c49c1a.jpg,"[[255 255 255 ... 255 255 255]
 [255 255 255 ... 255 255 255]
 [255 255 255 ... 255 255 255]
 ...
 [255 255 255 ... 255 255 255]
 [255 255 255 ... 255 255 255]
 [255 255 255 ... 255 255 255]]"
ee8d9ff65e0fe4278afce7c933d30941,"Elantra S 10 Analog Watch  - For Boys, Men",watches,elantra s     analog watch     boy   man    buy elantra s     analog watch     boy   man   s     online rs      india flipkart com     great discount   genuine product      day replacement guarantee   free shipping   cash delivery,ee8d9ff65e0fe4278afce7c933d30941.jpg,"[[255 255 255 ... 255 255 255]
 [255 255 255 ... 255 255 255]
 [255 255 255 ... 255 255 255]
 ...
 [255 255 255 ... 255 255 255]
 [255 255 255 ... 255 255 255]
 [255 255 255 ... 255 255 255]]"
788dc3a3da91c0f46a7c465e07f91dd4,"Marvel DW100243 Digital Watch  - For Boys, Girls",watches,marvel dw        digital watch     boy   girl    buy marvel dw        digital watch     boy   girl   dw        online rs      india flipkart com   buckle clasp   multi color strap   contemporary dial    great discount   genuine product      day replacement guarantee   free shipping   cash delivery,788dc3a3da91c0f46a7c465e07f91dd4.jpg,"[[255 255 255 ... 255 255 255]
 [255 255 255 ... 255 255 255]
 [255 255 255 ... 255 255 255]
 ...
 [255 255 255 ... 255 255 255]
 [255 255 255 ... 255 255 255]
 [255 255 255 ... 255 255 255]]"
29b1ca231e10d5269516b80bf9d0dffc,"Lenco Bdblue Tango Analog Watch  - For Men, Boys",watches,lenco bdblue tango analog watch     man   boy    buy lenco bdblue tango analog watch     man   boy   bdblue online rs      india flipkart com   sport watch   casual watch   big size dial   colourful strap    great discount   genuine product      day replacement guarantee   free shipping   cash delivery,29b1ca231e10d5269516b80bf9d0dffc.jpg,"[[254 254 254 ... 254 254 254]
 [254 254 254 ... 254 254 254]
 [254 254 254 ... 254 254 254]
 ...
 [254 254 254 ... 254 254 254]
 [254 254 254 ... 254 254 254]
 [254 254 254 ... 254 254 254]]"
8b268c1e68f198ae2e934717d49f48e9,"D'Signer 681GM_WHT Analog Watch  - For Men, Boys",watches,d signer     gm wht analog watch     man   boy    buy d signer     gm wht analog watch     man   boy      gm wht online rs       india flipkart com     great discount   genuine product      day replacement guarantee   free shipping   cash delivery,8b268c1e68f198ae2e934717d49f48e9.jpg,"[[255 255 255 ... 255 255 255]
 [255 255 255 ... 255 255 255]
 [255 255 255 ... 255 255 255]
 ...
 [255 255 255 ... 255 255 255]
 [255 255 255 ... 255 255 255]
 [255 255 255 ... 255 255 255]]"
b85f8843bb1c297dd5712f0bd287006d,SANTOSH ROYAL FASHION Cotton Embroidered Diwan Set,home furnishing,key feature santosh royal fashion cotton embroider diwan set color   multicolor content     diwan sheet length     cm cushion cover length     cm santosh royal fashion cotton embroider diwan set price   r       add oodle style home exciting range designer furniture   furnishing   decor item kitchenware   promise deliver good quality product good price   specification santosh royal fashion cotton embroider diwan set general brand santosh royal fashion material cotton pattern embroider style code dsnsan     color multicolor dimension bolster cover length     inch       cm cushion cover width     inch       cm diwan sheet length     inch        cm cushion cover length     inch       cm diwan sheet width     inch        cm box number content sale package pack    sale package    diwan sheet    cushion cover     bolster cover additional feature fabric care machine washable   soak,b85f8843bb1c297dd5712f0bd287006d.jpg,"[[172 173 173 ... 166 165 165]
 [173 173 174 ... 168 167 167]
 [174 174 175 ... 171 170 170]
 ...
 [ 49  47  45 ... 115 117 118]
 [ 51  49  48 ... 112 115 118]
 [ 49  46  45 ... 110 113 117]]"
a4b09aa7927c59fbb39960b3d7919909,House This Queen Cotton Duvet Cover,home furnishing,key feature house queen cotton duvet cover material       cotton outer inner polyfill thrade       dimension   duvet cover     x     cms    double duvet cover specification house queen cotton duvet cover   grey   general brand house closure button design code p       material cotton pattern print thread count      style code dco smart stripe black grey size queen color grey dimension length      inch        cm width     inch        cm box number content sale package pack    fabric care machine washable   soak additional feature reversible,a4b09aa7927c59fbb39960b3d7919909.jpg,"[[210 210 211 ... 248 249 249]
 [210 211 211 ... 249 249 249]
 [210 211 211 ... 249 249 249]
 ...
 [112 111 110 ...  97 101 103]
 [112 111 110 ...  94  96  98]
 [111 111 111 ...  94  94  96]]"
81e739c7f3be737152f2e6f520e3494b,Riva Carpets Cotton Free Bath Mat Classic Loop Shag Bathmat_RI-527,home furnishing,buy riva carpet cotton free bath mat classic loop shag bathmat ri      rs        flipkart com   genuine product   free shipping   cash delivery,81e739c7f3be737152f2e6f520e3494b.jpg,"[[255 255 255 ... 255 255 255]
 [255 255 255 ... 255 255 255]
 [255 255 255 ... 255 255 255]
 ...
 [255 255 255 ... 255 255 255]
 [255 255 255 ... 255 255 255]
 [255 255 255 ... 255 255 255]]"
f0938b0d88eac91deee6d5add54097d3,Myesquire Ceramic Burner Pot Lemongrass Liquid Air Freshener,home decor & festive needs,"myesquire ceramic burner pot lemongrass liquid air freshener      ml 
                          price   r     
				
			 illuminate corner living room style home fragrance electric burner combo fragrance bring myesquire   unique   useful value money product home decoration fragrance   unique combo contain aroma burner accessory ready use    small      tea spoon aroma oil bowl surface light tea light minute oil heat   fragrance spread room   set enjoy captivating aroma   away child surface hot 
 illuminate corner living room style home fragrance electric burner combo fragrance bring myesquire   unique   useful value money product home decoration fragrance   unique combo contain aroma burner accessory ready use    small      tea spoon aroma oil bowl surface light tea light minute oil heat   fragrance spread room   set enjoy captivating aroma   away child surface hot",f0938b0d88eac91deee6d5add54097d3.jpg,"[[255 255 255 ... 255 255 255]
 [255 255 255 ... 255 255 255]
 [255 255 255 ... 255 255 255]
 ...
 [255 255 255 ... 255 255 255]
 [255 255 255 ... 255 255 255]
 [255 255 255 ... 255 255 255]]"
e9420e9483f16db81c64dddf99f34841,Dungri India Craft Ducjug010-ducgl012-2 Jug Glass Set,kitchen & dining,key feature dungri india craft ducjug     ducgl       jug glass set jug   height     inch   dia        inch   depth      inch   width    inch capacity       ml   weight        gram dungri india craft ducjug     ducgl       jug glass set   copper   price   rs         copper utensil serve copper ware help prevent spread disease   test show        bacteria copper alloy surface        great copper content   eliminate    hour exposure   accord research southampton university u k    mrsa microbe remain alive stainless steel surface day   microbe copper surface eliminate     minute   copper serve ware prefer durable excellent characteristic   ageless use copper bear testimony myriad virtue everlasting appeal   therapeutic value hand age   fact   water store copper ware virtually elixir life   purify   help regulate digestion cardiac order   basis good health   practice ayurveda rishit old vedic times     care tip      clean copperware hand avoid dishwasher detergent cause oxidation lead permanat damage     use solution equal quantity vinegar lemon juice salt dilute water time don t use regularly     avoid scratchy cleaner like steel wool     simple   soft clean liquid soap base   hot water soft washing cloth good daily use   specification dungri india craft ducjug     ducgl       jug glass set   copper   general brand dungri india craft number glass    model number ducjug     ducgl       type jug glass set glass shape tumbler material copper capacity glass      ml jug capacity      l color gold dimension jug height      mm glass diameter     mm jug depth      mm dimension glass   dia        height        capacity        ml   weight       gram box    jug    glass set additional feature microwave safe care instruction well washing result wash pitambari cleaning power,e9420e9483f16db81c64dddf99f34841.jpg,"[[255 255 255 ... 255 255 255]
 [255 255 255 ... 255 255 255]
 [255 255 255 ... 255 255 255]
 ...
 [255 255 255 ... 255 255 255]
 [255 255 255 ... 255 255 255]
 [255 255 255 ... 255 255 255]]"
a3dea07b2f7bf48276d32513091be717,BFT 6 W LED Bulb,kitchen & dining,key feature bft    w lead bulb pack    bulb bft    w lead bulb   white   price   rs       introduce new technology lead lighting lead filament   well suited chandelier table lamp light fixture general spread light      degree specification bft    w lead bulb   white   general brand bft model number bftcw   body design feature material glass bulb base b    lighting feature light color white bulb type lead luman      power feature power consumption    w box sale package    bulb pack  ,a3dea07b2f7bf48276d32513091be717.jpg,"[[253 253 253 ... 253 253 253]
 [253 253 253 ... 253 253 253]
 [253 253 253 ... 253 253 253]
 ...
 [253 253 253 ... 253 253 253]
 [253 253 253 ... 253 253 253]
 [253 253 253 ... 253 253 253]]"
66191b4a311b5d9babfc00a71ef97c5b,JMD Printed Cushions Cover,home furnishing,key feature jmd print cushion cover print    x   cm size cotton specification jmd print cushion cover   pack        cm     cm   multicolor   general brand jmd suitable cushion design code c    type square material cotton style code c    pattern print color multicolor dimension height     inch       cm width     inch       cm additional feature reversible box number content sale package pack    sale package cushion pillow cover,66191b4a311b5d9babfc00a71ef97c5b.jpg,"[[255 255 255 ... 255 255 255]
 [255 255 255 ... 255 255 255]
 [255 255 255 ... 255 255 255]
 ...
 [255 255 255 ... 247 255 255]
 [255 255 255 ... 255 255 255]
 [255 255 255 ... 255 255 255]]"
90e56526f4c5892beac49f262b85150a,Mom and Kid Baby Girl's Printed Green Top & Pyjama Set,baby care,key feature mom kid baby girl s print green    pyjama set fabric   cotton brand color   green mom kid baby girl s print green    pyjama set price   rs       girl pyjama set specification mom kid baby girl s print green    pyjama set general detail pattern print ideal baby girl s night suit detail fabric cotton type    pyjama set neck round neck box       pyjama set,90e56526f4c5892beac49f262b85150a.jpg,"[[254 247 227 ... 255 255 255]
 [254 246 227 ... 255 255 255]
 [255 245 228 ... 255 255 255]
 ...
 [255 255 255 ... 255 255 255]
 [255 255 255 ... 255 255 255]
 [255 255 255 ... 255 255 255]]"
a79117ea49a0533f641facdb4c99f502,Kripa's Printed Cushions Cover,home furnishing,key feature kripa s print cushion cover length     cm width     cm specification kripa s print cushion cover   pack        cm     cm   grey   general brand kripa s suitable cushion design code cc mh     type square material cotton style code cc mh     pattern print color grey dimension height     inch       cm width     inch       cm additional feature reversible yes box number content sale package pack  ,a79117ea49a0533f641facdb4c99f502.jpg,"[[255 255 255 ... 255 255 255]
 [255 255 255 ... 255 255 255]
 [255 255 255 ... 255 255 255]
 ...
 [255 255 255 ... 255 255 255]
 [255 255 255 ... 255 255 255]
 [255 255 255 ... 255 255 255]]"
5325213d84c80ad310b6e4b37a1ac824,"Mom and Kid Baby Girl's Printed Blue, Grey Top & Pyjama Set",baby care,key feature mom kid baby girl s print blue   grey    pyjama set fabric   cotton brand color   blue   grey mom kid baby girl s print blue   grey    pyjama set price   rs       girl pyjamaset specification mom kid baby girl s print blue   grey    pyjama set general detail pattern print ideal baby girl s night suit detail number content sale package pack    fabric cotton type    pyjama set neck round nack box       pyjama set,5325213d84c80ad310b6e4b37a1ac824.jpg,"[[255 255 255 ... 255 255 255]
 [255 255 255 ... 255 255 255]
 [255 255 255 ... 255 255 255]
 ...
 [255 255 255 ... 255 255 255]
 [255 255 255 ... 255 255 255]
 [255 255 255 ... 255 255 255]]"
2d50e4c6ccf8befe9335ac8f97a11712,Burt s Bees Hair Repair Shea And Grapefruit Deep Conditioner,beauty and personal care,key feature burt s bee hair repair shea grapefruit deep conditioner ideal   boy   girl apply   deep conditioning hair condition   damage hair hair type   dry hair specification burt s bee hair repair shea grapefruit deep conditioner         ml   conditioner trait hair condition damage hair hair type dry hair apply deep conditioning ideal boy   girl general trait brand burt s bee quantity        ml model hair repair shea grapefruit deep conditioner box    conditioner,2d50e4c6ccf8befe9335ac8f97a11712.jpg,"[[255 255 254 ... 242 249 254]
 [255 254 254 ... 237 248 253]
 [255 255 254 ... 233 247 253]
 ...
 [255 255 255 ... 255 255 255]
 [255 255 255 ... 255 255 255]
 [255 255 255 ... 255 255 255]]"
8050d31bffe6827c804b8222338aafb2,AKUP i-loves-music Ceramic Mug,kitchen & dining,key feature akup love music ceramic mug pack    mug akup love music ceramic mug       ml   price   rs       akup ceramic coffee mug give good quality print mug gift love one   provide good quality product pack   coffee mug ceramic clay volume capacity     ml   buy moment unforgettable forever   specification product dimension   mug    height       cms   diameter     cms   item type   coffee mug color   multi color material   clay finish   glossy specialty   lovely style wash care   remove dirt soft fabric clean wipe moist cloth   disclaimer   fine design   pattern color tone product vary slightly show image     compromise quality   brand   akup design    co specification akup love music ceramic mug       ml   general type mug mug capacity      ml material ceramic freezer safe yes microwave safe dimension diameter    mm weight      g height      mm depth    mm box sale package    mug,8050d31bffe6827c804b8222338aafb2.jpg,"[[255 255 255 ... 255 255 255]
 [255 255 255 ... 255 255 255]
 [255 255 255 ... 255 255 255]
 ...
 [255 255 255 ... 255 255 255]
 [255 255 255 ... 255 255 255]
 [255 255 255 ... 255 255 255]]"
493d1eb6ad7a48a926092bf994cd0bb0,AKUP i-love-my-mom Ceramic Mug,kitchen & dining,key feature akup love mom ceramic mug pack    mug akup love mom ceramic mug       ml   price   rs       akup ceramic coffee mug give good quality print mug gift love one   provide good quality product pack   coffee mug ceramic clay volume capacity     ml   buy moment unforgettable forever   specification product dimension   mug    height       cms   diameter     cms   item type   coffee mug color   multi color material   clay finish   glossy specialty   lovely style wash care   remove dirt soft fabric clean wipe moist cloth   disclaimer   fine design   pattern color tone product vary slightly show image     compromise quality   brand   akup design    co specification akup love mom ceramic mug       ml   general type mug mug capacity      ml material ceramic freezer safe yes microwave safe dimension diameter    mm weight      g height      mm depth    mm box sale package    mug,493d1eb6ad7a48a926092bf994cd0bb0.jpg,"[[255 255 255 ... 255 255 255]
 [255 255 255 ... 255 255 255]
 [255 255 255 ... 255 255 255]
 ...
 [255 255 255 ... 255 255 255]
 [255 255 255 ... 255 255 255]
 [255 255 255 ... 255 255 255]]"
3388d05e88972ff9f3e1321dc0cfdc28,AKUP keep-calm Ceramic Mug,kitchen & dining,key feature akup calm ceramic mug pack    mug akup calm ceramic mug       ml   price   rs       akup ceramic coffee mug give good quality print mug gift love one   provide good quality product pack   coffee mug ceramic clay volume capacity     ml   buy moment unforgettable forever   specification product dimension   mug    height       cms   diameter     cms   item type   coffee mug color   multi color material   clay finish   glossy specialty   lovely style wash care   remove dirt soft fabric clean wipe moist cloth   disclaimer   fine design   pattern color tone product vary slightly show image     compromise quality   brand   akup design    co specification akup calm ceramic mug       ml   general type mug mug capacity      ml material ceramic freezer safe yes microwave safe dimension diameter    mm weight      g height      mm depth    mm box sale package    mug,3388d05e88972ff9f3e1321dc0cfdc28.jpg,"[[255 255 255 ... 255 255 255]
 [255 255 255 ... 255 255 255]
 [255 255 255 ... 255 255 255]
 ...
 [255 255 255 ... 255 255 255]
 [255 255 255 ... 255 255 255]
 [255 255 255 ... 255 255 255]]"
d1899ab1d5c79ddaa311bc9f04d198ed,D-Link DAP1320,computers,key feature d link dap      qrs app io android   specification d link dap       white   speed wireless speed      mbps dsl modem speed      mbps general brand d link box extender plug model dap      type range extender repeater color white warranty cover warranty damage warranty summary   year service type damage cover warranty damage repair dimension weight     g connectivity number antennae    number usb port    antennae internal support protocol standard ieee ieee        n g b operating condition operate humidity operate            non condense     storage           non condense temperature operating          c            f    storage            c            f   degree c additional feature certification fcc   ic   ce,d1899ab1d5c79ddaa311bc9f04d198ed.jpg,"[[255 255 255 ... 255 255 255]
 [255 255 255 ... 255 255 255]
 [255 255 255 ... 255 255 255]
 ...
 [255 255 255 ... 255 255 255]
 [255 255 255 ... 255 255 255]
 [255 255 255 ... 255 255 255]]"
e7cab08a267e815c72a26513222783e0,AKUP league-of-legends Ceramic Mug,kitchen & dining,key feature akup league legend ceramic mug pack    mug akup league legend ceramic mug       ml   price   rs       akup ceramic coffee mug give good quality print mug gift love one   provide good quality product pack   coffee mug ceramic clay volume capacity     ml   buy moment unforgettable forever   specification product dimension   mug    height       cms   diameter     cms   item type   coffee mug color   multi color material   clay finish   glossy specialty   lovely style wash care   remove dirt soft fabric clean wipe moist cloth   disclaimer   fine design   pattern color tone product vary slightly show image     compromise quality   brand   akup design    co specification akup league legend ceramic mug       ml   general type mug mug capacity      ml material ceramic freezer safe yes microwave safe dimension diameter    mm weight      g height      mm depth    mm box sale package    mug,e7cab08a267e815c72a26513222783e0.jpg,"[[255 255 255 ... 255 255 255]
 [255 255 255 ... 255 255 255]
 [255 255 255 ... 255 255 255]
 ...
 [255 255 255 ... 255 255 255]
 [255 255 255 ... 255 255 255]
 [255 255 255 ... 255 255 255]]"
02a53d335775b652f22f41b529b9d646,Suave Naturals Everlasting Sunshine Conditioner,beauty and personal care,key feature suave natural everlasting sunshine conditioner ideal   boy   girl apply   conditioning hair condition   damage hair hair type   dry hair specification suave natural everlasting sunshine conditioner       ml   conditioner trait hair condition damage hair hair type dry hair apply condition ideal boy   girl general trait brand suave quantity      ml model natural everlasting sunshine conditioner box    conditioner,02a53d335775b652f22f41b529b9d646.jpg,"[[255 255 255 ... 255 255 255]
 [255 255 255 ... 255 255 255]
 [255 255 255 ... 255 255 255]
 ...
 [255 255 255 ... 255 255 255]
 [255 255 255 ... 255 255 255]
 [255 255 255 ... 255 255 255]]"
69446af66066146718cd569f87e99fff,AKUP life-is-not-living Ceramic Mug,kitchen & dining,key feature akup life live ceramic mug pack    mug akup life live ceramic mug       ml   price   rs       akup ceramic coffee mug give good quality print mug gift love one   provide good quality product pack   coffee mug ceramic clay volume capacity     ml   buy moment unforgettable forever   specification product dimension   mug    height       cms   diameter     cms   item type   coffee mug color   multi color material   clay finish   glossy specialty   lovely style wash care   remove dirt soft fabric clean wipe moist cloth   disclaimer   fine design   pattern color tone product vary slightly show image     compromise quality   brand   akup design    co specification akup life live ceramic mug       ml   general type mug mug capacity      ml material ceramic freezer safe yes microwave safe dimension diameter    mm weight      g height      mm depth    mm box sale package    mug,69446af66066146718cd569f87e99fff.jpg,"[[255 255 255 ... 255 255 255]
 [255 255 255 ... 255 255 255]
 [255 255 255 ... 255 255 255]
 ...
 [255 255 255 ... 255 255 255]
 [255 255 255 ... 255 255 255]
 [255 255 255 ... 255 255 255]]"
b4d35b6536b623c83b293eb3a1c02bba,RoQ Slim Multimedia 105key Flexible Wired USB Flexible Keyboard,computers,key feature roq slim multimedia     key flexible wire usb flexible keyboard size   handheld roq slim multimedia     key flexible wire usb flexible keyboard   white   price   rs       work environment   fit easily briefcase backpack   keyboard clean water   alcohol disinfectant help prevent spread disease germ   suitable public place use school   restaurant   hospital clean keyboard requirement   seal keyboard easily clean   good use dusty area factory   outdoor   quiet keystroke good match library use   keyboard   push key tiny bit hard output   dustproof washable usb plug weight       lbs      g   operation temperature     c      c   storage temperature     c       c specification roq slim multimedia     key flexible wire usb flexible keyboard   white   general specification interface wire usb brand roq model slim multimedia     key flexible sale package    keyboard type flexible keyboard model slim multimedia flexible keyboard color white size handheld warranty cover warranty manufacturing damage warranty summary     day s replacement warranty service type replacement cover warranty physical damage,b4d35b6536b623c83b293eb3a1c02bba.jpg,"[[255 255 255 ... 255 255 255]
 [255 255 255 ... 255 255 255]
 [255 255 255 ... 255 255 255]
 ...
 [255 255 255 ... 255 255 255]
 [255 255 255 ... 255 255 255]
 [255 255 255 ... 255 255 255]]"
f01140c02fd09e5c56312a64fa8db3da,Cookart Elegant S.S. Handi With Hot Pot Pack of 4 Casserole Set,kitchen & dining,key feature cookart elegant s s   handi hot pot pack    casserole set pack    cook serve casserole cookart elegant s s   handi hot pot pack    casserole set        ml        l   price   rs       cookart introduce perfect fusion style durability      piece stainless steel casserole    handi set perfect addition kitchen   set fine quality stainless steel material   high quality material care health hygiene   handi capacity         ml        ml     l specification cookart elegant s s   handi hot pot pack    casserole set        ml        l   care use feature microwave safe general brand cookart casserole type cook serve casserole model number ech   type casserole set model elegant s s   handi hot pot material stainless steel capacity       ml        l color silver body design feature lid include yes non stick coating box sale package    casserole     handi pack  ,f01140c02fd09e5c56312a64fa8db3da.jpg,"[[255 255 255 ... 255 255 255]
 [255 255 255 ... 255 255 255]
 [255 255 255 ... 255 255 255]
 ...
 [255 255 255 ... 255 255 255]
 [255 255 255 ... 255 255 255]
 [255 255 255 ... 255 255 255]]"
6329ddb46087cb8c09ced95471dd9643,JRB 1038 Smallest Mobile Powered By OTG Enabled Android Smart Phone Portable 1038 USB Fan,computers,key feature jrb       small mobile power otg enable android smart phone portable       usb fan system requirement   otg enable android smart phone material   plastic specification jrb       small mobile power otg enable android smart phone portable       usb fan   multicolor   general brand jrb type usb fan model       small mobile power otg enable android smart phone material plastic system requirement otg enable android smart phone model d portable       color multicolor box sale package    micro usb fan,6329ddb46087cb8c09ced95471dd9643.jpg,"[[253 252 251 ... 255 255 255]
 [253 252 251 ... 255 255 255]
 [251 249 247 ... 255 255 255]
 ...
 [255 255 255 ... 255 255 255]
 [255 255 255 ... 255 255 255]
 [255 255 255 ... 255 255 255]]"
7e6ae1b372e8e0b509b83ba3658b8107,JRB 1033 Smallest Mobile Powered By OTG Enabled Android Smart Phone Portable 1033 USB Fan,computers,key feature jrb       small mobile power otg enable android smart phone portable       usb fan system requirement   otg enable android smart phone material   plastic specification jrb       small mobile power otg enable android smart phone portable       usb fan   multicolor   general brand jrb type usb fan system requirement otg enable android smart phone material plastic model       small mobile power otg enable android smart phone model d portable       color multicolor box sale package    micro usb fan,7e6ae1b372e8e0b509b83ba3658b8107.jpg,"[[253 252 251 ... 255 255 255]
 [253 252 251 ... 255 255 255]
 [251 249 247 ... 255 255 255]
 ...
 [255 255 255 ... 255 255 255]
 [255 255 255 ... 255 255 255]
 [255 255 255 ... 255 255 255]]"
e2ae2af58ac50adf4881751ae84a9d8a,JRB 1042 Smallest Mobile Powered By OTG Enabled Android Smart Phone Portable 1042 USB Fan,computers,key feature jrb       small mobile power otg enable android smart phone portable       usb fan system requirement   otg enable android smart phone material   plastic specification jrb       small mobile power otg enable android smart phone portable       usb fan   multicolor   general brand jrb type usb fan system requirement otg enable android smart phone material plastic model       small mobile power otg enable android smart phone model d portable       color multicolor box sale package    micro usb fan,e2ae2af58ac50adf4881751ae84a9d8a.jpg,"[[253 252 251 ... 255 255 255]
 [253 252 251 ... 255 255 255]
 [251 249 247 ... 255 255 255]
 ...
 [255 255 255 ... 255 255 255]
 [255 255 255 ... 255 255 255]
 [255 255 255 ... 255 255 255]]"
24e85c590481a7cedfe66597f253f2b2,Borse N16 Make Up And Jewellery Vanity Case,beauty and personal care,buy borse n    jewellery vanity case r      online   borse n    jewellery vanity case good price free shipping    cash delivery   genuine product      day replacement guarantee,24e85c590481a7cedfe66597f253f2b2.jpg,"[[255 255 255 ... 255 255 255]
 [255 255 255 ... 255 255 255]
 [255 255 255 ... 255 255 255]
 ...
 [255 255 255 ... 255 255 255]
 [255 255 255 ... 255 255 255]
 [255 255 255 ... 255 255 255]]"
5e84d36ad6db970548498829db8b15de,RYTHMX FB NAIL POLISHES BLACK LIPSTICKS IMPORTANT COMBO 51,beauty and personal care,specification rythmx fb nail polish black lipstick important combo      set     combo set detail number content combo set    combo set content    nail polish     lipstick organic yes ideal woman general trait professional care yes warranty use lipstick exchange    return,5e84d36ad6db970548498829db8b15de.jpg,"[[255 255 255 ... 255 255 255]
 [255 255 255 ... 255 255 255]
 [255 255 255 ... 255 255 255]
 ...
 [255 254 253 ... 109 159 198]
 [255 255 255 ... 205 224 237]
 [255 255 255 ... 253 254 255]]"
3c4604dba348a99a2dfbbc2cd3928101,RYTHMX FB NAIL POLISHES BLACK LIPSTICKS IMPORTANT COMBO 60,beauty and personal care,key feature rythmx fb nail polish black lipstick important combo        hour stay india soft    smooth creamy matte rythmx fb nail polish black lipstick important combo      set     price   rs       rythmx good quality intense fashionable color come chic vivid shade ultra creamy texture glide smoothly    cover crease   specification rythmx fb nail polish black lipstick important combo      set     combo set detail number content combo set    combo set content    nail polish     lipstick organic yes ideal woman general trait professional care yes warranty use lipstick exchange    return,3c4604dba348a99a2dfbbc2cd3928101.jpg,"[[255 255 255 ... 255 255 255]
 [255 255 255 ... 255 255 255]
 [255 255 255 ... 255 255 255]
 ...
 [255 254 250 ... 103 149 186]
 [255 255 255 ... 196 218 231]
 [255 255 255 ... 245 253 254]]"
0abfcbe0e17dd50c4cf5fb1d6037d514,Brillare Science Dandruff Control Shampoo & Intenso Creme Combo,beauty and personal care,specification brillare science dandruff control shampoo    intenso creme combo   set   combo set detail combo set content    dandruff control shampoo     ml     dandruff control intenso creme     g ideal woman   man organic general trait professional care yes,0abfcbe0e17dd50c4cf5fb1d6037d514.jpg,"[[255 255 255 ... 239 243 247]
 [255 255 255 ... 230 237 244]
 [255 255 255 ... 220 231 241]
 ...
 [254 253 250 ... 255 255 255]
 [255 255 254 ... 255 255 255]
 [255 255 255 ... 255 255 255]]"
4a1b23dacd7d2a9ec7414f7159f25a48,"Mars Queen Eye Liner, Lip Gloss, EyeLiner",beauty and personal care,mars queen eye liner   lip gloss   eyeliner   set     price   rs         queen eye liner     lip gloss     eyeliner specification mars queen eye liner   lip gloss   eyeliner   set     combo set detail number content combo set    combo set content    queen eye liner     lip gloss     eyeliner ideal woman organic general trait professional care yes gift pack yes,4a1b23dacd7d2a9ec7414f7159f25a48.jpg,"[[254 254 248 ... 255 255 255]
 [239 228 208 ... 255 255 255]
 [201 173 132 ... 255 255 255]
 ...
 [255 255 255 ... 255 255 255]
 [255 255 255 ... 255 255 255]
 [255 255 255 ... 255 255 255]]"
95330f6f0f44d17b918feec36bedcdef,RYTHMX FB NAIL POLISHES BLACK LIPSTICKS IMPORTANT COMBO 47,beauty and personal care,specification rythmx fb nail polish black lipstick important combo      set     combo set detail number content combo set    combo set content    nail polish     lipstick organic yes ideal woman general trait professional care yes warranty use lipstick exchange    return,95330f6f0f44d17b918feec36bedcdef.jpg,"[[255 255 255 ... 255 255 255]
 [255 255 255 ... 255 255 255]
 [255 255 255 ... 255 255 255]
 ...
 [255 253 240 ... 107 157 195]
 [255 255 255 ... 205 223 237]
 [255 255 255 ... 254 254 255]]"
66a5a21ea332aefcc7b90dbad94053aa,Aroma Care Intense Color Nail Polish Combo 175057 49.5 ml,beauty and personal care,specification aroma care intense color nail polish combo              ml   multicolor    nail polish trait quantity       ml shade multicolor   organic yes warranty use exchange return additional trait exchange   return   warranty   color fidelity color display indicative precise representation actual shade variance monitor calibration resolution screen setting   box    nail polishs,66a5a21ea332aefcc7b90dbad94053aa.jpg,"[[255 255 255 ... 255 255 255]
 [255 255 255 ... 255 255 255]
 [255 255 255 ... 255 255 255]
 ...
 [255 252 247 ... 204 240 252]
 [255 255 255 ... 230 249 254]
 [255 255 255 ... 243 253 255]]"
f4e7f269319ba9cf5507a9e2febacbf5,KOHL Wine Bag Yellow,baby care,key feature kohl wine bag yellow easy carry giftbags jutebag bits bob specification kohl wine bag yellow   yellow   general brand kohl insulate type bottle cover series wine bag material jute washable yes model wine bag yellow ideal boy   girl model d    color yellow size large box number content sale package    sale package bottle cover additional feature easy carry   giftbag   jutebag   bit bob,f4e7f269319ba9cf5507a9e2febacbf5.jpg,"[[255 255 255 ... 255 255 255]
 [255 255 255 ... 255 255 255]
 [255 255 255 ... 255 255 255]
 ...
 [255 255 255 ... 254 255 255]
 [255 255 255 ... 254 255 255]
 [255 255 255 ... 255 255 255]]"
80e9cb3d2d7f9ff7bc497c34df366d03,Shopmania Happy Birthday Gift For Starting Letter Q Ceramic Mug,kitchen & dining,specification shopmania happy birthday gift start letter q ceramic mug       ml   general type mug mug capacity      ml material ceramic freezer safe yes microwave safe yes dimension diameter     mm weight      g height     mm width      mm depth     mm box sale package    mug,80e9cb3d2d7f9ff7bc497c34df366d03.jpg,"[[255 255 255 ... 255 255 255]
 [255 255 255 ... 255 255 255]
 [255 255 255 ... 255 255 255]
 ...
 [255 255 255 ... 255 255 255]
 [255 255 255 ... 255 255 255]
 [255 255 255 ... 255 255 255]]"
2baa415ebcc4fe563ce13b50e60efc1c,Shopmania Happy Birthday Gift For Starting Letter G Ceramic Mug,kitchen & dining,key feature shopmania happy birthday gift start letter g ceramic mug pack    mug specification shopmania happy birthday gift start letter g ceramic mug       ml   general type mug mug capacity      ml material ceramic freezer safe yes microwave safe yes dimension diameter     mm weight      g height     mm width      mm depth     mm box sale package    mug,2baa415ebcc4fe563ce13b50e60efc1c.jpg,"[[255 255 255 ... 255 255 255]
 [255 255 255 ... 255 255 255]
 [255 255 255 ... 255 255 255]
 ...
 [255 255 255 ... 255 255 255]
 [255 255 255 ... 255 255 255]
 [255 255 255 ... 255 255 255]]"
903d63e2b71d692ccd628e1de516516e,CHHOTE JANAB COZY MATTRESS PROTECTOR(SET OF 2),baby care,specification chhote janab cozy mattress protector set      multi   baby mattress feature material cotton general brand chhote janab type waterproof model cozy mattress protector set     pattern plain model d ed     color multi additional feature soft comfortable   waterproof   set     colour vary   box sale package    mattress,903d63e2b71d692ccd628e1de516516e.jpg,"[[255 255 255 ... 255 255 255]
 [255 255 255 ... 255 255 255]
 [255 255 255 ... 255 255 255]
 ...
 [243 224 193 ... 255 255 255]
 [255 248 237 ... 255 255 255]
 [255 255 254 ... 255 255 255]]"
707b160df4c4dece6cde52b222ce624b,Prime Printed 4 Seater Table Cover,home furnishing,key feature prime print    seater table cover length     inch      cm width     inch      cm prime print    seater table cover   multicolor   pvc   price   rs       prime center table cover print    seater specification prime print    seater table cover   multicolor   pvc   box number content sale package pack    general brand prime type table cover model        material pvc model d      color multicolor dimension weight      g length     inch        cm width     inch        cm seating capacity    seater,707b160df4c4dece6cde52b222ce624b.jpg,"[[255 255 255 ... 255 255 255]
 [255 255 255 ... 255 255 255]
 [255 255 255 ... 255 255 255]
 ...
 [255 255 255 ... 255 255 255]
 [255 255 255 ... 255 255 255]
 [255 255 255 ... 255 255 255]]"
ed9817e8960a6a0d509061c54cfe5ac1,SKI WINNER GIFT SET SKYBLUE02 2 Containers Lunch Box,kitchen & dining,specification ski winner gift set skyblue      container lunch box       ml   general series low model winner gift set skyblue    lunch box feature lunch box material plastic number container    lunch box capacity      ml box   lunch bos     ml     water bottle,ed9817e8960a6a0d509061c54cfe5ac1.jpg,"[[255 255 255 ... 255 255 255]
 [255 255 255 ... 255 255 255]
 [255 255 255 ... 255 255 255]
 ...
 [255 255 255 ... 255 255 255]
 [255 255 255 ... 255 255 255]
 [255 255 255 ... 255 255 255]]"
5a7a1287fef0d986a5e237797beee286,GAYATRI CREATIONS ORANGE KIDS SET 2 Containers Lunch Box,kitchen & dining,specification gayatri creation orange kid set    container lunch box       ml   general series good luck model orange kid set lunch box feature lunch box material plastic number container    lunch box capacity      ml box    lunch box     water bottle,5a7a1287fef0d986a5e237797beee286.jpg,"[[255 255 255 ... 255 255 255]
 [255 255 255 ... 255 255 255]
 [255 255 255 ... 255 255 255]
 ...
 [255 255 255 ... 255 255 255]
 [255 255 255 ... 255 255 255]
 [255 255 255 ... 255 255 255]]"
9ba898ecb77ab5a6799c8b047c6b6008,Caffeine Handmade Tribal Print Influenced Katori Bowl (Set of 2) Stoneware Bowl Set,kitchen & dining,key feature caffeine handmade tribal print influenced katori bowl   set     stoneware bowl set tip       handmade fine detail   dessert bowl vegetable   fruit   custard   snack etc   material   ceramic stoneware capacity      ml note   set    size            caffeine handmade tribal print influenced katori bowl   set     stoneware bowl set   orange   green   pack     price   rs       caffeine ceramic handmade tribal print influenced katori bowl   set     perfect product handmade tribal pottery art time elegant piece ceramic work   cute combination katori set    piece perfect glossy ceramic finish   beauty hand art field product   highlight serving dining elite sweet touch   love food   love kitchen definitely love modern approach pudding dessert bowl   serve guest meal sparkling appreciation fine hospitality   tip       handmade fine detail   dessert bowl vegetable   fruit   custard   snack etc   material   ceramic stoneware capacity      ml note   set    specification caffeine handmade tribal print influenced katori bowl   set     stoneware bowl set   orange   green   pack     general brand caffeine model number not     type bowl set model handmade tribal print influenced katori bowl   set     bowl type ice cream bowl   pudding bowl   fruit bowl   decorative bowl   soup bowl   vegetable bowl   sauce bowl freezer safe yes microwave safe yes color orange   green body design feature material stoneware box sale package    bowl pack  ,9ba898ecb77ab5a6799c8b047c6b6008.jpg,"[[255 255 255 ... 255 255 255]
 [255 255 255 ... 255 255 255]
 [255 255 255 ... 255 255 255]
 ...
 [255 255 255 ... 255 255 255]
 [255 255 255 ... 255 255 255]
 [255 255 255 ... 255 255 255]]"
f2658bad8c2b7d5b08984c6ac34267f7,Prime Printed 8 Seater Table Cover,home furnishing,key feature prime print    seater table cover length     inch      cm width     inch      cm prime print    seater table cover   multicolor   pvc   price   rs       prime dining table cover print    seater specification prime print    seater table cover   multicolor   pvc   box number content sale package pack    general brand prime type table cover model     p material pvc model d      color multicolor dimension weight      g length     inch        cm width     inch        cm seating capacity    seater,f2658bad8c2b7d5b08984c6ac34267f7.jpg,"[[255 255 255 ... 255 255 255]
 [255 255 255 ... 255 255 255]
 [255 255 255 ... 255 255 255]
 ...
 [255 255 255 ... 255 255 255]
 [255 255 255 ... 255 255 255]
 [255 255 255 ... 255 255 255]]"
afc3ebd18df498dd87abb7ad7536b5c7,Garnet Traveller 1500 ml Bottle,kitchen & dining,key feature garnet traveller       ml bottle stylish look quality material glass cap specification garnet traveller       ml bottle   pack     multicolor   general body material plastic type bottle box number content sale package pack    sale package    bottle combo       ml     pink     orange     blue,afc3ebd18df498dd87abb7ad7536b5c7.jpg,"[[255 255 255 ... 255 255 255]
 [255 255 255 ... 255 255 255]
 [255 255 254 ... 255 255 255]
 ...
 [255 255 255 ... 255 255 255]
 [255 255 255 ... 255 255 255]
 [255 255 255 ... 255 255 255]]"
141d2b743c477043041faddf9233c8ad,Vitamins Solid Baby Girl's Basic Shorts,baby care,specification vitamin solid baby girl s basic short short detail number content sale package pack    fabric cotton type basic short general detail pattern solid occasion casual ideal baby girl s box    short additional detail style code    tg         n blue fabric care gentle machine wash lukewarm water   bleach,141d2b743c477043041faddf9233c8ad.jpg,"[[255 255 255 ... 255 255 255]
 [255 255 255 ... 255 255 255]
 [255 255 255 ... 255 255 255]
 ...
 [255 255 255 ... 255 255 255]
 [255 255 255 ... 255 255 255]
 [255 255 255 ... 255 255 255]]"
7a3f11f380a1bf85338ab3771ff81e9f,Vitamins Graphic Print Baby Girl's Basic Shorts,baby care,key feature vitamin graphic print baby girl s basic short cotton antra melange specification vitamin graphic print baby girl s basic short general detail ideal baby girl s occasion casual pattern graphic print short detail type basic short fabric cotton number content sale package pack    fabric care gentle machine wash lukewarm water   bleach additional detail style code    tg         antra melange box    short,7a3f11f380a1bf85338ab3771ff81e9f.jpg,"[[255 255 255 ... 255 255 255]
 [255 255 255 ... 255 255 255]
 [255 255 255 ... 255 255 255]
 ...
 [255 255 255 ... 255 255 255]
 [255 255 255 ... 255 255 255]
 [255 255 255 ... 255 255 255]]"
ae45b64d808a883aa35f2bf4de879cac,Vitamins Embroidered Baby Girl's Denim Shorts,baby care,specification vitamin embroider baby girl s denim short general detail ideal baby girl s occasion casual pattern embroider short detail type denim short fabric cotton pocket miter patch pocket thigh number content sale package pack    fabric care gentle machine wash lukewarm water   bleach additional detail style code    tg         raw rani box    short,ae45b64d808a883aa35f2bf4de879cac.jpg,"[[255 255 255 ... 255 255 255]
 [255 255 255 ... 255 255 255]
 [255 255 255 ... 255 255 255]
 ...
 [255 255 255 ... 255 255 255]
 [255 255 255 ... 255 255 255]
 [255 255 255 ... 255 255 255]]"
1971dcd2f3058a4c87bdd7d87d4baeba,KE GIFT BOX STOR JEWELLARY Vanity Jewellery,beauty and personal care,specification ke gift box stor jewellary vanity jewellery   blue   additional feature gift box body feature body material wood   aluminium number drawer    drawer number compartment    compartment box sale package gift box,1971dcd2f3058a4c87bdd7d87d4baeba.jpg,"[[255 255 255 ... 255 255 255]
 [255 255 255 ... 255 255 255]
 [255 255 255 ... 255 255 255]
 ...
 [255 255 255 ... 255 255 255]
 [255 255 255 ... 255 255 255]
 [255 255 255 ... 255 255 255]]"
4942e0a9c0527dc00319a39fc8f103e6,Giorgio Armani SMOOTH SILK LIP PENCIL 12,beauty and personal care,giorgio armani smooth silk lip pencil      soyeux      price   rs         glide smoothly define look lip gorgeous colour   specification giorgio armani smooth silk lip pencil      soyeux      lip liner detail dual tip shade soyeux     waterproof smudge free size       box    lip pencil,4942e0a9c0527dc00319a39fc8f103e6.jpg,"[[255 253 251 ... 255 255 255]
 [254 253 250 ... 255 255 255]
 [254 252 250 ... 255 255 255]
 ...
 [255 255 255 ... 250 252 254]
 [255 255 255 ... 251 253 254]
 [255 255 255 ... 251 253 254]]"
0a8a1e9c6659361c0c2b247f8a6471d0,Jaipur Print Cotton Floral Diwan Set,home furnishing,key feature jaipur print cotton floral diwan set fast colour hand print superior quality jaipur print cotton floral diwan set price   rs         nice beautiful diwan set city king jaipur   give royal look house   superior quality printing give house new look   royal diwan set royal city jaipur   specification jaipur print cotton floral diwan set general brand jaipur print design code diwan   material cotton style code diwan   pattern floral color multicolor warranty cover warranty manufacturing defect cover warranty product returne origional packing dimension bolster cover length     inch       cm weight      g cushion cover width     inch       cm cushion cover length     inch       cm diwan sheet length     inch        cm diwan sheet width     inch        cm additional feature fabric care bleach box number content sale package pack    sale package    single bedsheet    cushion cover    bolster cover,0a8a1e9c6659361c0c2b247f8a6471d0.jpg,"[[ 68  73  87 ... 223 223 224]
 [ 68  75  92 ... 223 223 224]
 [ 70  82 103 ... 224 225 225]
 ...
 [ 96  96  92 ...  58  58  59]
 [ 93  90  84 ...  61  60  61]
 [ 89  86  79 ...  63  62  62]]"
320833ab08c9a94ef83520612899a85f,florence9 baby cap red checks Cap,baby care,key feature florence   baby cap red check cap red check cotton specification florence   baby cap red check cap cap detail number content sale package pack    fabric cotton type baby cap red check general detail occasion casual ideal baby boy s   baby girl s additional detail style code baby cap red check,320833ab08c9a94ef83520612899a85f.jpg,"[[255 255 255 ... 255 255 255]
 [255 255 255 ... 255 255 255]
 [255 255 255 ... 255 255 255]
 ...
 [255 255 255 ... 255 255 255]
 [255 255 255 ... 255 255 255]
 [255 255 255 ... 255 255 255]]"
57578c1e6ec61a880a6f3f971f5f77b8,VarEesha Wooden Key Holder,home decor & festive needs,key feature vareesha wooden key holder hand work iron mango wood color    brown material    sheesham wood care instruction    clean wet cloth wipe gently   vareesha wooden key holder     hook   multicolor   price   rs         traditional design combine utility   wood iron design keybox convenient place store key   iron design glass protect dust make box manageable      hook inside key frequently    big hook outside car key big key daily   specification vareesha wooden key holder     hook   multicolor   general brand vareesha model number vsswh     material wooden number hook    color multicolor box sale package    keyhanger pack    dimension weight      g dimensions l b h    x   x    cms,57578c1e6ec61a880a6f3f971f5f77b8.jpg,"[[244 244 244 ... 255 255 255]
 [247 247 247 ... 255 255 255]
 [252 252 252 ... 255 255 255]
 ...
 [255 255 255 ... 254 254 254]
 [255 255 255 ... 252 252 252]
 [255 255 255 ... 251 251 251]]"
4e130ed339dcfe20d2c8b66892278a94,Treasure Showpiece  -  23 cm,home decor & festive needs,key feature treasure showpiece         cm polyresin height       cm width      cm specification treasure showpiece         cm   polyresin   blue   general brand treasure model number te   type fengshui material polyresin color blue dimension height     cm width    cm depth    cm box sale package    piece,4e130ed339dcfe20d2c8b66892278a94.jpg,"[[255 255 255 ... 255 255 255]
 [255 255 255 ... 255 255 255]
 [255 255 255 ... 255 255 255]
 ...
 [237 238 241 ... 251 251 252]
 [234 235 239 ... 250 250 251]
 [234 234 238 ... 250 250 250]]"
601817defaff9d0e30e1b72f96d3975f,CHINMAY KIDS Printed Cotton Padded Mosquito Net,baby care,specification chinmay kid print cotton pad mosquito net   multicolour   convenience feature washable yes general brand chinmay kids model print cotton padded capacity    person model d cvpc     color multicolour dimension weight      g height     inch width     inch box sale package    mosquito net,601817defaff9d0e30e1b72f96d3975f.jpg,"[[255 255 255 ... 255 255 255]
 [255 255 255 ... 255 255 255]
 [255 255 255 ... 255 255 255]
 ...
 [255 255 255 ... 255 255 255]
 [255 255 255 ... 255 255 255]
 [255 255 255 ... 255 255 255]]"
3cdfd9df09f61a8fd178bafcc8dbed31,HEAVENLY Dress Baby Boy's  Combo,baby care,heavenly dress baby boy s   combo price   rs       regular smooth       cotton wear specification heavenly dress baby boy s   combo apparel combo detail knit type jersey primary product size l fabric cotton style curve side fit regular fit pattern half sleeve ideal baby boy s occasion casual design print box number content sale package    fabric care gentle wash   bleach   wash cold water additional detail style code        set b,3cdfd9df09f61a8fd178bafcc8dbed31.jpg,"[[255 255 255 ... 255 255 255]
 [255 255 255 ... 255 255 255]
 [255 255 255 ... 255 255 255]
 ...
 [255 255 255 ... 255 255 255]
 [255 255 255 ... 255 255 255]
 [255 255 255 ... 255 255 255]]"
374e63028d691c380bc43b0dc60e460d,@home Glass Vase,home decor & festive needs,specification   home glass vase      inch   grey   general brand   home suitable table model number hgfvscgstgry       type garden decor material glass color grey dimension height     inch width     inch depth     inch box sale package    vase pack  ,374e63028d691c380bc43b0dc60e460d.jpg,"[[255 255 255 ... 255 255 255]
 [255 255 255 ... 255 255 255]
 [255 255 255 ... 255 255 255]
 ...
 [255 255 255 ... 255 255 255]
 [255 255 255 ... 255 255 255]
 [255 255 255 ... 255 255 255]]"
61c0139f3d5c97f1615797dbf046cc0c,Smart Wall Guru Medium Adhesive Sticker,home decor & festive needs,key feature smart wall guru medium adhesive sticker showcase variety wall decal category study room look awesome living room bath room attractive guest room kitchen easy install easy remove easy clean wall decal matte finish   water resistant    package layer   smart wall guru medium adhesive sticker   pack     price   rs        smart wall guru    give u pure beautiful house decoration wall sticker wall decal    kind design home decoration sticker self adhesive pvc vinyl easy apply plane surface   great suppliment wallpaper wall color decoration method   thnkss   specification smart wall guru medium adhesive sticker   pack     box number content sale package pack    sale package    sticker general ideal use home   child bedroom   bedroom scratch resistant yes brand smart wall guru laminate yes type adhesive size number        cm number sticker    material self adhesive pvc vinyl size medium dimension height     cm width     cm,61c0139f3d5c97f1615797dbf046cc0c.jpg,"[[108 108 107 ...  74  74  75]
 [108 108 107 ...  74  74  74]
 [108 108 108 ...  74  74  74]
 ...
 [254 254 254 ...  82 105 117]
 [250 250 250 ...  84 102 110]
 [246 246 246 ...  84  98 104]]"
0096e89cc25a8b96fb9808716406fe94,oxford Tawa 15 cm cm diameter,kitchen & dining,key feature oxford tawa     cm cm diameter non stick tawa specification oxford tawa     cm cm diameter   aluminium   non stick   general pan type flat non stick yes brand oxford model number     induction type tawa material aluminium capacity    l l color black box sale package    dosa tawa dimensions diameter     cm cm,0096e89cc25a8b96fb9808716406fe94.jpg,"[[255 255 255 ... 255 255 255]
 [255 255 255 ... 255 255 255]
 [255 255 255 ... 255 255 255]
 ...
 [255 255 255 ...  50 120 174]
 [255 255 255 ... 110 188 228]
 [255 255 255 ... 155 227 254]]"
e8ee7868b0c3d1d04b482cd4f3ec5ccc,Eureka.in GSEB Class VII,computers,key feature product graphically rich   d audio video capture complete attention lead good understanding subject concept understand text easily understand video design complete learning module topic student centric learning management software help learner improve learn outcome effort complete comprehensive curriculum coverage eureka gseb class vii   pen drive   price   rs         premium product   eureka class vii science   gseb board   offer high quality   d learn content   surely help student improve performance exam   help lay solid foundation future learning challenge   specification product general subject science   mathematics brand eureka num disk    class    sale package high quality   d animate video   interactive   d simulation   script   interactive learning quiz   web link   attractive feature   type visual media model gseb class vii education board gujarat secondary education board subscription validity    year model d gb     feature      high quality   d animate video       interactive     d simulation   script   interactive learning quiz   web link   attractive feature system requirement memory    gb ram     gb space harddisk operating system window            window           window            requirement graphic card nvidia geforce       compatible   sound card    speaker   stereo sound card speaker   lan     gb second hard drive     gb processor core    duo processor       ghz,e8ee7868b0c3d1d04b482cd4f3ec5ccc.jpg,"[[255 255 255 ... 255 255 255]
 [255 255 255 ... 255 255 255]
 [255 255 255 ... 255 255 255]
 ...
 [255 255 255 ... 252 254 255]
 [255 255 255 ... 255 255 255]
 [255 255 255 ... 255 255 255]]"
04f9ff160a1561e3656350f4bd6b8c50,Craft Trade Oval Wood Coaster Set,home furnishing,key feature craft trade oval wood coaster set hand craft antique coaster apple shape coaster set craft trade oval wood coaster set   brown   pack     price   r        decorate amazing handcraft apple shape coaster set     coaster set inspire apple design   surely fall love   product hand craft artist rajasthan fine quality wood   come apple shape stand store table look amazing   long life protect table stain   authentic hand craft product craft trade artisan     specification craft trade oval wood coaster set   brown   pack     general shape oval brand craft trade reversible yes design code ct    type coaster set material wood style code wd      pattern self design padding yes   wood color brown warranty cover warranty    day relacement warranty case manufacturing defect dimension holder width    cm weight      g coaster width    cm holder height    cm coaster diameter    cm holder diameter    cm coaster length    cm coaster thickness    cm additional feature strain free box number content sale package pack    sale package    coaster holder    coaster,04f9ff160a1561e3656350f4bd6b8c50.jpg,"[[255 255 255 ... 255 255 255]
 [255 255 255 ... 255 255 255]
 [255 255 255 ... 255 255 255]
 ...
 [255 255 255 ... 255 255 255]
 [255 255 255 ... 255 255 255]
 [255 255 255 ... 255 255 255]]"
aebf3a2172b33ef09acb472009967812,Parv Collections Showpiece  -  12 cm,home decor & festive needs,"parv collection showpiece         cm   polyresin   multicolor 
                          price   rs       
				
			 lovely sit couple statue 
 lovely sit couple statue",aebf3a2172b33ef09acb472009967812.jpg,"[[255 255 255 ... 255 255 255]
 [255 255 255 ... 255 255 255]
 [255 255 255 ... 255 255 255]
 ...
 [255 255 254 ... 122 191 231]
 [255 255 255 ... 212 240 254]
 [255 255 255 ... 253 254 255]]"
6ae332e2bafd23267caedfcc4453257c,Exotic India Adi Buddha Vajrasattva Showpiece  -  27.94 cm,home decor & festive needs,buy exotic india adi buddha vajrasattva showpiece            cm rs        online   exotic india adi buddha vajrasattva showpiece            cm good price free shipping    cash delivery   genuine product      day replacement guarantee,6ae332e2bafd23267caedfcc4453257c.jpg,"[[255 255 255 ... 255 255 255]
 [255 255 255 ... 255 255 255]
 [255 255 255 ... 255 255 255]
 ...
 [255 255 255 ... 255 255 255]
 [255 255 255 ... 255 255 255]
 [255 255 255 ... 255 255 255]]"
57800d48b001f3fad34a4f8fa9207f29,Aapno Rajasthan Princess Design Showpiece  -  22 cm,home decor & festive needs,buy aapno rajasthan princess design showpiece         cm rs      online   aapno rajasthan princess design showpiece         cm good price free shipping    cash delivery   genuine product      day replacement guarantee,57800d48b001f3fad34a4f8fa9207f29.jpg,"[[138 172 220 ... 216 194 178]
 [113 137 179 ... 194 177 166]
 [ 83  93 118 ... 178 162 155]
 ...
 [146 142 119 ... 129 160 173]
 [129 119  92 ... 101 122 136]
 [114 102  82 ...  89 101 110]]"
d1e18b4a3aafb0040da2111c8b8ce2e5,Exotic India Vaishnava Symbols - Shankha And Chakra Showpiece  -  37 cm,home decor & festive needs,buy exotic india vaishnava symbols    shankha chakra showpiece         cm rs       online   exotic india vaishnava symbols    shankha chakra showpiece         cm good price free shipping    cash delivery   genuine product      day replacement guarantee,d1e18b4a3aafb0040da2111c8b8ce2e5.jpg,"[[255 255 255 ... 255 255 255]
 [255 255 255 ... 255 255 255]
 [255 255 255 ... 255 255 255]
 ...
 [255 255 255 ... 255 255 255]
 [255 255 255 ... 255 255 255]
 [255 255 255 ... 255 255 255]]"
46e6853da6b0c796b7a0d8203ceaa88e,Exotic India Relaxing Ganesha Showpiece  -  11.43 cm,home decor & festive needs,buy exotic india relax ganesha showpiece            cm rs        online   exotic india relax ganesha showpiece            cm good price free shipping    cash delivery   genuine product      day replacement guarantee,46e6853da6b0c796b7a0d8203ceaa88e.jpg,"[[255 255 255 ... 255 255 255]
 [255 255 255 ... 255 255 255]
 [255 255 255 ... 255 255 255]
 ...
 [255 255 255 ... 255 255 255]
 [255 255 255 ... 255 255 255]
 [255 255 255 ... 255 255 255]]"
22296bfc1c79d9dc88eabbd01220ef0c,BeYOUtiful Copper Repouss�� - Man With Dhol Showpiece  -  36 cm,home decor & festive needs,buy beyoutiful copper repouss      man dhol showpiece         cm rs      online   beyoutiful copper repouss      man dhol showpiece         cm good price free shipping    cash delivery   genuine product      day replacement guarantee,22296bfc1c79d9dc88eabbd01220ef0c.jpg,"[[255 255 248 ... 254 255 255]
 [255 255 247 ... 250 250 251]
 [255 255 238 ... 240 242 242]
 ...
 [137 125  99 ... 242 255 255]
 [216 212 202 ... 242 255 255]
 [254 254 253 ... 242 255 255]]"
f4d4c2eec77732f56e47722d7a355f2b,Exotic India Blessing Buddha Showpiece  -  36.83 cm,home decor & festive needs,buy exotic india blessing buddha showpiece            cm rs        online   exotic india blessing buddha showpiece            cm good price free shipping    cash delivery   genuine product      day replacement guarantee,f4d4c2eec77732f56e47722d7a355f2b.jpg,"[[255 255 255 ... 255 255 255]
 [255 255 255 ... 255 255 255]
 [255 255 255 ... 255 255 255]
 ...
 [255 255 255 ... 243 255 255]
 [255 255 255 ... 255 255 255]
 [255 255 255 ... 255 255 255]]"
f12a06b7dbfc55638afafcf8bb03d836,My Angel Gifts Show Piece Showpiece  -  5 cm,home decor & festive needs,buy angel gift piece showpiece        cm rs       online   angel gift piece showpiece        cm good price free shipping    cash delivery   genuine product      day replacement guarantee,f12a06b7dbfc55638afafcf8bb03d836.jpg,"[[252 250 248 ... 255 255 255]
 [250 248 245 ... 255 255 255]
 [249 246 242 ... 255 255 255]
 ...
 [255 255 255 ... 255 255 255]
 [255 255 255 ... 255 255 255]
 [255 255 255 ... 255 255 255]]"
18bd9b88e23b82fd19f8ab0c9cad6a1a,Diviniti DG Royal Ornamental Size 4 Gurunanak religious wall hanging Showpiece  -  30.5 cm,home decor & festive needs,"diviniti dg royal ornamental size    gurunanak religious wall hang showpiece           cm   glass   gold 
                          price   rs        
				
			 house diviniti   bring double glass royale ornamental frame perfect accessory wall   desk etc set double glass royale ornamental frame embody swiss technology     carat gold plate foil   definite buy personal use gifting 
 house diviniti   bring double glass royale ornamental frame perfect accessory wall   desk etc set double glass royale ornamental frame embody swiss technology     carat gold plate foil   definite buy personal use gift",18bd9b88e23b82fd19f8ab0c9cad6a1a.jpg,"[[254 254 254 ... 254 254 254]
 [254 254 253 ... 254 254 254]
 [247 244 240 ... 254 254 254]
 ...
 [250 244 234 ... 254 255 255]
 [254 254 254 ... 255 255 255]
 [254 254 254 ... 255 255 255]]"
5749bae8ccead7997ebf370b6b081d07,Kuber Industries Bangle Four Roll & Ring & Earing Box Jewellery Vanity Pouch,beauty and personal care,buy kuber industry bangle roll    ring    eare box jewellery vanity pouch r      online   kuber industries bangle roll    ring    eare box jewellery vanity pouch good price free shipping    cash delivery   genuine product      day replacement guarantee,5749bae8ccead7997ebf370b6b081d07.jpg,"[[252 252 252 ... 252 252 252]
 [253 253 253 ... 253 253 253]
 [254 254 254 ... 254 254 254]
 ...
 [254 254 254 ... 254 254 254]
 [254 254 254 ... 254 254 254]
 [254 254 254 ... 254 254 254]]"
059493eeb88ebb4cc08d1522f3f87c3f,Thar Handloom Stylish Multicolor Jewellery Box Jewellery and Makeup items Vanity Case,beauty and personal care,buy thar handloom stylish multicolor jewellery box jewellery makeup item vanity case rs       online   thar handloom stylish multicolor jewellery box jewellery makeup item vanity case good price free shipping    cash delivery   genuine product      day replacement guarantee,059493eeb88ebb4cc08d1522f3f87c3f.jpg,"[[255 255 255 ... 255 255 255]
 [255 255 255 ... 255 255 255]
 [255 255 255 ... 255 255 255]
 ...
 [252 249 240 ... 250 252 254]
 [254 252 249 ... 254 254 255]
 [254 253 252 ... 255 255 255]]"
9613f2f1e65fb1fc7e181e7f83c217da,Goldencollections GC4353 Makeup and Jewellery Vanity Pouch,beauty and personal care,buy goldencollection gc      makeup jewellery vanity pouch rs      online   goldencollection gc      makeup jewellery vanity pouch good price free shipping    cash delivery   genuine product      day replacement guarantee,9613f2f1e65fb1fc7e181e7f83c217da.jpg,"[[255 255 255 ... 255 255 255]
 [255 255 255 ... 255 255 255]
 [255 255 255 ... 255 255 255]
 ...
 [255 255 255 ... 255 255 255]
 [255 255 255 ... 255 255 255]
 [255 255 255 ... 255 255 255]]"
c7fcd0d983a51283e58b806f065cc920,Diviniti MDF Color Religious Wall Hanging Size 4 Radha Krishna Showpiece  -  36.4 cm,home decor & festive needs,buy diviniti mdf color religious wall hang size    radha krishna showpiece           cm rs        online   diviniti mdf color religious wall hang size    radha krishna showpiece           cm good price free shipping    cash delivery   genuine product      day replacement guarantee,c7fcd0d983a51283e58b806f065cc920.jpg,"[[195 168 141 ... 152 193 221]
 [169 129  88 ... 105 165 207]
 [142  89  35 ...  57 137 193]
 ...
 [139  84  30 ...  62 149 205]
 [169 127  85 ... 109 175 217]
 [198 169 140 ... 157 201 229]]"
b78586222de9a1095d0a9d88455ee75f,K&P Lord Ganesha Regular 16 Showpiece  -  13 cm,home decor & festive needs,key feature k p lord ganesha regular     showpiece         cm glossy finish jewellery idol plastic case dust proof designer frame ideal gift k p lord ganesha regular     showpiece         cm   polyresin   multicolor   price   rs       figurine k p   build great craftsmanship exquisite detail artisan   beautiful design k p perfect decorate home occasion   sculpture idol perfect gift love one occasion beautiful showpiece figurine k p wonderful gifting option good friend housewarming party   ideal puja room living room showcase   specification k p lord ganesha regular     showpiece         cm   polyresin   multicolor   general brand k p model number cmr      type religious idol material polyresin model lord ganesha regular     color multicolor dimension weight      g height     cm width     cm depth    cm box sale package    showpiece figurine pack  ,b78586222de9a1095d0a9d88455ee75f.jpg,"[[255 255 255 ... 250 249 249]
 [255 255 255 ... 250 250 249]
 [255 255 255 ... 250 250 250]
 ...
 [255 255 255 ... 255 255 255]
 [255 255 255 ... 255 255 255]
 [255 255 255 ... 255 255 255]]"
dfbd96036cbc28566e964cff04b5b3a8,Rama Floral Single Quilts & Comforters Pink-Red,home furnishing,buy rama floral single quilt    comforter pink red rs       flipkart com   genuine product   free shipping   cash delivery,dfbd96036cbc28566e964cff04b5b3a8.jpg,"[[251 251 251 ... 251 251 251]
 [251 251 251 ... 251 251 251]
 [251 251 251 ... 251 251 251]
 ...
 [254 254 254 ... 254 254 254]
 [254 254 254 ... 254 254 254]
 [254 254 254 ... 254 254 254]]"
336fc49639a5cc45aa532ace3ee1a044,Rama Floral Single Quilts & Comforters Yellow,home furnishing,buy rama floral single quilt    comforter yellow rs       flipkart com   genuine product   free shipping   cash delivery,336fc49639a5cc45aa532ace3ee1a044.jpg,"[[249 249 248 ... 250 249 249]
 [249 249 249 ... 249 249 249]
 [249 249 249 ... 249 249 250]
 ...
 [254 254 254 ... 254 254 254]
 [254 254 254 ... 254 254 254]
 [254 254 254 ... 254 254 254]]"
789cf5578f48577a44586fca3adc35d0,Shop Rajasthan Abstract Single Dohar Multicolor,home furnishing,buy shop rajasthan abstract single dohar multicolor rs       flipkart com   genuine product   free shipping   cash delivery,789cf5578f48577a44586fca3adc35d0.jpg,"[[238 238 239 ... 206 206 206]
 [238 239 239 ... 206 206 206]
 [239 239 239 ... 206 206 206]
 ...
 [164 165 168 ... 105 105 106]
 [164 163 166 ... 103 105 105]
 [164 163 165 ... 103 105 105]]"
184ecf07ca4e2872eaf53d2344a1e783,Bestway 1.47m x 1.47m x 1.22m/Play With Sun Shade Inflatable Play Pool,baby care,buy bestway      m x      m x      m play sun shade inflatable play pool rs       online   bestway      m x      m x      m play sun shade inflatable play pool good price free shipping    cash delivery   genuine product      day replacement guarantee,184ecf07ca4e2872eaf53d2344a1e783.jpg,"[[255 255 255 ... 255 255 255]
 [255 255 255 ... 255 255 255]
 [255 255 255 ... 255 255 255]
 ...
 [255 255 255 ... 255 255 255]
 [255 255 255 ... 255 255 255]
 [255 255 255 ... 255 255 255]]"
b515014adccb1fdf5ff1e2c4a8ff9ea6,Artisan Creation Checkered Single Quilts & Comforters Brown,home furnishing,"artisan creation checker single quilt    comforter brown     single bed quilt 
                          price   rs     
				
			 present world famous jaipuri pure cotton velvet single bed razai   quilt   traditional sanganeri print rajasthan   good look   fluffy   handmade indian quilt specialty jaipur   spectacular quilt enhance beauty home decor specially design white check brown quilt fine polyfill filling reversible velvet have beautifull colour velvet border 
 present world famous jaipuri pure cotton velvet single bed razai   quilt   traditional sanganeri print rajasthan   good look   fluffy   handmade indian quilt specialty jaipur   spectacular quilt enhance beauty home decor specially design white check brown quilt fine polyfill filling reversible velvet have beautifull colour velvet border",b515014adccb1fdf5ff1e2c4a8ff9ea6.jpg,"[[255 255 255 ... 255 255 255]
 [255 255 255 ... 255 255 255]
 [255 255 255 ... 255 255 255]
 ...
 [255 255 255 ... 255 255 255]
 [255 255 255 ... 255 255 255]
 [255 255 255 ... 255 255 255]]"
5aacf8f5154afea2ac22fc767d072677,Rama Floral Single Quilts & Comforters Blue-Beige,home furnishing,buy rama floral single quilt    comforter blue beige rs       flipkart com   genuine product   free shipping   cash delivery,5aacf8f5154afea2ac22fc767d072677.jpg,"[[246 246 246 ... 247 247 247]
 [246 246 246 ... 247 247 247]
 [246 246 246 ... 248 248 248]
 ...
 [254 254 254 ... 255 255 255]
 [254 254 254 ... 255 255 255]
 [254 254 254 ... 255 255 255]]"
7cbbe686c4a233e8cf53528748f75223,Remtex Export Cartoon Single Dohar Multicolor,home furnishing,specification remtex export cartoon single dohar multicolor     dohar   box sale package    dohar number content sale package    general brand remtex export type dohar color multicolor size single ideal man woman suitable bed inner material polycotton design print design hand washable machine washable yes model designer dohar model d designer dohar dimension width     inch        cm length     inch        cm depth    cm,7cbbe686c4a233e8cf53528748f75223.jpg,"[[104 128 154 ... 147 130 113]
 [125 160 195 ... 186 161 136]
 [147 192 237 ... 225 192 159]
 ...
 [ 93 111 126 ... 121 114 105]
 [ 84  96 108 ... 105 100  93]
 [ 75  83  91 ...  89  85  80]]"
f1ee63a5f0db853e2c1b377778580d39,TWISHA Printed Kurti & Salwar,baby care,key feature twisha print kurti    salwar kurta fabric   cotton twisha print kurti    salwar price   rs       flamingo polka print kurta salwar black specification twisha print kurti    salwar salwar kurta dupatta detail sleeve sleeveless kurta type straight type kurti    salwar neck round salwar fabric cotton kurta fabric cotton general detail pattern print occasion festive ideal baby girl s fabric care hand wash,f1ee63a5f0db853e2c1b377778580d39.jpg,"[[255 255 255 ... 255 255 255]
 [255 255 255 ... 255 255 255]
 [255 255 255 ... 255 255 255]
 ...
 [255 255 255 ... 255 255 255]
 [255 255 255 ... 255 255 255]
 [255 255 255 ... 255 255 255]]"
0bb0f7b7a3075f4b9459121abe2185fa,Eternity Handcrafted unique Mosaic Glass Table Lamp,home decor & festive needs,specification eternity handcraft unique mosaic glass table lamp      cm   blue   box sale package    table lamp number content sale package pack    general type buffet   desk color blue lamp body material glass lamp base material metal bulb type   x    lead   cfsl   bulb light color blue assembly require model handcraft unique mosaic glass model number eternity        power feature power requirement         v        hz power source ac additional feature handcraft   lamp dimension width     cm height     cm weight       g,0bb0f7b7a3075f4b9459121abe2185fa.jpg,"[[221 197 167 ... 255 255 255]
 [196 158 124 ... 255 255 255]
 [188 136  93 ... 255 255 255]
 ...
 [255 255 255 ... 145 152 155]
 [255 255 255 ... 205 204 205]
 [255 255 255 ... 255 255 255]]"
8015db34d09642b046c775e8157dd729,FS Mini Klub Baby Boy's Sleepsuit,baby care,key feature fs mini klub baby boy s sleepsuit fabric   cotton brand color   grey specification fs mini klub baby boy s sleepsuit general detail sleeve sleeve bootie age group         month number content sale package pack    fabric cotton pattern print ideal baby boy s neck round neck,8015db34d09642b046c775e8157dd729.jpg,"[[255 255 255 ... 255 255 255]
 [255 255 255 ... 255 255 255]
 [255 255 255 ... 255 255 255]
 ...
 [255 255 255 ... 255 255 255]
 [255 255 255 ... 255 255 255]
 [255 255 255 ... 255 255 255]]"
0ddc40c08d9a9bafc4d14eddd98db7c0,Omic Poto-Blue 1000 ml Sipper,kitchen & dining,key feature omic poto blue       ml sipper       ml omic poto blue       ml sipper   pack     blue   price   r       rejuvenate refreshing fruit flavour water   exclusively house omic   omic poto beautifully design   eco friendly water bottle allow delicious   nutrient rich   fruit infuse water   allow limitless combination fresh fruit   tea herb bottle provide great alternative plain water remove temptation sugary drink   know fact need drink lot water research show drink flavor   omic poto give natural fruit flavoring drinking water healthy extra calorie free   high quality tritan material   scratch resistence   unbreakable   bpa free health safety leak proof   withstand subfreeze boil temperature water   easy clean suitable school   picnic   office   gym   travel   trek   etc   available different color variant   option endless come create healthy   fresh fruit infuse water    plain water habit define s water bottle    specification omic poto blue       ml sipper   pack     blue   general body material       bpa free   tritan material type sipper box number content sale package pack    sale package    bottle       ml,0ddc40c08d9a9bafc4d14eddd98db7c0.jpg,"[[255 255 255 ... 255 255 255]
 [255 255 255 ... 255 255 255]
 [255 255 255 ... 255 255 255]
 ...
 [255 255 255 ... 255 255 255]
 [255 255 255 ... 255 255 255]
 [255 255 255 ... 255 255 255]]"
bc784846bd59a16832454416ac708003,Lollipop Lane Tiddly Wink Safari Bath Set,baby care,flipkart com offer lollipop lane tiddly wink safari bath set rs         flipkart com   genuine product   free shipping   cash delivery,bc784846bd59a16832454416ac708003.jpg,"[[148 163 179 ... 197 196 196]
 [142 154 170 ... 197 196 196]
 [144 145 149 ... 197 196 196]
 ...
 [ 69  70  71 ...  82  82  82]
 [ 70  70  71 ...  85  85  84]
 [ 68  68  69 ...  87  86  86]]"
8e8f5dc78f80eff3c77a9714303f59d2,Filink 310 Black Toner,computers,"filink      black toner   black 
                          price   rs       
				
			 compatible follow printer   canon lbp        guarantee consistent    high quality printing   high page yield   dark print   toner brand new iso       quality certify 
 compatible follow printer   canon lbp        guarantee consistent    high quality printing   high page yield   dark print   toner brand new iso       quality certify",8e8f5dc78f80eff3c77a9714303f59d2.jpg,"[[255 255 255 ... 255 255 255]
 [255 255 255 ... 255 255 255]
 [255 255 255 ... 255 255 255]
 ...
 [255 255 255 ... 255 255 255]
 [255 255 255 ... 255 255 255]
 [255 255 255 ... 255 255 255]]"
53f4bc7d7321f5c41de6b86e41f13e80,Recrafto Buddha Showpiece  -  15.24 cm,home decor & festive needs,"recrafto buddha showpiece            cm   brass   black   green 
                          price   rs       
				
			 recrafto brass buddha religious idol 
 recrafto brass buddha religious idol",53f4bc7d7321f5c41de6b86e41f13e80.jpg,"[[255 255 255 ... 255 255 255]
 [255 255 255 ... 255 255 255]
 [255 255 255 ... 255 255 255]
 ...
 [255 255 255 ... 255 255 255]
 [255 255 255 ... 255 255 255]
 [255 255 255 ... 255 255 255]]"
be09f5a3a88ac10ae14c791fc8ac0dae,"Anthill Baby Boy's, Baby Girl's Bodysuit",baby care,anthill baby boy s   baby girl s bodysuit    buy yellow anthill baby boy s   baby girl s bodysuit r       online india   shop online apparel   huge collection brand clothe flipkart com,be09f5a3a88ac10ae14c791fc8ac0dae.jpg,"[[255 255 255 ... 255 255 255]
 [255 255 255 ... 255 255 255]
 [255 255 255 ... 255 255 255]
 ...
 [255 255 255 ... 255 255 255]
 [255 255 255 ... 255 255 255]
 [255 255 255 ... 255 255 255]]"
d202ea988ab11f2327279093ac71975d,Exotic India Lord Ganesha (Carved in Hematite) Showpiece  -  5.08 cm,home decor & festive needs,buy exotic india lord ganesha   carve hematite   showpiece           cm rs       online   exotic india lord ganesha   carve hematite   showpiece           cm good price free shipping    cash delivery   genuine product      day replacement guarantee,d202ea988ab11f2327279093ac71975d.jpg,"[[255 255 255 ... 255 255 255]
 [255 255 255 ... 255 255 255]
 [255 255 255 ... 255 255 255]
 ...
 [255 255 255 ... 255 255 255]
 [255 255 255 ... 255 255 255]
 [255 255 255 ... 255 255 255]]"
db6c79a1d852944a89e157793f392d67,FRENEMY MPAD271 Mousepad,computers,key feature frenemy mpad     mousepad smooth surface finish quickly glossy rich finish easy clean frenemy mpad     mousepad   multicolor   price   rs       frenemy sale good quality mousepad long last relationship buyer quality product   frenemy mousepad smooth surface finish   make mouse quickly entire mousepad   zero hindrance   broad area glossy rich finish   brilliant imprint permanently print pad   win t crack peel    stain resistant   high density fabric construction easy clean   specification frenemy mpad     mousepad   multicolor   general specification brand frenemy material non slip rubber base   high quality non slip fabric platform pc model d mpad     feature duratble    flexible portibility color multicolor dimension weight      g length      mm height    mm width      mm box mousepad   warranty card,db6c79a1d852944a89e157793f392d67.jpg,"[[255 255 255 ... 255 255 255]
 [255 255 255 ... 255 255 255]
 [255 255 255 ... 255 255 255]
 ...
 [255 255 255 ... 255 255 255]
 [255 255 255 ... 255 255 255]
 [255 255 255 ... 255 255 255]]"
16c18ce0affca13159e362227c83683c,Quilt India Floral Cushions Cover,home furnishing,key feature quilt india floral cushion cover width     cm specification quilt india floral cushion cover      cm   gold   general brand quilt india suitable cushion design code quilt        material dupion silk style code quilt        pattern floral color gold dimension width     inch       cm box number content sale package pack  ,16c18ce0affca13159e362227c83683c.jpg,"[[255 255 255 ... 255 255 255]
 [255 255 255 ... 255 255 255]
 [255 255 255 ... 255 255 255]
 ...
 [254 254 254 ... 253 253 254]
 [254 254 254 ... 254 254 254]
 [255 255 255 ... 254 254 254]]"
7dd5e83e2108a97659577e50879f9d9f,Toffyhouse Baby Boy's Sleepsuit,baby care,specification toffyhouse baby boy s sleepsuit general detail sleeve sleeve age group         month fabric cotton pattern stripe ideal baby boy s neck round neck,7dd5e83e2108a97659577e50879f9d9f.jpg,"[[255 255 255 ... 255 255 255]
 [255 255 255 ... 255 255 255]
 [255 255 255 ... 255 255 255]
 ...
 [255 255 255 ... 255 255 255]
 [255 255 255 ... 255 255 255]
 [255 255 255 ... 255 255 255]]"
a63eecfbb02004863fa1f29a0b8105fc,Shopizone BMW Wheel 32 GB  Pen Drive,computers,key feature shopizone bmw wheel     gb   pen drive case material   rubber interface   usb      operating system   window xp   vista shopizone bmw wheel     gb   pen drive   black   price   r           gb pen drive   cool flaunty   basically pen drive disguise superhero   adorable cute   work operating system handy strong   add bling style pen drive shopizone s funky    innovative collection    gb flash drive age group   specification shopizone bmw wheel     gb   pen drive   black   general specification interface usb      brand shopizone capacity   gb      gb model bmw wheel case material rubber os support window xp   vista usb color black dimension weight      g box    pendrive,a63eecfbb02004863fa1f29a0b8105fc.jpg,"[[255 255 255 ... 254 254 254]
 [255 255 255 ... 254 254 254]
 [255 255 255 ... 254 254 254]
 ...
 [255 255 255 ... 253 252 253]
 [255 255 255 ... 253 253 252]
 [255 255 255 ... 253 253 252]]"
5c77aa1fc09901ae07c392c152a70e41,Craftcart Parrot Antique Brass Key Holder,home decor & festive needs,key feature craftcart parrot antique brass key holder pack     shape   parrot mount mechanism   screw craftcart parrot antique brass key holder     hook   brown   price   rs       designer brass key holder specification craftcart parrot antique brass key holder     hook   brown   general brand craftcart shape parrot model number kh parrot model parrot antique material brass finish antique number hook    mount mechanism screw color brown box sale package    key holder pack    dimension weight      g height     cm width     cm depth    cm,5c77aa1fc09901ae07c392c152a70e41.jpg,"[[255 255 255 ... 255 255 255]
 [255 255 255 ... 255 255 255]
 [255 255 255 ... 255 255 255]
 ...
 [255 255 255 ... 255 255 255]
 [255 255 255 ... 255 255 255]
 [255 255 255 ... 255 255 255]]"
640fd08bb3ba538d67a5c0c2c61a5c4c,SOS COMPUTRISED LCD INTRFERENTIAL UNIT-125PROG. MUSCLE SPASM Electrotherapy Device,beauty and personal care,specification sos computrise lcd intrferential unit     prog   muscle spasm electrotherapy device   sos       general treatment time     mnt desire display type lcd number programmable profile      design mussel nerve contracture electrode    warranty cover warranty year warranty summary year warranty service type offline service cover warranty breakage    mishandle power feature battery type n box sale package machine,640fd08bb3ba538d67a5c0c2c61a5c4c.jpg,"[[255 255 255 ... 255 255 255]
 [255 255 255 ... 255 255 255]
 [255 255 255 ... 255 255 255]
 ...
 [255 255 255 ... 255 255 255]
 [255 255 255 ... 255 255 255]
 [255 255 255 ... 255 255 255]]"
7241df1acae1fac892c692097ea3fb98,Sally Hansen La Cross 5 Pcs Festival Grooming Kit,beauty and personal care,flipkart com   buy sally hansen la cross    pc festival groom kit r       flipkart com     low price   genuine product      day replacement guarantee   free shipping   cash delivery,7241df1acae1fac892c692097ea3fb98.jpg,"[[255 255 255 ... 255 255 255]
 [255 255 255 ... 255 255 255]
 [255 255 255 ... 255 255 255]
 ...
 [255 255 255 ... 255 255 255]
 [255 255 255 ... 255 255 255]
 [255 255 255 ... 255 255 255]]"
a85a7dbd31267a7b02eda3a4d484632d,Svayam Premium Manicure Duo - Stainless Steel,beauty and personal care,flipkart com   buy svayam premium manicure duo    stainless steel r       flipkart com     low price   genuine product      day replacement guarantee   free shipping   cash delivery,a85a7dbd31267a7b02eda3a4d484632d.jpg,"[[255 255 255 ... 255 255 255]
 [255 255 255 ... 255 255 255]
 [255 255 255 ... 255 255 255]
 ...
 [255 255 255 ... 255 255 255]
 [255 255 255 ... 255 255 255]
 [255 255 255 ... 255 255 255]]"
13de17e59a92f8bcaec8bf103bbff8c1,Go Bonjour Stainless Steel 9 pc Manicure Kit,beauty and personal care,flipkart com   buy bonjour stainless steel    pc manicure kit r       flipkart com     low price   genuine product      day replacement guarantee   free shipping   cash delivery,13de17e59a92f8bcaec8bf103bbff8c1.jpg,"[[255 255 255 ... 255 255 255]
 [255 255 255 ... 254 255 255]
 [255 255 255 ... 255 255 255]
 ...
 [255 255 255 ... 255 255 255]
 [255 255 255 ... 254 254 254]
 [255 255 255 ... 254 254 254]]"
3ba13df7877fd979d64c87c7586a5ca6,Arsalan 10.5 inch Glass Hookah,home decor & festive needs,buy arsalan       inch glass hookah rs      online   arsalan       inch glass hookah good price free shipping    cash delivery   genuine product      day replacement guarantee,3ba13df7877fd979d64c87c7586a5ca6.jpg,"[[255 255 255 ... 255 255 255]
 [255 255 255 ... 255 255 255]
 [255 255 255 ... 255 255 255]
 ...
 [255 255 255 ... 255 255 255]
 [255 255 255 ... 255 255 255]
 [255 255 255 ... 255 255 255]]"
f1484a63c0dc79e96c98b2a250380ed8,Prithish Alphabets With Illustrations Double Color Ceramic Mug,kitchen & dining,"prithish alphabet illustration double color ceramic mug       ml 
                          price   rs     
				
			  talk coffee   wide selection cute catchy design mean sure   find quote say   way   mug bring smile   don t forget share   mug like great gift   mug beautifully design quality ink attractive graphic   perfect enjoyment     express   distinctive coffee mug freedom broadcast special message   holiday cheer love cupcake   affordable mug perfect gifting   know   break mug   bring laugh   happy sipping 
  talk coffee   wide selection cute catchy design mean sure   find quote say   way   mug bring smile   don t forget share   mug like great gift   mug beautifully design quality ink attractive graphic   perfect enjoyment     express   distinctive coffee mug freedom broadcast special message   holiday cheer love cupcake   affordable mug perfect gifting   know   break mug   bring laugh   happy sipping",f1484a63c0dc79e96c98b2a250380ed8.jpg,"[[255 255 255 ... 255 255 255]
 [255 255 255 ... 255 255 255]
 [255 255 255 ... 255 255 255]
 ...
 [255 255 255 ... 255 255 255]
 [255 255 255 ... 255 255 255]
 [255 255 255 ... 255 255 255]]"
f01ff0a82401117e9da22dd680fd2f36,Rockmantra Old Art Ceramic Mug,kitchen & dining,"rockmantra old art ceramic mug       l 
                          price   r     
				
			 thrilling fresh start day   exclusive creation rockmantra   mug feature porcelain craft ensure design stay permanent year come make perfect pick gift love one dishwasher microwave safe   product detail specification   material    ceramic  size         x   
 thrilling fresh start day   exclusive creation rockmantra   mug feature porcelain craft ensure design stay permanent year come make perfect pick gift love one dishwasher microwave safe   product detail specification   material    ceramic  size         x   ",f01ff0a82401117e9da22dd680fd2f36.jpg,"[[255 255 255 ... 255 255 255]
 [255 255 255 ... 255 255 255]
 [255 255 255 ... 255 255 255]
 ...
 [255 255 255 ... 255 255 255]
 [255 255 255 ... 255 255 255]
 [255 255 255 ... 255 255 255]]"
de911421573d3e234450040374b55b38,Prithish Word of The Day: Bullshit Double Color Ceramic Mug,kitchen & dining,"prithish word day   bullshit double color ceramic mug       ml 
                          price   rs     
				
			  talk coffee   wide selection cute catchy design mean sure   find quote say   way   mug bring smile   don t forget share   mug like great gift   mug beautifully design quality ink attractive graphic   perfect enjoyment     express   distinctive coffee mug freedom broadcast special message   holiday cheer love cupcake   affordable mug perfect gifting   know   break mug   bring laugh   happy sipping 
  talk coffee   wide selection cute catchy design mean sure   find quote say   way   mug bring smile   don t forget share   mug like great gift   mug beautifully design quality ink attractive graphic   perfect enjoyment     express   distinctive coffee mug freedom broadcast special message   holiday cheer love cupcake   affordable mug perfect gifting   know   break mug   bring laugh   happy sipping",de911421573d3e234450040374b55b38.jpg,"[[255 255 255 ... 255 255 255]
 [255 255 255 ... 255 255 255]
 [255 255 255 ... 255 255 255]
 ...
 [255 255 255 ... 255 255 255]
 [255 255 255 ... 255 255 255]
 [255 255 255 ... 255 255 255]]"
614dbfa2f42c4684c0bb6152091113a6,Prithish Independence Day Design 7 Ceramic Mug,kitchen & dining,buy prithish independence day design    ceramic mug rs      online   prithish independence day design    ceramic mug good price free shipping    cash delivery   genuine product      day replacement guarantee,614dbfa2f42c4684c0bb6152091113a6.jpg,"[[255 255 255 ... 255 255 255]
 [255 255 255 ... 255 255 255]
 [255 255 255 ... 255 255 255]
 ...
 [255 255 255 ... 255 255 255]
 [255 255 255 ... 255 255 255]
 [255 255 255 ... 255 255 255]]"
5531b9f454e2d75cfe00c3f795e06de5,Rockmantra Vintage Mini Leafs Ceramic Mug,kitchen & dining,"rockmantra vintage mini leafs ceramic mug       l 
                          price   r     
				
			 thrilling fresh start day   exclusive creation rockmantra   mug feature porcelain craft ensure design stay permanent year come make perfect pick gift love one dishwasher microwave safe   product detail specification   material    ceramic  size         x   
 thrilling fresh start day   exclusive creation rockmantra   mug feature porcelain craft ensure design stay permanent year come make perfect pick gift love one dishwasher microwave safe   product detail specification   material    ceramic  size         x   ",5531b9f454e2d75cfe00c3f795e06de5.jpg,"[[255 255 255 ... 255 255 255]
 [255 255 255 ... 255 255 255]
 [255 255 255 ... 255 255 255]
 ...
 [255 255 255 ... 255 255 255]
 [255 255 255 ... 255 255 255]
 [255 255 255 ... 255 255 255]]"
258444ac7bb7ad8026800efad5c3502b,Rajesh Digital BEST DAD 107 Ceramic Mug,kitchen & dining,buy rajesh digital good dad      ceramic mug r      online   rajesh digital good dad      ceramic mug good price free shipping    cash delivery   genuine product      day replacement guarantee,258444ac7bb7ad8026800efad5c3502b.jpg,"[[243 243 243 ... 243 242 242]
 [243 243 243 ... 242 242 242]
 [243 243 243 ... 242 242 242]
 ...
 [249 249 249 ... 250 250 249]
 [248 249 249 ... 250 250 249]
 [248 248 249 ... 250 250 250]]"
fd369a1bb58ae02cd925dda7e9e1d00a,Prithish Working on my own Grass Ceramic Mug,kitchen & dining,"prithish work grass ceramic mug       ml 
                          price   rs     
				
			  talk coffee   wide selection cute catchy design mean sure   find quote say   way   mug bring smile   don t forget share   mug like great gift   mug beautifully design quality ink attractive graphic   perfect enjoyment     express   distinctive coffee mug freedom broadcast special message   holiday cheer love cupcake   affordable mug perfect gifting   know   break mug   bring laugh   happy sipping 
  talk coffee   wide selection cute catchy design mean sure   find quote say   way   mug bring smile   don t forget share   mug like great gift   mug beautifully design quality ink attractive graphic   perfect enjoyment     express   distinctive coffee mug freedom broadcast special message   holiday cheer love cupcake   affordable mug perfect gifting   know   break mug   bring laugh   happy sipping",fd369a1bb58ae02cd925dda7e9e1d00a.jpg,"[[251 251 251 ... 255 255 255]
 [251 251 251 ... 255 255 255]
 [251 251 252 ... 255 255 255]
 ...
 [255 255 255 ... 255 255 255]
 [255 255 255 ... 255 255 255]
 [255 255 255 ... 255 255 255]]"
73f460cd6f3fd206902d7097a1816405,Rockmantra Fantasy Art 18 Ceramic Mug,kitchen & dining,"rockmantra fantasy art     ceramic mug       l 
                          price   r     
				
			 thrilling fresh start day   exclusive creation rockmantra   mug feature porcelain craft ensure design stay permanent year come make perfect pick gift love one dishwasher microwave safe   product detail specification   material    ceramic  size         x   
 thrilling fresh start day   exclusive creation rockmantra   mug feature porcelain craft ensure design stay permanent year come make perfect pick gift love one dishwasher microwave safe   product detail specification   material    ceramic  size         x   ",73f460cd6f3fd206902d7097a1816405.jpg,"[[255 255 255 ... 255 255 255]
 [255 255 255 ... 255 255 255]
 [255 255 255 ... 255 255 255]
 ...
 [255 255 255 ... 255 255 255]
 [255 255 255 ... 255 255 255]
 [255 255 255 ... 255 255 255]]"
0d3e1dc0d38be59e9927e47f152e48aa,Prithish Gemini Black Ceramic Mug,kitchen & dining,buy prithish gemini black ceramic mug rs      online   prithish gemini black ceramic mug good price free shipping    cash delivery   genuine product      day replacement guarantee,0d3e1dc0d38be59e9927e47f152e48aa.jpg,"[[255 255 255 ... 255 255 255]
 [255 255 255 ... 255 255 255]
 [255 255 255 ... 255 255 255]
 ...
 [255 255 255 ... 255 255 255]
 [255 255 255 ... 255 255 255]
 [255 255 255 ... 255 255 255]]"
118b411bf265538461b084ce7abd55a8,Rockmantra Night City Ceramic Mug,kitchen & dining,"rockmantra night city ceramic mug       l 
                          price   r     
				
			 thrilling fresh start day   exclusive creation rockmantra   mug feature porcelain craft ensure design stay permanent year come make perfect pick gift love one dishwasher microwave safe   product detail specification   material    ceramic  size         x   
 thrilling fresh start day   exclusive creation rockmantra   mug feature porcelain craft ensure design stay permanent year come make perfect pick gift love one dishwasher microwave safe   product detail specification   material    ceramic  size         x   ",118b411bf265538461b084ce7abd55a8.jpg,"[[255 255 255 ... 255 255 255]
 [255 255 255 ... 255 255 255]
 [255 255 255 ... 255 255 255]
 ...
 [255 255 255 ... 255 255 255]
 [255 255 255 ... 255 255 255]
 [255 255 255 ... 255 255 255]]"
06749cbff1487f470438823f6952cfd1,Prithish Hop Jump Skip Black Ceramic Mug,kitchen & dining,"prithish hop jump skip black ceramic mug       ml 
                          price   rs     
				
			  talk coffee   wide selection cute catchy design mean sure   find quote say   way   mug bring smile   don t forget share   mug like great gift   mug beautifully design quality ink attractive graphic   perfect enjoyment     express   distinctive coffee mug freedom broadcast special message   holiday cheer love cupcake   affordable mug perfect gifting   know   break mug   bring laugh   happy sipping 
  talk coffee   wide selection cute catchy design mean sure   find quote say   way   mug bring smile   don t forget share   mug like great gift   mug beautifully design quality ink attractive graphic   perfect enjoyment     express   distinctive coffee mug freedom broadcast special message   holiday cheer love cupcake   affordable mug perfect gifting   know   break mug   bring laugh   happy sipping",06749cbff1487f470438823f6952cfd1.jpg,"[[255 255 255 ... 255 255 255]
 [255 255 255 ... 255 255 255]
 [255 255 255 ... 255 255 255]
 ...
 [255 255 255 ... 255 255 255]
 [255 255 255 ... 255 255 255]
 [255 255 255 ... 255 255 255]]"
202fc276e672eb8c29891aa50aef0771,Rockmantra Fogg Tree Ceramic Mug,kitchen & dining,"rockmantra fogg tree ceramic mug       l 
                          price   r     
				
			 thrilling fresh start day   exclusive creation rockmantra   mug feature porcelain craft ensure design stay permanent year come make perfect pick gift love one dishwasher microwave safe   product detail specification   material    ceramic  size         x   
 thrilling fresh start day   exclusive creation rockmantra   mug feature porcelain craft ensure design stay permanent year come make perfect pick gift love one dishwasher microwave safe   product detail specification   material    ceramic  size         x   ",202fc276e672eb8c29891aa50aef0771.jpg,"[[255 255 255 ... 255 255 255]
 [255 255 255 ... 255 255 255]
 [255 255 255 ... 255 255 255]
 ...
 [255 255 255 ... 255 255 255]
 [255 255 255 ... 255 255 255]
 [255 255 255 ... 255 255 255]]"
feefbdff924dd6b7cc266449c9a36d69,Rockmantra Red Flowers In Bucket Ceramic Mug,kitchen & dining,"rockmantra red flower bucket ceramic mug       l 
                          price   r     
				
			 thrilling fresh start day   exclusive creation rockmantra   mug feature porcelain craft ensure design stay permanent year come make perfect pick gift love one dishwasher microwave safe   product detail specification   material    ceramic  size         x   
 thrilling fresh start day   exclusive creation rockmantra   mug feature porcelain craft ensure design stay permanent year come make perfect pick gift love one dishwasher microwave safe   product detail specification   material    ceramic  size         x   ",feefbdff924dd6b7cc266449c9a36d69.jpg,"[[255 255 255 ... 255 255 255]
 [255 255 255 ... 255 255 255]
 [255 255 255 ... 255 255 255]
 ...
 [255 255 255 ... 255 255 255]
 [255 255 255 ... 255 255 255]
 [255 255 255 ... 255 255 255]]"
af1ac46194b5488048c459102a16a57e,Rockmantra Abstracts 16 Ceramic Mug,kitchen & dining,"rockmantra abstract     ceramic mug       l 
                          price   r     
				
			 thrilling fresh start day   exclusive creation rockmantra   mug feature porcelain craft ensure design stay permanent year come make perfect pick gift love one dishwasher microwave safe   product detail specification   material    ceramic  size         x   
 thrilling fresh start day   exclusive creation rockmantra   mug feature porcelain craft ensure design stay permanent year come make perfect pick gift love one dishwasher microwave safe   product detail specification   material    ceramic  size         x   ",af1ac46194b5488048c459102a16a57e.jpg,"[[255 255 255 ... 255 255 255]
 [255 255 255 ... 255 255 255]
 [255 255 255 ... 255 255 255]
 ...
 [255 255 255 ... 255 255 255]
 [255 255 255 ... 255 255 255]
 [255 255 255 ... 255 255 255]]"
a1fd886094826c3f25c6ffb380073974,Prithish Warm Up The Evil In Me Double Color Ceramic Mug,kitchen & dining,buy prithish warm evil double color ceramic mug rs      online   prithish warm evil double color ceramic mug good price free shipping    cash delivery   genuine product      day replacement guarantee,a1fd886094826c3f25c6ffb380073974.jpg,"[[255 255 255 ... 255 255 255]
 [255 255 255 ... 255 255 255]
 [255 255 255 ... 255 255 255]
 ...
 [255 255 255 ... 255 255 255]
 [255 255 255 ... 255 255 255]
 [255 255 255 ... 255 255 255]]"
3847353a4b8de1efc504d589aea74ffe,Rockmantra Tele PhoneRMMW50000160 Ceramic Mug,kitchen & dining,"rockmantra tele phonermmw          ceramic mug       l 
                          price   r     
				
			 thrilling fresh start day   exclusive creation rockmantra   mug feature porcelain craft ensure design stay permanent year come make perfect pick gift love one dishwasher microwave safe   product detail specification   material    ceramic  size         x   
 thrilling fresh start day   exclusive creation rockmantra   mug feature porcelain craft ensure design stay permanent year come make perfect pick gift love one dishwasher microwave safe   product detail specification   material    ceramic  size         x   ",3847353a4b8de1efc504d589aea74ffe.jpg,"[[255 255 255 ... 255 255 255]
 [255 255 255 ... 255 255 255]
 [255 255 255 ... 255 255 255]
 ...
 [255 255 255 ... 255 255 255]
 [255 255 255 ... 255 255 255]
 [255 255 255 ... 255 255 255]]"
60efd61370e70267dc60b11ff2bf974c,Prithish Abstract Design 40 Ceramic Mug,kitchen & dining,buy prithish abstract design     ceramic mug rs      online   prithish abstract design     ceramic mug good price free shipping    cash delivery   genuine product      day replacement guarantee,60efd61370e70267dc60b11ff2bf974c.jpg,"[[251 251 251 ... 255 255 255]
 [251 251 251 ... 255 255 255]
 [251 251 251 ... 255 255 255]
 ...
 [255 255 255 ... 255 255 255]
 [255 255 255 ... 255 255 255]
 [255 255 255 ... 255 255 255]]"
63bc43c0000e71eb11bfafd2f46214a4,Printland PMBA1044 Ceramic Mug,kitchen & dining,"printland pmba      ceramic mug       ml 
                          price   rs     
				
			 printland coffee mug adorable fantastic coffee mug   enjoy morning coffee tea huge mug   ceramic material   perfect add kitchen wardrobe   look stylish    elegant serve tea coffee mug casual home   perfect gift present loved 
 printland coffee mug adorable fantastic coffee mug   enjoy morning coffee tea huge mug   ceramic material   perfect add kitchen wardrobe   look stylish    elegant serve tea coffee mug casual home   perfect gift present loved",63bc43c0000e71eb11bfafd2f46214a4.jpg,"[[254 254 254 ... 254 254 254]
 [254 254 254 ... 254 254 254]
 [254 254 254 ... 254 254 254]
 ...
 [254 254 254 ... 254 254 254]
 [254 254 254 ... 254 254 254]
 [254 254 254 ... 255 255 255]]"
f8794f7a06b530782c66f7c0911bb437,Rockmantra Fantasy ArtRMMW50000330 Ceramic Mug,kitchen & dining,"rockmantra fantasy artrmmw          ceramic mug       l 
                          price   r     
				
			 thrilling fresh start day   exclusive creation rockmantra   mug feature porcelain craft ensure design stay permanent year come make perfect pick gift love one dishwasher microwave safe   product detail specification   material    ceramic  size         x   
 thrilling fresh start day   exclusive creation rockmantra   mug feature porcelain craft ensure design stay permanent year come make perfect pick gift love one dishwasher microwave safe   product detail specification   material    ceramic  size         x   ",f8794f7a06b530782c66f7c0911bb437.jpg,"[[255 255 255 ... 255 255 255]
 [255 255 255 ... 255 255 255]
 [255 255 255 ... 255 255 255]
 ...
 [255 255 255 ... 255 255 255]
 [255 255 255 ... 255 255 255]
 [255 255 255 ... 255 255 255]]"
8507eb0ef32c1c0db700f20aad6d9bcd,Rockmantra Sonakshi Sinha Beautiful Look Ceramic Mug,kitchen & dining,"rockmantra sonakshi sinha beautiful look ceramic mug       l 
                          price   r     
				
			 thrilling fresh start day   exclusive creation rockmantra   mug feature porcelain craft ensure design stay permanent year come make perfect pick gift love one dishwasher microwave safe   product detail specification   material    ceramic  size         x   
 thrilling fresh start day   exclusive creation rockmantra   mug feature porcelain craft ensure design stay permanent year come make perfect pick gift love one dishwasher microwave safe   product detail specification   material    ceramic  size         x   ",8507eb0ef32c1c0db700f20aad6d9bcd.jpg,"[[255 255 255 ... 255 255 255]
 [255 255 255 ... 255 255 255]
 [255 255 255 ... 255 255 255]
 ...
 [255 255 255 ... 255 255 255]
 [255 255 255 ... 255 255 255]
 [255 255 255 ... 255 255 255]]"
fc7abdf67b4d7dbf64dffbab7b37599c,Prithish Monster Kids Ceramic Mug,kitchen & dining,buy prithish monster kids ceramic mug rs      online   prithish monster kids ceramic mug good price free shipping    cash delivery   genuine product      day replacement guarantee,fc7abdf67b4d7dbf64dffbab7b37599c.jpg,"[[251 251 251 ... 255 255 255]
 [251 251 251 ... 255 255 255]
 [251 251 251 ... 255 255 255]
 ...
 [255 255 255 ... 255 255 255]
 [255 255 255 ... 255 255 255]
 [255 255 255 ... 255 255 255]]"
1afa5f2c3c9b4b43def6dc2e695d2c87,Printland PMR1336 Ceramic Mug,kitchen & dining,"printland pmr      ceramic mug       g 
                          price   rs     
				
			 printland coffee mug adorable fantastic coffee mug   enjoy morning coffee tea huge mug   ceramic material   perfect add kitchen wardrobe   look stylish    elegant serve tea coffee mug casual home   perfect gift present loved 
 printland coffee mug adorable fantastic coffee mug   enjoy morning coffee tea huge mug   ceramic material   perfect add kitchen wardrobe   look stylish    elegant serve tea coffee mug casual home   perfect gift present loved",1afa5f2c3c9b4b43def6dc2e695d2c87.jpg,"[[255 255 255 ... 255 255 255]
 [255 255 255 ... 255 255 255]
 [255 255 255 ... 255 255 255]
 ...
 [255 255 255 ... 255 255 255]
 [255 255 255 ... 255 255 255]
 [255 255 255 ... 255 255 255]]"
73503fe89ea77420a598f4a1019e5b6d,Prithish Pscychological Illusions Design 5 Ceramic Mug,kitchen & dining,"prithish pscychological illusion design    ceramic mug       ml 
                          price   rs     
				
			  talk coffee   wide selection cute catchy design mean sure   find quote say   way   mug bring smile   don t forget share   mug like great gift   mug beautifully design quality ink attractive graphic   perfect enjoyment     express   distinctive coffee mug freedom broadcast special message   holiday cheer love cupcake   affordable mug perfect gifting   know   break mug   bring laugh   happy sipping 
  talk coffee   wide selection cute catchy design mean sure   find quote say   way   mug bring smile   don t forget share   mug like great gift   mug beautifully design quality ink attractive graphic   perfect enjoyment     express   distinctive coffee mug freedom broadcast special message   holiday cheer love cupcake   affordable mug perfect gifting   know   break mug   bring laugh   happy sipping",73503fe89ea77420a598f4a1019e5b6d.jpg,"[[251 251 251 ... 255 255 255]
 [251 251 251 ... 255 255 255]
 [251 251 251 ... 255 255 255]
 ...
 [255 255 255 ... 255 255 255]
 [255 255 255 ... 255 255 255]
 [255 255 255 ... 255 255 255]]"
ec590694e8bf85f75c9200cf418127aa,Prithish Abstract Design 21 Ceramic Mug,kitchen & dining,buy prithish abstract design     ceramic mug rs      online   prithish abstract design     ceramic mug good price free shipping    cash delivery   genuine product      day replacement guarantee,ec590694e8bf85f75c9200cf418127aa.jpg,"[[251 251 251 ... 255 255 255]
 [251 251 251 ... 255 255 255]
 [251 251 251 ... 255 255 255]
 ...
 [255 255 255 ... 255 255 255]
 [255 255 255 ... 255 255 255]
 [255 255 255 ... 255 255 255]]"
7956d9586de3e25ff586bca58be7195e,Rockmantra 3d Flawers 2 Ceramic Mug,kitchen & dining,"rockmantra   d flawer    ceramic mug       l 
                          price   r     
				
			 thrilling fresh start day   exclusive creation rockmantra   mug feature porcelain craft ensure design stay permanent year come make perfect pick gift love one dishwasher microwave safe   product detail specification   material    ceramic  size         x   
 thrilling fresh start day   exclusive creation rockmantra   mug feature porcelain craft ensure design stay permanent year come make perfect pick gift love one dishwasher microwave safe   product detail specification   material    ceramic  size         x   ",7956d9586de3e25ff586bca58be7195e.jpg,"[[255 255 255 ... 255 255 255]
 [255 255 255 ... 255 255 255]
 [255 255 255 ... 255 255 255]
 ...
 [255 255 255 ... 255 255 255]
 [255 255 255 ... 255 255 255]
 [255 255 255 ... 255 255 255]]"
63f6ef8f3fda2c306b27cfbf5a005f1e,Rockmantra Cute Beautiful Girl Playing With Her Hair Ceramic Mug,kitchen & dining,"rockmantra cute beautiful girl play hair ceramic mug       l 
                          price   r     
				
			 thrilling fresh start day   exclusive creation rockmantra   mug feature porcelain craft ensure design stay permanent year come make perfect pick gift love one dishwasher microwave safe   product detail specification   material    ceramic  size         x   
 thrilling fresh start day   exclusive creation rockmantra   mug feature porcelain craft ensure design stay permanent year come make perfect pick gift love one dishwasher microwave safe   product detail specification   material    ceramic  size         x   ",63f6ef8f3fda2c306b27cfbf5a005f1e.jpg,"[[255 255 255 ... 255 255 255]
 [255 255 255 ... 255 255 255]
 [255 255 255 ... 255 255 255]
 ...
 [255 255 255 ... 255 255 255]
 [255 255 255 ... 255 255 255]
 [255 255 255 ... 255 255 255]]"
328b66226952d8733c0c48295fae1108,Printland PMR1918 Ceramic Mug,kitchen & dining,"printland pmr      ceramic mug       ml 
                          price   rs     
				
			 printland coffee mug adorable fantastic coffee mug   enjoy morning coffee tea huge mug   ceramic material   perfect add kitchen wardrobe   look stylish    elegant serve tea coffee mug casual home   perfect gift present loved 
 printland coffee mug adorable fantastic coffee mug   enjoy morning coffee tea huge mug   ceramic material   perfect add kitchen wardrobe   look stylish    elegant serve tea coffee mug casual home   perfect gift present loved",328b66226952d8733c0c48295fae1108.jpg,"[[255 255 255 ... 255 255 255]
 [255 255 255 ... 255 255 255]
 [255 255 255 ... 255 255 255]
 ...
 [255 255 255 ... 255 255 255]
 [255 255 255 ... 255 255 255]
 [255 255 255 ... 255 255 255]]"
6efd5d260667b94f04edbbd18bb300b9,Printland PMBA1872 Ceramic Mug,kitchen & dining,"printland pmba      ceramic mug       ml 
                          price   rs     
				
			 printland coffee mug adorable fantastic coffee mug   enjoy morning coffee tea huge mug   ceramic material   perfect add kitchen wardrobe   look stylish    elegant serve tea coffee mug casual home   perfect gift present loved 
 printland coffee mug adorable fantastic coffee mug   enjoy morning coffee tea huge mug   ceramic material   perfect add kitchen wardrobe   look stylish    elegant serve tea coffee mug casual home   perfect gift present loved",6efd5d260667b94f04edbbd18bb300b9.jpg,"[[254 254 254 ... 254 254 254]
 [254 254 254 ... 254 254 254]
 [254 254 254 ... 254 254 254]
 ...
 [254 254 254 ... 254 254 254]
 [254 254 254 ... 254 254 254]
 [254 254 254 ... 255 255 255]]"
beaa6285a2b9c66db0e294767711ca3f,Prithish Better Than Having You For A Husband Double Color Ceramic Mug,kitchen & dining,"prithish well have husband double color ceramic mug       ml 
                          price   rs     
				
			  talk coffee   wide selection cute catchy design mean sure   find quote say   way   mug bring smile   don t forget share   mug like great gift   mug beautifully design quality ink attractive graphic   perfect enjoyment     express   distinctive coffee mug freedom broadcast special message   holiday cheer love cupcake   affordable mug perfect gifting   know   break mug   bring laugh   happy sipping 
  talk coffee   wide selection cute catchy design mean sure   find quote say   way   mug bring smile   don t forget share   mug like great gift   mug beautifully design quality ink attractive graphic   perfect enjoyment     express   distinctive coffee mug freedom broadcast special message   holiday cheer love cupcake   affordable mug perfect gifting   know   break mug   bring laugh   happy sipping",beaa6285a2b9c66db0e294767711ca3f.jpg,"[[255 255 255 ... 255 255 255]
 [255 255 255 ... 255 255 255]
 [255 255 255 ... 255 255 255]
 ...
 [255 255 255 ... 255 255 255]
 [255 255 255 ... 255 255 255]
 [255 255 255 ... 255 255 255]]"
41fd5af61752be98b19b611a6ff9a0ef,Prithish Friend Indeed Ceramic Mug,kitchen & dining,buy prithish friend ceramic mug rs      online   prithish friend ceramic mug good price free shipping    cash delivery   genuine product      day replacement guarantee,41fd5af61752be98b19b611a6ff9a0ef.jpg,"[[255 255 255 ... 255 255 255]
 [255 255 255 ... 255 255 255]
 [255 255 255 ... 255 255 255]
 ...
 [255 255 255 ... 255 255 255]
 [255 255 255 ... 255 255 255]
 [255 255 255 ... 255 255 255]]"
219b24362655097cb41bf06a0be8ee79,Prithish Merry Christmas Design 4 Double Color Ceramic Mug,kitchen & dining,"prithish merry christmas design    double color ceramic mug       ml 
                          price   rs     
				
			  talk coffee   wide selection cute catchy design mean sure   find quote say   way   mug bring smile   don t forget share   mug like great gift   mug beautifully design quality ink attractive graphic   perfect enjoyment     express   distinctive coffee mug freedom broadcast special message   holiday cheer love cupcake   affordable mug perfect gifting   know   break mug   bring laugh   happy sipping 
  talk coffee   wide selection cute catchy design mean sure   find quote say   way   mug bring smile   don t forget share   mug like great gift   mug beautifully design quality ink attractive graphic   perfect enjoyment     express   distinctive coffee mug freedom broadcast special message   holiday cheer love cupcake   affordable mug perfect gifting   know   break mug   bring laugh   happy sipping",219b24362655097cb41bf06a0be8ee79.jpg,"[[255 255 255 ... 255 255 255]
 [255 255 255 ... 255 255 255]
 [255 255 255 ... 255 255 255]
 ...
 [255 255 255 ... 255 255 255]
 [255 255 255 ... 255 255 255]
 [255 255 255 ... 255 255 255]]"
b5d1b8ef70b1ce27726f7f6c2f373e56,Rockmantra Classic Vintage Black Car Ceramic Mug,kitchen & dining,"rockmantra classic vintage black car ceramic mug       l 
                          price   r     
				
			 thrilling fresh start day   exclusive creation rockmantra   mug feature porcelain craft ensure design stay permanent year come make perfect pick gift love one dishwasher microwave safe   product detail specification   material    ceramic  size         x   
 thrilling fresh start day   exclusive creation rockmantra   mug feature porcelain craft ensure design stay permanent year come make perfect pick gift love one dishwasher microwave safe   product detail specification   material    ceramic  size         x   ",b5d1b8ef70b1ce27726f7f6c2f373e56.jpg,"[[255 255 255 ... 255 255 255]
 [255 255 255 ... 255 255 255]
 [255 255 255 ... 255 255 255]
 ...
 [255 255 255 ... 255 255 255]
 [255 255 255 ... 255 255 255]
 [255 255 255 ... 255 255 255]]"
69515ea06da8b2b1c881ce34fbf6575a,Prithish Aries Black Ceramic Mug,kitchen & dining,buy prithish arie black ceramic mug rs      online   prithish arie black ceramic mug good price free shipping    cash delivery   genuine product      day replacement guarantee,69515ea06da8b2b1c881ce34fbf6575a.jpg,"[[255 255 255 ... 255 255 255]
 [255 255 255 ... 255 255 255]
 [255 255 255 ... 255 255 255]
 ...
 [255 255 255 ... 255 255 255]
 [255 255 255 ... 255 255 255]
 [255 255 255 ... 255 255 255]]"
02127f52e96fb72c66bf081d25104ef8,Prithish Believe In Yourself Double Color Ceramic Mug,kitchen & dining,"prithish believe double color ceramic mug       ml 
                          price   rs     
				
			  talk coffee   wide selection cute catchy design mean sure   find quote say   way   mug bring smile   don t forget share   mug like great gift   mug beautifully design quality ink attractive graphic   perfect enjoyment     express   distinctive coffee mug freedom broadcast special message   holiday cheer love cupcake   affordable mug perfect gifting   know   break mug   bring laugh   happy sipping 
  talk coffee   wide selection cute catchy design mean sure   find quote say   way   mug bring smile   don t forget share   mug like great gift   mug beautifully design quality ink attractive graphic   perfect enjoyment     express   distinctive coffee mug freedom broadcast special message   holiday cheer love cupcake   affordable mug perfect gifting   know   break mug   bring laugh   happy sipping",02127f52e96fb72c66bf081d25104ef8.jpg,"[[255 255 254 ... 255 255 255]
 [255 255 255 ... 255 255 255]
 [255 255 255 ... 255 255 255]
 ...
 [255 255 255 ... 255 255 255]
 [255 255 255 ... 255 255 255]
 [255 255 255 ... 255 255 255]]"
c4581cae6bf751a7ae5c40bb16b74e98,Printland PMBA1310 Ceramic Mug,kitchen & dining,"printland pmba      ceramic mug       g 
                          price   rs     
				
			 printland coffee mug adorable fantastic coffee mug   enjoy morning coffee tea huge mug   ceramic material   perfect add kitchen wardrobe   look stylish    elegant serve tea coffee mug casual home   perfect gift present loved 
 printland coffee mug adorable fantastic coffee mug   enjoy morning coffee tea huge mug   ceramic material   perfect add kitchen wardrobe   look stylish    elegant serve tea coffee mug casual home   perfect gift present loved",c4581cae6bf751a7ae5c40bb16b74e98.jpg,"[[254 254 254 ... 254 254 254]
 [254 254 254 ... 254 254 254]
 [254 254 254 ... 254 254 254]
 ...
 [254 254 254 ... 254 254 254]
 [254 254 254 ... 254 254 254]
 [254 254 254 ... 255 255 255]]"
c8f42da0f9f695f07067676eae4135c8,Rockmantra Colorful Ceramic Mug,kitchen & dining,"rockmantra colorful ceramic mug       l 
                          price   r     
				
			 thrilling fresh start day   exclusive creation rockmantra   mug feature porcelain craft ensure design stay permanent year come make perfect pick gift love one dishwasher microwave safe   product detail specification   material    ceramic  size         x   
 thrilling fresh start day   exclusive creation rockmantra   mug feature porcelain craft ensure design stay permanent year come make perfect pick gift love one dishwasher microwave safe   product detail specification   material    ceramic  size         x   ",c8f42da0f9f695f07067676eae4135c8.jpg,"[[255 255 255 ... 255 255 255]
 [255 255 255 ... 255 255 255]
 [255 255 255 ... 255 255 255]
 ...
 [255 255 255 ... 255 255 255]
 [255 255 255 ... 255 255 255]
 [255 255 255 ... 255 255 255]]"
785b4383b12106dd172306d427d8f7b2,Rockmantra Cute Two Cats Ceramic Mug,kitchen & dining,"rockmantra cute cat ceramic mug       l 
                          price   r     
				
			 thrilling fresh start day   exclusive creation rockmantra   mug feature porcelain craft ensure design stay permanent year come make perfect pick gift love one dishwasher microwave safe   product detail specification   material    ceramic  size         x   
 thrilling fresh start day   exclusive creation rockmantra   mug feature porcelain craft ensure design stay permanent year come make perfect pick gift love one dishwasher microwave safe   product detail specification   material    ceramic  size         x   ",785b4383b12106dd172306d427d8f7b2.jpg,"[[255 255 255 ... 255 255 255]
 [255 255 255 ... 255 255 255]
 [255 255 255 ... 255 255 255]
 ...
 [255 255 255 ... 255 255 255]
 [255 255 255 ... 255 255 255]
 [255 255 255 ... 255 255 255]]"
d19d17140fdd9adc09ba6e2ad1e1ebb9,Prithish Happy Birthday Ceramic Mug,kitchen & dining,buy prithish happy birthday ceramic mug rs      online   prithish happy birthday ceramic mug good price free shipping    cash delivery   genuine product      day replacement guarantee,d19d17140fdd9adc09ba6e2ad1e1ebb9.jpg,"[[251 251 251 ... 255 255 255]
 [251 251 251 ... 255 255 255]
 [251 251 251 ... 255 255 255]
 ...
 [255 255 255 ... 255 255 255]
 [255 255 255 ... 255 255 255]
 [255 255 255 ... 255 255 255]]"
aadbc3b9c32c4535b1bfee7321c4c0e7,Printland PMR1174 Ceramic Mug,kitchen & dining,buy printland pmr      ceramic mug r      online   printland pmr      ceramic mug good price free shipping    cash delivery   genuine product      day replacement guarantee,aadbc3b9c32c4535b1bfee7321c4c0e7.jpg,"[[255 255 255 ... 255 255 255]
 [255 255 255 ... 255 255 255]
 [255 255 255 ... 255 255 255]
 ...
 [255 255 255 ... 255 255 255]
 [255 255 255 ... 255 255 255]
 [255 255 255 ... 255 255 255]]"
ea16e13a7cf16d8665d1bc44738dfa88,Printland PMR1464 Ceramic Mug,kitchen & dining,"printland pmr      ceramic mug       g 
                          price   rs     
				
			 printland coffee mug adorable fantastic coffee mug   enjoy morning coffee tea huge mug   ceramic material   perfect add kitchen wardrobe   look stylish    elegant serve tea coffee mug casual home   perfect gift present loved 
 printland coffee mug adorable fantastic coffee mug   enjoy morning coffee tea huge mug   ceramic material   perfect add kitchen wardrobe   look stylish    elegant serve tea coffee mug casual home   perfect gift present loved",ea16e13a7cf16d8665d1bc44738dfa88.jpg,"[[255 255 255 ... 255 255 255]
 [255 255 255 ... 255 255 255]
 [255 255 255 ... 255 255 255]
 ...
 [255 255 255 ... 255 255 255]
 [255 255 255 ... 255 255 255]
 [255 255 255 ... 255 255 255]]"
a341f915962ee99754e962520f279708,Prithish Never Ever Give Up Ceramic Mug,kitchen & dining,"prithish ceramic mug       ml 
                          price   rs     
				
			  talk coffee   wide selection cute catchy design mean sure   find quote say   way   mug bring smile   don t forget share   mug like great gift   mug beautifully design quality ink attractive graphic   perfect enjoyment     express   distinctive coffee mug freedom broadcast special message   holiday cheer love cupcake   affordable mug perfect gifting   know   break mug   bring laugh   happy sipping 
  talk coffee   wide selection cute catchy design mean sure   find quote say   way   mug bring smile   don t forget share   mug like great gift   mug beautifully design quality ink attractive graphic   perfect enjoyment     express   distinctive coffee mug freedom broadcast special message   holiday cheer love cupcake   affordable mug perfect gifting   know   break mug   bring laugh   happy sipping",a341f915962ee99754e962520f279708.jpg,"[[255 255 255 ... 255 255 255]
 [255 255 255 ... 255 255 255]
 [255 255 255 ... 255 255 255]
 ...
 [255 255 255 ... 255 255 255]
 [255 255 255 ... 255 255 255]
 [255 255 255 ... 255 255 255]]"
9077acd25761ea067ac6d9369d8fdf16,Prithish Eye Abstract Painting Ceramic Mug,kitchen & dining,"prithish eye abstract paint ceramic mug       ml 
                          price   rs     
				
			  talk coffee   wide selection cute catchy design mean sure   find quote say   way   mug bring smile   don t forget share   mug like great gift   mug beautifully design quality ink attractive graphic   perfect enjoyment     express   distinctive coffee mug freedom broadcast special message   holiday cheer love cupcake   affordable mug perfect gifting   know   break mug   bring laugh   happy sipping 
  talk coffee   wide selection cute catchy design mean sure   find quote say   way   mug bring smile   don t forget share   mug like great gift   mug beautifully design quality ink attractive graphic   perfect enjoyment     express   distinctive coffee mug freedom broadcast special message   holiday cheer love cupcake   affordable mug perfect gifting   know   break mug   bring laugh   happy sipping",9077acd25761ea067ac6d9369d8fdf16.jpg,"[[251 251 251 ... 255 255 255]
 [251 251 251 ... 255 255 255]
 [251 251 251 ... 255 255 255]
 ...
 [255 255 255 ... 255 255 255]
 [255 255 255 ... 255 255 255]
 [255 255 255 ... 255 255 255]]"
cab75cad4b3a3c593c753a1759df28e2,Prithish We're All Mad Here Ceramic Mug,kitchen & dining,buy prithish mad ceramic mug rs      online   prithish mad ceramic mug good price free shipping    cash delivery   genuine product      day replacement guarantee,cab75cad4b3a3c593c753a1759df28e2.jpg,"[[251 251 251 ... 255 255 255]
 [251 251 251 ... 255 255 255]
 [251 251 251 ... 255 255 255]
 ...
 [255 255 255 ... 255 255 255]
 [255 255 255 ... 255 255 255]
 [255 255 255 ... 255 255 255]]"
c5590e238d44b370337624f5987fb9b8,Rockmantra Abstrcts 8 Ceramic Mug,kitchen & dining,"rockmantra abstrct    ceramic mug       l 
                          price   r     
				
			 thrilling fresh start day   exclusive creation rockmantra   mug feature porcelain craft ensure design stay permanent year come make perfect pick gift love one dishwasher microwave safe   product detail specification   material    ceramic  size         x   
 thrilling fresh start day   exclusive creation rockmantra   mug feature porcelain craft ensure design stay permanent year come make perfect pick gift love one dishwasher microwave safe   product detail specification   material    ceramic  size         x   ",c5590e238d44b370337624f5987fb9b8.jpg,"[[255 255 255 ... 255 255 255]
 [255 255 255 ... 255 255 255]
 [255 255 255 ... 255 255 255]
 ...
 [255 255 255 ... 255 255 255]
 [255 255 255 ... 255 255 255]
 [255 255 255 ... 255 255 255]]"
6b043b37c38f081d96886acb5acfbdf5,Rockmantra Water Fire Ceramic Mug,kitchen & dining,"rockmantra water fire ceramic mug       l 
                          price   r     
				
			 thrilling fresh start day   exclusive creation rockmantra   mug feature porcelain craft ensure design stay permanent year come make perfect pick gift love one dishwasher microwave safe   product detail specification   material    ceramic  size         x   
 thrilling fresh start day   exclusive creation rockmantra   mug feature porcelain craft ensure design stay permanent year come make perfect pick gift love one dishwasher microwave safe   product detail specification   material    ceramic  size         x   ",6b043b37c38f081d96886acb5acfbdf5.jpg,"[[255 255 255 ... 255 255 255]
 [255 255 255 ... 255 255 255]
 [255 255 255 ... 255 255 255]
 ...
 [255 255 255 ... 255 255 255]
 [255 255 255 ... 255 255 255]
 [255 255 255 ... 255 255 255]]"
b92e13d5ef945d086fd4f42b95bc04ac,Prithish Independence Day Design 9 Double Color Ceramic Mug,kitchen & dining,buy prithish independence day design    double color ceramic mug rs      online   prithish independence day design    double color ceramic mug good price free shipping    cash delivery   genuine product      day replacement guarantee,b92e13d5ef945d086fd4f42b95bc04ac.jpg,"[[255 255 255 ... 255 255 255]
 [255 255 255 ... 255 255 255]
 [255 255 255 ... 255 255 255]
 ...
 [255 255 255 ... 255 255 255]
 [255 255 255 ... 255 255 255]
 [255 255 255 ... 255 255 255]]"
22ea3b69860bc9a5e0c69b87db2dcdab,Prithish I'm A Mom. What'S Your Superpower? Red with Blue Bubbles Double Coloured Ceramic Mug,kitchen & dining,buy prithish m mom   s superpower   red blue bubble double coloured ceramic mug rs      online   prithish m mom   s superpower   red blue bubble double coloured ceramic mug good price free shipping    cash delivery   genuine product      day replacement guarantee,22ea3b69860bc9a5e0c69b87db2dcdab.jpg,"[[255 255 255 ... 255 255 255]
 [255 255 255 ... 255 255 255]
 [255 255 255 ... 255 255 255]
 ...
 [255 255 255 ... 255 255 255]
 [255 255 255 ... 255 255 255]
 [255 255 255 ... 255 255 255]]"
154920adb9d584b55d419227f9b01cc6,Printland PMR1051 Ceramic Mug,kitchen & dining,"printland pmr      ceramic mug       ml 
                          price   rs     
				
			 printland coffee mug adorable fantastic coffee mug   enjoy morning coffee tea huge mug   ceramic material   perfect add kitchen wardrobe   look stylish    elegant serve tea coffee mug casual home   perfect gift present loved 
 printland coffee mug adorable fantastic coffee mug   enjoy morning coffee tea huge mug   ceramic material   perfect add kitchen wardrobe   look stylish    elegant serve tea coffee mug casual home   perfect gift present loved",154920adb9d584b55d419227f9b01cc6.jpg,"[[255 255 255 ... 255 255 255]
 [255 255 255 ... 255 255 255]
 [255 255 255 ... 255 255 255]
 ...
 [255 255 255 ... 255 255 255]
 [255 255 255 ... 255 255 255]
 [255 255 255 ... 255 255 255]]"
5dbf978ab2cf9d2da6446d3e4595f690,Printland PMR1834 Ceramic Mug,kitchen & dining,"printland pmr      ceramic mug       ml 
                          price   rs     
				
			 printland coffee mug adorable fantastic coffee mug   enjoy morning coffee tea huge mug   ceramic material   perfect add kitchen wardrobe   look stylish    elegant serve tea coffee mug casual home   perfect gift present loved 
 printland coffee mug adorable fantastic coffee mug   enjoy morning coffee tea huge mug   ceramic material   perfect add kitchen wardrobe   look stylish    elegant serve tea coffee mug casual home   perfect gift present loved",5dbf978ab2cf9d2da6446d3e4595f690.jpg,"[[255 255 255 ... 255 255 255]
 [255 255 255 ... 255 255 255]
 [255 255 255 ... 255 255 255]
 ...
 [255 255 255 ... 255 255 255]
 [255 255 255 ... 255 255 255]
 [255 255 255 ... 255 255 255]]"
b7ef3e6ec248f17f3a6a4697120ddb96,Prithish I'm A Mom. What'S Your Superpower? Multicoloured Bubbles Black Ceramic Mug,kitchen & dining,buy prithish m mom   s superpower   multicoloure bubble black ceramic mug rs      online   prithish m mom   s superpower   multicoloure bubble black ceramic mug good price free shipping    cash delivery   genuine product      day replacement guarantee,b7ef3e6ec248f17f3a6a4697120ddb96.jpg,"[[255 255 255 ... 255 255 255]
 [255 255 255 ... 255 255 255]
 [255 255 255 ... 255 255 255]
 ...
 [255 255 255 ... 255 255 255]
 [255 255 255 ... 255 255 255]
 [255 255 255 ... 255 255 255]]"
aab46b84f70cc6774afaafe1d6035de3,Rockmantra Beautiful Girl With Big Feather Hat Ceramic Mug,kitchen & dining,"rockmantra beautiful girl big feather hat ceramic mug       l 
                          price   r     
				
			 thrilling fresh start day   exclusive creation rockmantra   mug feature porcelain craft ensure design stay permanent year come make perfect pick gift love one dishwasher microwave safe   product detail specification   material    ceramic  size         x   
 thrilling fresh start day   exclusive creation rockmantra   mug feature porcelain craft ensure design stay permanent year come make perfect pick gift love one dishwasher microwave safe   product detail specification   material    ceramic  size         x   ",aab46b84f70cc6774afaafe1d6035de3.jpg,"[[255 255 255 ... 255 255 255]
 [255 255 255 ... 255 255 255]
 [255 255 255 ... 255 255 255]
 ...
 [255 255 255 ... 255 255 255]
 [255 255 255 ... 255 255 255]
 [255 255 255 ... 255 255 255]]"
58d7fbbe6d306ecf16e0a7ac05b211d4,Printland PMR1332 Ceramic Mug,kitchen & dining,"printland pmr      ceramic mug       g 
                          price   rs     
				
			 printland coffee mug adorable fantastic coffee mug   enjoy morning coffee tea huge mug   ceramic material   perfect add kitchen wardrobe   look stylish    elegant serve tea coffee mug casual home   perfect gift present loved 
 printland coffee mug adorable fantastic coffee mug   enjoy morning coffee tea huge mug   ceramic material   perfect add kitchen wardrobe   look stylish    elegant serve tea coffee mug casual home   perfect gift present loved",58d7fbbe6d306ecf16e0a7ac05b211d4.jpg,"[[255 255 255 ... 255 255 255]
 [255 255 255 ... 255 255 255]
 [255 255 255 ... 255 255 255]
 ...
 [255 255 255 ... 255 255 255]
 [255 255 255 ... 255 255 255]
 [255 255 255 ... 255 255 255]]"
59af3731b809a25f2bf99e99f645d8dd,Printland CMW1670 Ceramic Mug,kitchen & dining,"printland cmw      ceramic mug       g 
                          price   rs     
				
			 printland coffee mug adorable fantastic coffee mug   enjoy morning coffee tea huge mug   ceramic material   perfect add kitchen wardrobe   look stylish    elegant serve tea coffee mug casual home   perfect gift present loved 
 printland coffee mug adorable fantastic coffee mug   enjoy morning coffee tea huge mug   ceramic material   perfect add kitchen wardrobe   look stylish    elegant serve tea coffee mug casual home   perfect gift present loved",59af3731b809a25f2bf99e99f645d8dd.jpg,"[[255 255 255 ... 255 255 255]
 [255 255 255 ... 255 255 255]
 [255 255 255 ... 255 255 255]
 ...
 [255 255 255 ... 255 255 255]
 [255 255 255 ... 255 255 255]
 [255 255 255 ... 255 255 255]]"
3c4ca34c50a5437a1bcc42b72fc1351f,Printland PMR1902 Ceramic Mug,kitchen & dining,"printland pmr      ceramic mug       ml 
                          price   rs     
				
			 printland coffee mug adorable fantastic coffee mug   enjoy morning coffee tea huge mug   ceramic material   perfect add kitchen wardrobe   look stylish    elegant serve tea coffee mug casual home   perfect gift present loved 
 printland coffee mug adorable fantastic coffee mug   enjoy morning coffee tea huge mug   ceramic material   perfect add kitchen wardrobe   look stylish    elegant serve tea coffee mug casual home   perfect gift present loved",3c4ca34c50a5437a1bcc42b72fc1351f.jpg,"[[255 255 255 ... 255 255 255]
 [255 255 255 ... 255 255 255]
 [255 255 255 ... 255 255 255]
 ...
 [255 255 255 ... 255 255 255]
 [255 255 255 ... 255 255 255]
 [255 255 255 ... 255 255 255]]"
3830dda3491cd5b28ed42ae544bc44f0,Rockmantra Blue Water Abstracts Ceramic Mug,kitchen & dining,"rockmantra blue water abstract ceramic mug       l 
                          price   r     
				
			 thrilling fresh start day   exclusive creation rockmantra   mug feature porcelain craft ensure design stay permanent year come make perfect pick gift love one dishwasher microwave safe   product detail specification   material    ceramic  size         x   
 thrilling fresh start day   exclusive creation rockmantra   mug feature porcelain craft ensure design stay permanent year come make perfect pick gift love one dishwasher microwave safe   product detail specification   material    ceramic  size         x   ",3830dda3491cd5b28ed42ae544bc44f0.jpg,"[[255 255 255 ... 255 255 255]
 [255 255 255 ... 255 255 255]
 [255 255 255 ... 255 255 255]
 ...
 [255 255 255 ... 255 255 255]
 [255 255 255 ... 255 255 255]
 [255 255 255 ... 255 255 255]]"
2f712e172ee77a913b6d627657986b72,Prithish Pschedelic Collection 1 Ceramic Mug,kitchen & dining,buy prithish pschedelic collection    ceramic mug rs      online   prithish pschedelic collection    ceramic mug good price free shipping    cash delivery   genuine product      day replacement guarantee,2f712e172ee77a913b6d627657986b72.jpg,"[[255 255 255 ... 255 255 255]
 [255 255 255 ... 255 255 255]
 [255 255 255 ... 255 255 255]
 ...
 [255 255 255 ... 255 255 255]
 [255 255 255 ... 255 255 255]
 [255 255 255 ... 255 255 255]]"
6da53319cc12c9729881f5478ff67223,Printland CMW1657 Ceramic Mug,kitchen & dining,"printland cmw      ceramic mug       g 
                          price   rs     
				
			 printland coffee mug adorable fantastic coffee mug   enjoy morning coffee tea huge mug   ceramic material   perfect add kitchen wardrobe   look stylish    elegant serve tea coffee mug casual home   perfect gift present loved 
 printland coffee mug adorable fantastic coffee mug   enjoy morning coffee tea huge mug   ceramic material   perfect add kitchen wardrobe   look stylish    elegant serve tea coffee mug casual home   perfect gift present loved",6da53319cc12c9729881f5478ff67223.jpg,"[[255 255 255 ... 255 255 255]
 [255 255 255 ... 255 255 255]
 [255 255 255 ... 255 255 255]
 ...
 [255 255 255 ... 255 255 255]
 [255 255 255 ... 255 255 255]
 [255 255 255 ... 255 255 255]]"
8bf65b132179faf26f61e26274b2b819,Rockmantra Gamming Wallpaper Ceramic Mug,kitchen & dining,"rockmantra gamming wallpaper ceramic mug       l 
                          price   r     
				
			 thrilling fresh start day   exclusive creation rockmantra   mug feature porcelain craft ensure design stay permanent year come make perfect pick gift love one dishwasher microwave safe   product detail specification   material    ceramic  size         x   
 thrilling fresh start day   exclusive creation rockmantra   mug feature porcelain craft ensure design stay permanent year come make perfect pick gift love one dishwasher microwave safe   product detail specification   material    ceramic  size         x   ",8bf65b132179faf26f61e26274b2b819.jpg,"[[255 255 255 ... 255 255 255]
 [255 255 255 ... 255 255 255]
 [255 255 255 ... 255 255 255]
 ...
 [255 255 255 ... 255 255 255]
 [255 255 255 ... 255 255 255]
 [255 255 255 ... 255 255 255]]"
f69bef5db54cb4c83b2aa8d0ce829d4e,Prithish Wild And Free Ceramic Mug,kitchen & dining,"prithish wild free ceramic mug       ml 
                          price   rs     
				
			  talk coffee   wide selection cute catchy design mean sure   find quote say   way   mug bring smile   don t forget share   mug like great gift   mug beautifully design quality ink attractive graphic   perfect enjoyment     express   distinctive coffee mug freedom broadcast special message   holiday cheer love cupcake   affordable mug perfect gifting   know   break mug   bring laugh   happy sipping 
  talk coffee   wide selection cute catchy design mean sure   find quote say   way   mug bring smile   don t forget share   mug like great gift   mug beautifully design quality ink attractive graphic   perfect enjoyment     express   distinctive coffee mug freedom broadcast special message   holiday cheer love cupcake   affordable mug perfect gifting   know   break mug   bring laugh   happy sipping",f69bef5db54cb4c83b2aa8d0ce829d4e.jpg,"[[255 255 255 ... 255 255 255]
 [255 255 255 ... 255 255 255]
 [255 255 255 ... 255 255 255]
 ...
 [255 255 255 ... 255 255 255]
 [255 255 255 ... 255 255 255]
 [255 255 255 ... 255 255 255]]"
ffbf3794aa8cb6bb8d3f313d0a549a09,Returnfavors Cartoon shaped Coffee For Kids Ceramic Mug,kitchen & dining,buy returnfavor cartoon shape coffee kid ceramic mug rs      online   returnfavor cartoon shape coffee kid ceramic mug good price free shipping    cash delivery   genuine product      day replacement guarantee,ffbf3794aa8cb6bb8d3f313d0a549a09.jpg,"[[255 255 255 ... 255 255 255]
 [255 255 255 ... 255 255 255]
 [255 255 255 ... 255 255 255]
 ...
 [255 255 255 ... 255 255 255]
 [255 255 255 ... 255 255 255]
 [255 255 255 ... 255 255 255]]"
acd2f21d63ac0bbed4d52e6010d9460b,Rockmantra 3D Stone Ceramic Mug,kitchen & dining,"rockmantra   d stone ceramic mug       l 
                          price   r     
				
			 thrilling fresh start day   exclusive creation rockmantra   mug feature porcelain craft ensure design stay permanent year come make perfect pick gift love one dishwasher microwave safe   product detail specification   material    ceramic  size         x   
 thrilling fresh start day   exclusive creation rockmantra   mug feature porcelain craft ensure design stay permanent year come make perfect pick gift love one dishwasher microwave safe   product detail specification   material    ceramic  size         x   ",acd2f21d63ac0bbed4d52e6010d9460b.jpg,"[[255 255 255 ... 255 255 255]
 [255 255 255 ... 255 255 255]
 [255 255 255 ... 255 255 255]
 ...
 [255 255 255 ... 255 255 255]
 [255 255 255 ... 255 255 255]
 [255 255 255 ... 255 255 255]]"
b46d7b8e6826ad4c8b40a991da0f54d7,Rockmantra Vintage Sea Evening Ceramic Mug,kitchen & dining,buy rockmantra vintage sea evening ceramic mug rs      online   rockmantra vintage sea evening ceramic mug good price free shipping    cash delivery   genuine product      day replacement guarantee,b46d7b8e6826ad4c8b40a991da0f54d7.jpg,"[[255 255 255 ... 255 255 255]
 [255 255 255 ... 255 255 255]
 [255 255 255 ... 255 255 255]
 ...
 [255 255 255 ... 255 255 255]
 [255 255 255 ... 255 255 255]
 [255 255 255 ... 255 255 255]]"
ce2f67c3365846170cb709784d87e45b,"Prithish Blue & Gold Heart, I Love You Ceramic Mug",kitchen & dining,buy prithish blue    gold heart   love ceramic mug rs      online   prithish blue    gold heart   love ceramic mug good price free shipping    cash delivery   genuine product      day replacement guarantee,ce2f67c3365846170cb709784d87e45b.jpg,"[[251 251 251 ... 255 255 255]
 [251 251 251 ... 255 255 255]
 [251 251 251 ... 255 255 255]
 ...
 [255 255 255 ... 255 255 255]
 [255 255 255 ... 255 255 255]
 [255 255 255 ... 255 255 255]]"
b4ccd4c315d99edd7c00d015b714485a,Famous Wheel Pizza Cutter,kitchen & dining,"famous wheel pizza cutter   steel pack   
                          price   rs     
				
			 pizza cutter extra shape blade   brand new high quality   perfectly design pizza cutter pizza   sandwich   garlic bread   pastry    performance easy operation    sharp edge   perfect grip    high quality    compact size light weight convenient use   new stylish pizza cutter   cut pizza great ease blade high quality stainless steel handle high quality plastic scientifically design effort cut durable portable easy carry beautiful stylish model vary accord availability pizza cutter slicer perfectly design pizza cutter optimum perfect grip cut pizza cutter extra sharp blade good grip hold cut compact size light weight convenient use 
 pizza cutter extra shape blade   brand new high quality   perfectly design pizza cutter pizza   sandwich   garlic bread   pastry    performance easy operation    sharp edge   perfect grip    high quality    compact size light weight convenient use   new stylish pizza cutter   cut pizza great ease blade high quality stainless steel handle high quality plastic scientifically design effort cut durable portable easy carry beautiful stylish model vary accord availability pizza cutter slicer perfectly design pizza cutter optimum perfect grip cut pizza cutter extra sharp blade good grip hold cut compact size light weight convenient use",b4ccd4c315d99edd7c00d015b714485a.jpg,"[[255 255 255 ... 255 255 255]
 [255 255 255 ... 255 255 255]
 [255 255 255 ... 255 255 255]
 ...
 [255 255 255 ... 255 255 255]
 [255 255 255 ... 255 255 255]
 [255 255 255 ... 255 255 255]]"
302c95f6eae5f4ce217fcedc4ef91262,Rastogi Handicrafts Showpiece  -  20 cm,home decor & festive needs,buy rastogi handicrafts showpiece         cm rs      online   rastogi handicrafts showpiece         cm good price free shipping    cash delivery   genuine product      day replacement guarantee,302c95f6eae5f4ce217fcedc4ef91262.jpg,"[[255 255 255 ... 255 255 255]
 [255 255 255 ... 255 255 255]
 [255 255 255 ... 255 255 255]
 ...
 [253 253 253 ... 255 255 255]
 [254 254 254 ... 255 255 255]
 [255 254 254 ... 255 255 255]]"
2f756aa2ceb1efda609c428a47308758,NEHP NEH006 Showpiece  -  38.1 cm,home decor & festive needs,buy nehp neh     showpiece           cm rs      online   nehp neh     showpiece           cm good price free shipping    cash delivery   genuine product      day replacement guarantee,2f756aa2ceb1efda609c428a47308758.jpg,"[[255 255 255 ... 255 255 255]
 [255 255 255 ... 255 255 255]
 [255 255 255 ... 255 255 255]
 ...
 [255 255 255 ... 255 255 255]
 [255 255 255 ... 255 255 255]
 [255 255 255 ... 255 255 255]]"
2e3586dc60df258c5478446d65a317d2,S C Handicrafts Sandalwood Carved Chinese Queen Big Showpiece  -  20 cm,home decor & festive needs,buy s c handicraft sandalwood carve chinese queen big showpiece         cm rs       online   s c handicrafts sandalwood carve chinese queen big showpiece         cm good price free shipping    cash delivery   genuine product      day replacement guarantee,2e3586dc60df258c5478446d65a317d2.jpg,"[[255 255 255 ... 255 255 255]
 [255 255 255 ... 255 255 255]
 [255 255 255 ... 255 255 255]
 ...
 [255 255 255 ... 255 255 255]
 [255 255 255 ... 255 255 255]
 [255 255 255 ... 255 255 255]]"
40829ac110f344ef35f1c8c32fb311c7,Tatvaarts Urli Showpiece  -  21.59 cm,home decor & festive needs,"tatvaart urli showpiece            cm   brass   gold 
                          price   rs       
				
			 beautiful brass urli occupy pride place home   make ideal decor accessory fill water flower petal   antique gold color look strike use brass ensure longevity ease maintenance  
 beautiful brass urli occupy pride place home   make ideal decor accessory fill water flower petal   antique gold color look strike use brass ensure longevity ease maintenance  ",40829ac110f344ef35f1c8c32fb311c7.jpg,"[[255 255 255 ... 255 255 255]
 [255 255 255 ... 255 255 255]
 [255 255 255 ... 255 255 255]
 ...
 [255 255 255 ... 255 255 255]
 [255 255 255 ... 255 255 255]
 [255 255 255 ... 255 255 255]]"
e3c741a05c82c54343b94ed8c1292e2a,Sam Rolling Pizza Cutter,kitchen & dining,"sam rolling pizza cutter   steel pack   
                          price   rs    
				
			 durable good quality pizza cutter 
 durable good quality pizza cutter",e3c741a05c82c54343b94ed8c1292e2a.jpg,"[[255 255 255 ... 255 255 255]
 [255 255 255 ... 255 255 255]
 [255 255 255 ... 255 255 255]
 ...
 [255 255 255 ... 255 255 255]
 [255 255 255 ... 255 255 255]
 [255 255 255 ... 255 255 255]]"
d75705ad163412347cba51f882e9c0f0,Surface180 Wonderful Wooden Antique Drawer Box Showpiece  -  20 cm,home decor & festive needs,"surface     wonderful wooden antique drawer box showpiece         cm   wooden   green 
                          price   rs       
				
			 vibrant antique drawer box look astonishing alluring carving bright color   feature body dimension      l   x      w   x      h   cms   amazing home decorative item   small compact wooden antique style box different golden carving panel drawer drawer box    make fascinating 

 note   handcraft item item different limitation photography 
 vibrant antique drawer box look astonishing alluring carving bright color   feature body dimension      l   x      w   x      h   cms   amazing home decorative item   small compact wooden antique style box different golden carving panel drawer drawer box    make fascinating 

 note   handcraft item item different limitation photography",d75705ad163412347cba51f882e9c0f0.jpg,"[[255 255 255 ... 255 255 255]
 [255 255 255 ... 255 255 255]
 [255 255 255 ... 255 255 255]
 ...
 [255 255 254 ... 255 255 255]
 [255 255 255 ... 255 255 255]
 [255 255 255 ... 255 255 255]]"
90f86ac4065397340e8012261577c220,Step4deal Wheel Pizza Cutter,kitchen & dining,"step deal wheel pizza cutter   stainless steel pack   
                          price   r     
				
			 enjoy delicious slice pizza home pizza cutter   stainless steel   siver colour pizza cutter help cut pizza slice   pizza crazy kid big fuss get equal share favourite deliacy   pizza cutter kitchen 
 enjoy delicious slice pizza home pizza cutter   stainless steel   siver colour pizza cutter help cut pizza slice   pizza crazy kid big fuss get equal share favourite deliacy   pizza cutter kitchen",90f86ac4065397340e8012261577c220.jpg,"[[255 255 255 ... 255 255 255]
 [255 255 255 ... 255 255 255]
 [255 255 255 ... 255 255 255]
 ...
 [255 255 255 ... 255 255 255]
 [255 255 255 ... 255 255 255]
 [255 255 255 ... 255 255 255]]"
168618e93387ad7171d4e4e1eeff9d1a,MA Design Hut Showpiece  -  8 cm,home decor & festive needs,"ma design hut showpiece        cm   brass   yellow 
                          price   rs     
				
			 decorative gift item canon 
 decorative gift item canon",168618e93387ad7171d4e4e1eeff9d1a.jpg,"[[255 255 255 ... 255 255 255]
 [255 255 255 ... 255 255 255]
 [255 255 255 ... 255 255 255]
 ...
 [255 255 255 ... 255 255 255]
 [255 255 255 ... 255 255 255]
 [255 255 255 ... 255 255 255]]"
9c4ab8ab059c912090c83cb0818e7f1c,Lal Haveli Rajasthani Wooden Crafted Unique Chowkidar Statues Wooden Darwam Showpiece  -  50.8 cm,home decor & festive needs,buy lal haveli rajasthani wooden craft unique chowkidar statue wooden darwam showpiece           cm rs       online   lal haveli rajasthani wooden craft unique chowkidar statue wooden darwam showpiece           cm good price free shipping    cash delivery   genuine product      day replacement guarantee,9c4ab8ab059c912090c83cb0818e7f1c.jpg,"[[255 255 255 ... 255 255 255]
 [255 255 255 ... 255 255 255]
 [255 255 255 ... 255 255 255]
 ...
 [255 255 255 ... 255 255 255]
 [255 255 255 ... 255 255 255]
 [255 255 255 ... 255 255 255]]"
70578f48cc96bbb60d040e08025e521d,Earth Conscious Graphic Print Baby Boy's Jumpsuit,baby care,earth conscious graphic print baby boy s jumpsuit    buy sky blue earth conscious graphic print baby boy s jumpsuit rs       online india   shop online apparel   huge collection brand clothe flipkart com,70578f48cc96bbb60d040e08025e521d.jpg,"[[254 254 254 ... 254 254 254]
 [254 254 254 ... 254 254 254]
 [254 254 254 ... 254 254 254]
 ...
 [254 254 254 ... 254 254 254]
 [254 254 254 ... 254 254 254]
 [254 254 254 ... 254 254 254]]"
5b378b0925d5409b5d84ceb416fc2afc,Purpledip Showpiece  -  12 cm,home decor & festive needs,buy purpledip showpiece         cm rs      online   purpledip showpiece         cm good price free shipping    cash delivery   genuine product      day replacement guarantee,5b378b0925d5409b5d84ceb416fc2afc.jpg,"[[255 255 255 ... 255 255 255]
 [255 255 255 ... 255 255 255]
 [255 255 255 ... 255 255 255]
 ...
 [255 255 255 ... 255 255 255]
 [255 255 255 ... 255 255 255]
 [255 255 255 ... 255 255 255]]"
6775e3b91baa4d368f6d91eb7c24578b,"Tirupati 4""- Green Wheel Pizza Cutter",kitchen & dining,buy tirupati      green wheel pizza cutter r      online   tirupati      green wheel pizza cutter good price free shipping    cash delivery   genuine product      day replacement guarantee,6775e3b91baa4d368f6d91eb7c24578b.jpg,"[[255 255 255 ... 255 255 255]
 [255 255 255 ... 255 255 255]
 [255 255 255 ... 255 255 255]
 ...
 [255 255 255 ... 255 255 255]
 [255 255 255 ... 255 255 255]
 [255 255 255 ... 255 255 255]]"
c109187e7975ee8fdb2b3dfbdd9dce20,Shoppingtara Elephant Pair Gift Showpiece  -  4 cm,home decor & festive needs,buy shoppingtara elephant pair gift showpiece        cm rs      online   shoppingtara elephant pair gift showpiece        cm good price free shipping    cash delivery   genuine product      day replacement guarantee,c109187e7975ee8fdb2b3dfbdd9dce20.jpg,"[[255 255 255 ... 255 255 255]
 [255 255 255 ... 255 255 255]
 [255 255 255 ... 255 255 255]
 ...
 [255 255 255 ... 244 253 254]
 [255 255 255 ... 251 254 255]
 [255 255 255 ... 254 255 255]]"
8962b50b699ddf4712ad18d29c6a3862,Orange Tree Dune Wall Decor Set Of 3 Showpiece  -  8 cm,home decor & festive needs,"orange tree dune wall decor set    showpiece        cm   iron   gold 
                          price   rs       
				
			 metal saucer hand work look float classic round mirror center   set    dark ant   brass finish let imagination loose create interesting combination wall surface 
 metal saucer hand work look float classic round mirror center   set    dark ant   brass finish let imagination loose create interesting combination wall surface",8962b50b699ddf4712ad18d29c6a3862.jpg,"[[249 249 249 ... 251 251 251]
 [249 249 249 ... 251 251 251]
 [249 249 249 ... 251 251 251]
 ...
 [250 250 250 ... 250 250 250]
 [250 250 250 ... 250 250 250]
 [250 250 250 ... 250 250 250]]"
a4d9e71172f619f8e3122e34bb0bf3cc,Unique Design Handcrafted Brass Mini Chair Table Set Showpiece  -  10 cm,home decor & festive needs,buy unique design handcraft brass mini chair table set showpiece         cm rs      online   unique design handcraft brass mini chair table set showpiece         cm good price free shipping    cash delivery   genuine product      day replacement guarantee,a4d9e71172f619f8e3122e34bb0bf3cc.jpg,"[[255 255 255 ... 255 255 255]
 [255 255 255 ... 255 255 255]
 [255 255 255 ... 255 255 255]
 ...
 [255 255 255 ... 255 255 255]
 [255 255 255 ... 255 255 255]
 [255 255 255 ... 255 255 255]]"
55ce1309b69e1912d2fd60a3ee3f351b,Tatvaarts Elephant Mini ( Fine-Finish) Showpiece  -  8.89 cm,home decor & festive needs,"tatvaart elephant mini    fine finish   showpiece           cm   brass   gold 
                          price   rs       
				
			 elephant animal everybody love   reality form toy   painting   accessory artifact   adorable elephant adorn traditional beautiful hand carve design specialty   brass   alloy copper zinc   hand carve design traditional natural feel lustrous gold like appearance handmade craftsman  
 elephant animal everybody love   reality form toy   painting   accessory artifact   adorable elephant adorn traditional beautiful hand carve design specialty   brass   alloy copper zinc   hand carve design traditional natural feel lustrous gold like appearance handmade craftsman  ",55ce1309b69e1912d2fd60a3ee3f351b.jpg,"[[255 255 255 ... 255 255 255]
 [255 255 255 ... 255 255 255]
 [255 255 255 ... 255 255 255]
 ...
 [255 255 255 ... 255 255 255]
 [255 255 255 ... 255 255 255]
 [255 255 255 ... 255 255 255]]"
a9b35b94610a3d7f4fa91f19693c5248,Port Interiordesign Showpiece  -  16 cm,home decor & festive needs,buy port interiordesign showpiece         cm rs       online   port interiordesign showpiece         cm good price free shipping    cash delivery   genuine product      day replacement guarantee,a9b35b94610a3d7f4fa91f19693c5248.jpg,"[[255 255 255 ... 255 255 255]
 [255 255 255 ... 255 255 255]
 [255 255 255 ... 255 255 255]
 ...
 [255 255 255 ... 255 255 255]
 [255 255 255 ... 255 255 255]
 [255 255 255 ... 255 255 255]]"
3113367c72125a3355af42426fe14f17,Lal Haveli Beautiful Attractive Hand Painted Decorative Iron Wood Musician 5 Pcs Set Showpiece  -  55.88 cm,home decor & festive needs,buy lal haveli beautiful attractive hand paint decorative iron wood musician    pc set showpiece            cm rs       online   lal haveli beautiful attractive hand paint decorative iron wood musician    pc set showpiece            cm good price free shipping    cash delivery   genuine product      day replacement guarantee,3113367c72125a3355af42426fe14f17.jpg,"[[255 255 255 ... 255 255 255]
 [255 255 255 ... 255 255 255]
 [255 255 255 ... 255 255 255]
 ...
 [255 255 255 ... 255 255 255]
 [255 255 255 ... 255 255 255]
 [255 255 255 ... 255 255 255]]"
e99d9abb115a9bd580bcccf9ff4d4881,Lal Haveli Wooden Table Decor Mother & Baby Elephant Painted Showpiece  -  10.16 cm,home decor & festive needs,"lal haveli wooden table decor mother    baby elephant paint showpiece            cm   wooden   black 
                          price   rs       
				
			 gorgeous elephant fabulous home decor accessory   come golden black metal   give appeal splendor accessory replicate   gift friend   gorgeous piece art interior ethnic indian look 
 gorgeous elephant fabulous home decor accessory   come golden black metal   give appeal splendor accessory replicate   gift friend   gorgeous piece art interior ethnic indian look",e99d9abb115a9bd580bcccf9ff4d4881.jpg,"[[255 255 255 ... 255 255 255]
 [255 255 255 ... 255 255 255]
 [255 255 255 ... 255 255 255]
 ...
 [255 255 255 ... 255 255 255]
 [255 255 255 ... 255 255 255]
 [255 255 255 ... 255 255 255]]"
de29bf3288345e23b0e25345a3a057fb,Orange Tree Maxim Wall Decor Set Of 3 Showpiece  -  4 cm,home decor & festive needs,"orange tree maxim wall decor set    showpiece        cm   iron   gold 
                          price   rs       
				
			 metal saucer hammered look float classic round mirror center   set    ant   copper plating let imagination loose create interesting combination wall surface 
 metal saucer hammered look float classic round mirror center   set    ant   copper plating let imagination loose create interesting combination wall surface",de29bf3288345e23b0e25345a3a057fb.jpg,"[[255 255 255 ... 248 247 247]
 [255 255 255 ... 247 247 247]
 [255 255 255 ... 247 247 247]
 ...
 [241 242 242 ... 236 236 235]
 [242 242 242 ... 235 235 235]
 [242 242 242 ... 235 235 235]]"
e3e7c584f317d1b5d6ac0088c411565e,Tatvaarts Tribal Face Showpiece  -  21.59 cm,home decor & festive needs,"tatvaart tribal face showpiece            cm   brass   gold 
                          price   rs       
				
			 nice beautiful home décor item   cast iron   product stand enjoy special place room   gifted near dear one eventful day 
 nice beautiful home décor item   cast iron   product stand enjoy special place room   gifted near dear one eventful day",e3e7c584f317d1b5d6ac0088c411565e.jpg,"[[255 255 255 ... 255 255 255]
 [255 255 255 ... 255 255 255]
 [255 255 255 ... 255 255 255]
 ...
 [255 255 255 ... 255 255 255]
 [255 255 255 ... 255 255 255]
 [255 255 255 ... 255 255 255]]"
9d279c825ba12804c337f883b366a6e2,Shoppingtara Paper Mache 3 Piece Elephant Home Decor Gift Showpiece  -  4 cm,home decor & festive needs,"shoppingtara paper mache    piece elephant home decor gift showpiece        cm   paper mache   multicolor 
                          price   rs     
				
			 handcraft elephant set    piece elephant chinese paper mache art   decorate enamel paint lacquer polish   size elephant increase order      inch     inch      inch   exclusive piece drawing room   sure admire guest 
 handcraft elephant set    piece elephant chinese paper mache art   decorate enamel paint lacquer polish   size elephant increase order      inch     inch      inch   exclusive piece drawing room   sure admire guest",9d279c825ba12804c337f883b366a6e2.jpg,"[[255 255 255 ... 255 255 255]
 [255 255 255 ... 255 255 255]
 [255 255 255 ... 255 255 255]
 ...
 [255 255 255 ... 255 255 255]
 [255 255 255 ... 255 255 255]
 [255 255 255 ... 255 255 255]]"
91a5328e7235424885d271dfa0959eeb,King International Ergonomic Design with Long Gripped Handle Rolling Pizza Cutter,kitchen & dining,"king international ergonomic design long grip handle roll pizza cutter   stainless steel pack   
                          price   rs     
				
			  stop fight friend slice pizza pizza cutten fab kitchen   suttle color allow blend perfectly kitchen cutlery   razor sharp stainless steel blade allow instantly cut food slice   short description 
   material   stainless steel    plastic 
   color   red   white steel 
   freezer safe   yes 
   dishwasher safe   yes 
   pizza cutter length     inch      cm 
   quantity     piece   pizza cutter  
  stop fight friend slice pizza pizza cutten fab kitchen   suttle color allow blend perfectly kitchen cutlery   razor sharp stainless steel blade allow instantly cut food slice   short description 
   material   stainless steel    plastic 
   color   red   white steel 
   freezer safe   yes 
   dishwasher safe   yes 
   pizza cutter length     inch      cm 
   quantity     piece   pizza cutter  ",91a5328e7235424885d271dfa0959eeb.jpg,"[[255 255 255 ... 255 255 255]
 [255 255 255 ... 255 255 255]
 [255 255 255 ... 255 255 255]
 ...
 [255 255 255 ... 255 255 255]
 [255 255 255 ... 255 255 255]
 [255 255 255 ... 255 255 255]]"
2110699b945ae766c8b8112038ac58b9,Go Hooked Wheel Pizza Cutter,kitchen & dining,buy hooked wheel pizza cutter r      online   hooked wheel pizza cutter good price free shipping    cash delivery   genuine product      day replacement guarantee,2110699b945ae766c8b8112038ac58b9.jpg,"[[252 252 252 ... 252 252 252]
 [252 252 252 ... 252 252 252]
 [252 252 252 ... 252 252 252]
 ...
 [252 252 252 ... 252 252 252]
 [252 252 252 ... 252 252 252]
 [252 252 252 ... 252 252 252]]"
198dbe7be6f84f6448197148d7b5e5a5,RoyalsCart KTH505 Showpiece  -  33 cm,home decor & festive needs,buy royalscart kth     showpiece         cm rs       online   royalscart kth     showpiece         cm good price free shipping    cash delivery   genuine product      day replacement guarantee,198dbe7be6f84f6448197148d7b5e5a5.jpg,"[[255 255 255 ... 255 255 255]
 [255 255 255 ... 255 255 255]
 [255 255 255 ... 255 255 255]
 ...
 [255 255 255 ... 255 255 255]
 [255 255 255 ... 255 255 255]
 [255 255 255 ... 255 255 255]]"
ce02ab514e4c623dcf7acd7182a7762d,Apex Rolling Pizza Cutter,kitchen & dining,buy apex roll pizza cutter rs     online   apex roll pizza cutter good price free shipping    cash delivery   genuine product      day replacement guarantee,ce02ab514e4c623dcf7acd7182a7762d.jpg,"[[137 138 141 ... 143 142 142]
 [137 138 141 ... 143 142 142]
 [137 138 140 ... 143 143 143]
 ...
 [152 153 154 ... 157 157 156]
 [153 154 155 ... 157 156 156]
 [154 154 155 ... 156 156 156]]"
2ede595489db33a036d135ce22645515,MCB Exports Mini 6 Drawer Chest Showpiece  -  33 cm,home decor & festive needs,"mcb exports mini    drawer chest showpiece         cm   wooden   brass   multicolor 
                          price   rs       
				
			 mini    drawer chest brass fit   dimension     x   x    cms 
 mini    drawer chest brass fit   dimension     x   x    cms",2ede595489db33a036d135ce22645515.jpg,"[[255 255 255 ... 255 255 255]
 [255 255 255 ... 255 255 255]
 [255 255 255 ... 255 255 255]
 ...
 [255 255 255 ... 255 255 255]
 [255 255 255 ... 255 255 255]
 [255 255 255 ... 255 255 255]]"
32cf0691248297655e2c1728b12e2262,Poppins Printed Baby Boy's Jumpsuit,baby care,"poppin print baby boy s jumpsuit 
                          price   rs     
				
			 high quality sleeve romper suit infant       cotton   romper ensure day comfort   ozone free dye little s safety pack contain    romper    print   striped solid available multi color different size 
 high quality sleeve romper suit infant       cotton   romper ensure day comfort   ozone free dye little s safety pack contain    romper    print   striped solid available multi color different size",32cf0691248297655e2c1728b12e2262.jpg,"[[234 234 234 ... 244 244 244]
 [234 234 234 ... 242 243 243]
 [235 235 234 ... 239 240 240]
 ...
 [251 250 249 ... 254 254 254]
 [250 250 250 ... 253 254 254]
 [251 251 251 ... 253 253 254]]"
81a695f80d3f5c445910d310f1a83eb8,S C Handicrafts Sandalwood Chinese Queen. Showpiece  -  16 cm,home decor & festive needs,buy s c handicrafts sandalwood chinese queen   showpiece         cm rs       online   s c handicrafts sandalwood chinese queen   showpiece         cm good price free shipping    cash delivery   genuine product      day replacement guarantee,81a695f80d3f5c445910d310f1a83eb8.jpg,"[[255 255 255 ... 255 255 255]
 [255 255 255 ... 255 255 255]
 [255 255 255 ... 255 255 255]
 ...
 [202 177 145 ... 255 255 255]
 [240 231 220 ... 255 255 255]
 [255 254 254 ... 255 255 255]]"
922a04084481d4b3275a3f7bb54e90f3,Purpledip Kattle Showpiece  -  15 cm,home decor & festive needs,"purpledip kattle showpiece         cm   steel   multicolor 
                          price   rs       
				
			 paint artisan rajasthan   steel teapot bring good cheer    color teatime   use decorative piece adorn dining table gift indian curio   hold hot beverage 
 paint artisan rajasthan   steel teapot bring good cheer    color teatime   use decorative piece adorn dining table gift indian curio   hold hot beverage",922a04084481d4b3275a3f7bb54e90f3.jpg,"[[255 255 255 ... 255 255 255]
 [255 255 255 ... 255 255 255]
 [255 255 255 ... 255 255 255]
 ...
 [255 255 255 ... 255 255 255]
 [255 255 255 ... 255 255 255]
 [255 255 255 ... 255 255 255]]"
f2751cf0dd59d223cacbc5da5df42a1a,Agromech YIBOO Rolling Pizza Cutter,kitchen & dining,"agromech yiboo roll pizza cutter   stainless steel pack   
                          price   rs     
				
			 pizza cutter strong comfortable grip help slice pizza easily        stainless steel wheel plastic handle 

 kindly lookout   agromech   special barcode authenticity product find product search    agromech   flipkart 
 pizza cutter strong comfortable grip help slice pizza easily        stainless steel wheel plastic handle 

 kindly lookout   agromech   special barcode authenticity product find product search    agromech   flipkart",f2751cf0dd59d223cacbc5da5df42a1a.jpg,"[[255 255 255 ... 255 255 255]
 [255 255 255 ... 255 255 255]
 [255 255 255 ... 255 255 255]
 ...
 [255 255 255 ... 253 254 254]
 [255 255 255 ... 254 254 254]
 [255 255 255 ... 254 254 254]]"
cc2e2bb105a5c2b2e43842886d057b81,Lal Haveli Traditional Hand Crafted Beautiful Iron Musician 5 Pcs Set Showpiece  -  33 cm,home decor & festive needs,buy lal haveli traditional hand craft beautiful iron musician    pc set showpiece         cm rs       online   lal haveli traditional hand craft beautiful iron musician    pc set showpiece         cm good price free shipping    cash delivery   genuine product      day replacement guarantee,cc2e2bb105a5c2b2e43842886d057b81.jpg,"[[255 255 255 ... 255 255 255]
 [255 255 255 ... 255 255 255]
 [255 255 255 ... 255 255 255]
 ...
 [255 255 255 ... 255 255 255]
 [255 255 255 ... 255 255 255]
 [255 255 255 ... 255 255 255]]"
67d6b4a8aa19d57740b0440365b77624,Lal Haveli Decorative Dholak Musician Showpiece  -  8.89 cm,home decor & festive needs,"lal haveli decorative dholak musician showpiece           cm   steel   wooden   red 
                          price   rs       
				
			 fine   handmade meenakari work design   pretty color showpiece add   touch traditional   elegance home decor   beautiful   indian rajasthani handmade man musician showpiece   light wood steel material   promise deliver good quality product good price 
 fine   handmade meenakari work design   pretty color showpiece add   touch traditional   elegance home decor   beautiful   indian rajasthani handmade man musician showpiece   light wood steel material   promise deliver good quality product good price",67d6b4a8aa19d57740b0440365b77624.jpg,"[[255 255 255 ... 255 255 255]
 [255 255 255 ... 255 255 255]
 [255 255 255 ... 255 255 255]
 ...
 [255 255 255 ... 255 255 255]
 [255 255 255 ... 255 255 255]
 [255 255 255 ... 255 255 255]]"
f39a2cce8929f5b44087d688995994e4,Tiedribbons We Love Mom With Green Background Tile Showpiece  -  28 cm,home decor & festive needs,buy tiedribbon love mom green background tile showpiece         cm rs      online   tiedribbon love mom green background tile showpiece         cm good price free shipping    cash delivery   genuine product      day replacement guarantee,f39a2cce8929f5b44087d688995994e4.jpg,"[[255 255 255 ... 255 255 255]
 [255 255 255 ... 255 255 255]
 [255 255 255 ... 255 255 255]
 ...
 [255 255 254 ... 254 255 255]
 [255 255 255 ... 255 255 255]
 [255 255 255 ... 255 255 255]]"
4451f1b01168b6a085738d0b0f2f02aa,Rajo Raja Magan Buddha Artpiece Showpiece  -  20.5 cm,home decor & festive needs,buy rajo raja magan buddha artpiece showpiece           cm rs       online   rajo raja magan buddha artpiece showpiece           cm good price free shipping    cash delivery   genuine product      day replacement guarantee,4451f1b01168b6a085738d0b0f2f02aa.jpg,"[[255 255 255 ... 255 255 255]
 [255 255 255 ... 255 255 255]
 [255 255 255 ... 255 255 255]
 ...
 [255 255 255 ... 255 255 255]
 [255 255 255 ... 255 255 255]
 [255 255 255 ... 255 255 255]]"
9f76aaed44b540869da862c5dd4b266f,Lal Haveli Rajasthani Handcrafted Decorative Showpiece Statue Musicians Showpiece  -  17.18 cm,home decor & festive needs,buy lal haveli rajasthani handcraft decorative showpiece statue musician showpiece            cm rs        online   lal haveli rajasthani handcraft decorative showpiece statue musician showpiece            cm good price free shipping    cash delivery   genuine product      day replacement guarantee,9f76aaed44b540869da862c5dd4b266f.jpg,"[[255 255 255 ... 255 255 255]
 [255 255 255 ... 255 255 255]
 [255 255 255 ... 255 255 255]
 ...
 [255 255 255 ... 255 255 255]
 [255 255 255 ... 255 255 255]
 [255 255 255 ... 255 255 255]]"
caabe6014b914fe2874a9a8d7284f79b,Surface 180 Elephant Shape Handpainted Wooden Round Stool Showpiece  -  17.78 cm,home decor & festive needs,buy surface      elephant shape handpainte wooden round stool showpiece            cm rs       online   surface      elephant shape handpainte wooden round stool showpiece            cm good price free shipping    cash delivery   genuine product      day replacement guarantee,caabe6014b914fe2874a9a8d7284f79b.jpg,"[[255 255 255 ... 255 255 255]
 [255 255 255 ... 255 255 255]
 [255 255 255 ... 255 255 255]
 ...
 [255 255 255 ... 255 255 255]
 [255 255 255 ... 255 255 255]
 [255 255 255 ... 255 255 255]]"
968a2b3be84193e3f755c2fe71033a2c,Sovam International Krishna With Cow Idol Showpiece  -  6 cm,home decor & festive needs,"sovam international krishna cow idol showpiece        cm   brass   white 
                          price   rs       
				
			 handcraft antique idol lord krishna cow metal durable stand pure white metal   idol silver polished alluring antique look   ideal gift friend relative   gift piece prepare creative artisan 
 handcraft antique idol lord krishna cow metal durable stand pure white metal   idol silver polished alluring antique look   ideal gift friend relative   gift piece prepare creative artisan",968a2b3be84193e3f755c2fe71033a2c.jpg,"[[255 255 255 ... 255 255 255]
 [255 255 255 ... 255 255 255]
 [255 255 255 ... 255 255 255]
 ...
 [255 255 255 ... 255 255 255]
 [255 255 255 ... 255 255 255]
 [255 255 255 ... 255 255 255]]"
f8c1b5fb422d8418dc9e40a43fece55a,Lal Haveli Beautifully crafted and painted Horse with bells Showpiece  -  33 cm,home decor & festive needs,"lal haveli beautifully craft paint horse bell showpiece         cm   wooden   iron   red 
                          price   rs       
				
			 present beautiful animal figurine handmade   beautifully craft paint horse bell   fusion mango wood aluminium metal   horse beautifully cast solid aluminium metal detailed hand craft polish prefect shine   product exactly show picture 
 present beautiful animal figurine handmade   beautifully craft paint horse bell   fusion mango wood aluminium metal   horse beautifully cast solid aluminium metal detailed hand craft polish prefect shine   product exactly show picture",f8c1b5fb422d8418dc9e40a43fece55a.jpg,"[[255 255 255 ... 255 255 255]
 [255 255 255 ... 255 255 255]
 [255 255 255 ... 255 255 255]
 ...
 [254 252 205 ... 140 214 249]
 [254 253 222 ... 190 239 253]
 [254 254 235 ... 226 252 254]]"
4642d967bc34a36454b281de632f6c11,Sovam International Radha Krishna God Showpiece  -  6 cm,home decor & festive needs,"sovam international radha krishna god showpiece        cm   brass   white 
                          price   rs       
				
			 image original item represent actual size    colour item crop display   picture   
 image original item represent actual size    colour item crop display   picture  ",4642d967bc34a36454b281de632f6c11.jpg,"[[254 254 254 ... 254 254 254]
 [254 254 254 ... 254 254 254]
 [254 254 254 ... 254 254 254]
 ...
 [254 254 254 ... 254 254 254]
 [254 254 254 ... 254 254 254]
 [254 254 254 ... 254 254 254]]"
34d3b2b8d263294107a3ffc69b35ff8f,The Ethnic Story Royal Durban Showpiece  -  30.48 cm,home decor & festive needs,buy ethnic story royal durban showpiece            cm rs       online   ethnic story royal durban showpiece            cm good price free shipping    cash delivery   genuine product      day replacement guarantee,34d3b2b8d263294107a3ffc69b35ff8f.jpg,"[[255 255 255 ... 255 255 255]
 [255 255 255 ... 255 255 255]
 [255 255 255 ... 255 255 255]
 ...
 [255 255 255 ... 255 255 255]
 [255 255 255 ... 255 255 255]
 [255 255 255 ... 255 255 255]]"
ed139e0d1b5c973495e1aa35dd4a5533,JSM Hard Anodized Kadhai 4 L,kitchen & dining,buy jsm hard anodized kadhai    l rs       online   jsm hard anodized kadhai    l good price free shipping    cash delivery   genuine product      day replacement guarantee,ed139e0d1b5c973495e1aa35dd4a5533.jpg,"[[255 255 255 ... 255 255 255]
 [255 255 255 ... 255 255 255]
 [255 255 255 ... 255 255 255]
 ...
 [255 255 255 ... 255 255 255]
 [255 255 255 ... 255 255 255]
 [255 255 255 ... 255 255 255]]"
e1e133cbe616bee3b3e9e6f4f0882e3d,Celebrity Wheel Pizza Cutter,kitchen & dining,"celebrity wheel pizza cutter   carbon steel pack   
                          price   rs     
				
			 fast cutting 
 fast cutting",e1e133cbe616bee3b3e9e6f4f0882e3d.jpg,"[[255 255 255 ... 255 255 255]
 [255 255 255 ... 255 255 255]
 [255 255 255 ... 255 255 255]
 ...
 [255 255 255 ... 255 255 255]
 [255 255 255 ... 255 255 255]
 [255 255 255 ... 255 255 255]]"
cf2ba696547459733c6bbfad4e3bcf62,Unique Design Mobile Stand Showpiece  -  15 cm,home decor & festive needs,"unique design mobile stand showpiece         cm   wooden   yellow 
                          price   rs     
				
			 handcraft mobile stand wood decorate rajasthani painting   ideal gift friend relative   product offer highly economical rate 
 handcraft mobile stand wood decorate rajasthani painting   ideal gift friend relative   product offer highly economical rate",cf2ba696547459733c6bbfad4e3bcf62.jpg,"[[255 255 255 ... 255 255 255]
 [255 255 255 ... 255 255 255]
 [255 255 255 ... 255 255 255]
 ...
 [234 212 177 ... 143 165 188]
 [246 239 227 ... 204 213 223]
 [253 253 253 ... 238 241 243]]"
be0e65c6d8c2cc8cb913b36aa4168cf0,Lal Haveli Iron Wall Decorative Musician Showpiece  -  50.8 cm,home decor & festive needs,buy lal haveli iron wall decorative musician showpiece           cm rs       online   lal haveli iron wall decorative musician showpiece           cm good price free shipping    cash delivery   genuine product      day replacement guarantee,be0e65c6d8c2cc8cb913b36aa4168cf0.jpg,"[[255 255 255 ... 255 255 255]
 [255 255 255 ... 255 255 255]
 [255 255 255 ... 255 255 255]
 ...
 [255 255 255 ... 255 255 255]
 [255 255 255 ... 255 255 255]
 [255 255 255 ... 255 255 255]]"
2e8df36b35d22cf219cf8bae6c2af752,Metallino Hard Anodised Kadhai 1.2 L,kitchen & dining,buy metallino hard anodise kadhai      l rs      online   metallino hard anodise kadhai      l good price free shipping    cash delivery   genuine product      day replacement guarantee,2e8df36b35d22cf219cf8bae6c2af752.jpg,"[[250 248 246 ... 255 255 255]
 [250 248 246 ... 253 253 253]
 [250 248 246 ... 249 249 249]
 ...
 [251 251 251 ... 253 254 254]
 [254 254 254 ... 253 254 254]
 [255 255 255 ... 253 253 254]]"
8f41774c16a931d71fcf01f8fee171e0,Ruchiworld Marble Pot Showpiece  -  4 cm,home decor & festive needs,"ruchiworld marble pot showpiece        cm   stoneware   multicolor 
                          price   rs       
				
			 exclusive piece drawing room   surity get admiration guest   shop artistic item good price 
 exclusive piece drawing room   surity get admiration guest   shop artistic item good price",8f41774c16a931d71fcf01f8fee171e0.jpg,"[[255 255 255 ... 255 255 255]
 [255 255 255 ... 255 255 255]
 [255 255 255 ... 255 255 255]
 ...
 [255 255 255 ... 255 255 255]
 [255 255 255 ... 255 255 255]
 [255 255 255 ... 255 255 255]]"
7e4c1d31e279a700c6b8e66d820e8601,Kosher Kadhai 5 L,kitchen & dining,buy kosher kadhai    l rs      online   kosher kadhai    l good price free shipping    cash delivery   genuine product      day replacement guarantee,7e4c1d31e279a700c6b8e66d820e8601.jpg,"[[255 255 255 ... 255 255 255]
 [255 255 255 ... 255 255 255]
 [255 255 255 ... 253 254 255]
 ...
 [255 255 255 ... 255 255 255]
 [255 255 255 ... 255 255 255]
 [255 255 255 ... 255 255 255]]"
1357e9d24661c3b5797aa1016e0c3be1,Recon SuperChef Kadhai,kitchen & dining,buy recon superchef kadhai rs      online   recon superchef kadhai good price free shipping    cash delivery   genuine product      day replacement guarantee,1357e9d24661c3b5797aa1016e0c3be1.jpg,"[[255 255 255 ... 255 255 255]
 [255 255 255 ... 255 255 255]
 [255 255 255 ... 255 255 255]
 ...
 [255 255 255 ... 255 255 255]
 [255 255 255 ... 255 255 255]
 [255 255 255 ... 255 255 255]]"
799ddb97164ff2d5d53bb8b27b8c355f,"Indian Art Villa 2.3"" X 6.9"" X 2.3"" Handmade High Quality Stainless Steel Copper Dish Serving Indian Food Daal Curry Karahi Kadai Wok Bowl Kadhai 0.7 L",kitchen & dining,buy indian art villa       x       x       handmade high quality stainless steel copper dish serve indian food daal curry karahi kadai wok bowl kadhai      l rs      online   indian art villa       x       x       handmade high quality stainless steel copper dish serve indian food daal curry karahi kadai wok bowl kadhai      l good price free shipping    cash delivery   genuine product      day replacement guarantee,799ddb97164ff2d5d53bb8b27b8c355f.jpg,"[[254 253 253 ... 255 255 255]
 [251 248 243 ... 255 255 255]
 [242 233 219 ... 255 255 255]
 ...
 [255 255 255 ... 255 255 255]
 [255 255 255 ... 255 255 255]
 [255 255 255 ... 255 255 255]]"
607dc41467008ee7a8dba0276f180f63,Suruchi Kadhai 4.5 L,kitchen & dining,buy suruchi kadhai      l rs      online   suruchi kadhai      l good price free shipping    cash delivery   genuine product      day replacement guarantee,607dc41467008ee7a8dba0276f180f63.jpg,"[[255 255 255 ... 218 235 242]
 [255 255 255 ... 211 229 238]
 [255 255 255 ... 202 224 233]
 ...
 [255 255 255 ... 255 255 255]
 [255 255 255 ... 255 255 255]
 [255 255 255 ... 255 255 255]]"
0c4718ae90f2889b7021a99ee1cc106c,Bergner Kadhai NA L,kitchen & dining,"bergner kadhai na l   aluminium   non stick 
                          price   r       
				
			 strong kadai temper glass lid bergner brilliant collection utensil kitchen  
 high quality stainless steel diamond coating 
  quick heat distribution ability lightweight corrosion resistant 
 strong kadai temper glass lid bergner brilliant collection utensil kitchen  
 high quality stainless steel diamond coating 
  quick heat distribution ability lightweight corrosion resistant",0c4718ae90f2889b7021a99ee1cc106c.jpg,"[[255 255 255 ... 255 255 255]
 [255 255 255 ... 255 255 255]
 [255 255 255 ... 255 255 255]
 ...
 [255 255 255 ... 255 255 255]
 [255 255 255 ... 255 255 255]
 [255 255 255 ... 255 255 255]]"
85fe188e1ee8237b70df0d475907bf24,Kalash Kadhai 11.5 L,kitchen & dining,buy kalash kadhai       l rs       online   kalash kadhai       l good price free shipping    cash delivery   genuine product      day replacement guarantee,85fe188e1ee8237b70df0d475907bf24.jpg,"[[254 250 247 ... 255 255 255]
 [253 246 238 ... 255 255 255]
 [253 240 227 ... 254 254 254]
 ...
 [255 255 255 ... 255 255 255]
 [255 255 255 ... 255 255 255]
 [255 255 255 ... 255 255 255]]"
ea42376c9c52752d9d01bba12eb2999b,Peacock Kadhai 3.8 L,kitchen & dining,buy peacock kadhai      l rs       online   peacock kadhai      l good price free shipping    cash delivery   genuine product      day replacement guarantee,ea42376c9c52752d9d01bba12eb2999b.jpg,"[[255 255 254 ... 254 254 255]
 [255 255 254 ... 254 254 255]
 [255 255 254 ... 254 254 255]
 ...
 [255 255 255 ... 255 255 255]
 [254 255 255 ... 255 255 255]
 [255 255 255 ... 255 255 255]]"
87f1807e002d3555b8dfb465a8a61df2,Leo Natura Paniarakkal 7 Hole Kadhai NA L,kitchen & dining,buy leo natura paniarakkal    hole kadhai na l rs      online   leo natura paniarakkal    hole kadhai na l good price free shipping    cash delivery   genuine product      day replacement guarantee,87f1807e002d3555b8dfb465a8a61df2.jpg,"[[255 255 255 ... 255 255 255]
 [255 255 255 ... 255 255 255]
 [255 255 255 ... 255 255 255]
 ...
 [255 255 255 ... 255 255 255]
 [255 255 255 ... 255 255 255]
 [255 255 255 ... 255 255 255]]"
45d0af2c709de47268c80c35a117de44,Malhar Niko Male Doll Showpiece  -  25 cm,home decor & festive needs,buy malhar niko male doll showpiece         cm rs       online   malhar niko male doll showpiece         cm good price free shipping    cash delivery   genuine product      day replacement guarantee,45d0af2c709de47268c80c35a117de44.jpg,"[[255 255 255 ... 255 255 255]
 [255 255 255 ... 255 255 255]
 [255 255 255 ... 255 255 255]
 ...
 [255 255 255 ... 255 255 255]
 [255 255 255 ... 255 255 255]
 [255 255 255 ... 255 255 255]]"
0131e5d87b72877702d536299cf83b75,Sumeet Hard Anodised 14 Kadhai 3 L,kitchen & dining,buy sumeet hard anodise     kadhai    l rs       online   sumeet hard anodise     kadhai    l good price free shipping    cash delivery   genuine product      day replacement guarantee,0131e5d87b72877702d536299cf83b75.jpg,"[[252 252 252 ... 252 252 252]
 [252 252 252 ... 252 252 252]
 [252 252 252 ... 252 252 252]
 ...
 [252 252 252 ... 252 252 252]
 [252 252 252 ... 252 252 252]
 [252 252 252 ... 252 252 252]]"
17611e6e94d73ef376834e5c6ee03dde,TRUE Bong,home decor & festive needs,buy true bong rs      online   true bong good price free shipping    cash delivery   genuine product      day replacement guarantee,17611e6e94d73ef376834e5c6ee03dde.jpg,"[[255 255 255 ... 255 255 255]
 [255 255 255 ... 255 255 255]
 [255 255 255 ... 255 255 255]
 ...
 [245 236 219 ... 254 254 254]
 [254 254 254 ... 254 254 254]
 [255 255 255 ... 255 255 255]]"
72cbc043d14ee578c789c9fab3c43cdd,Kalash Kadhai 3.5 L,kitchen & dining,buy kalash kadhai      l rs      online   kalash kadhai      l good price free shipping    cash delivery   genuine product      day replacement guarantee,72cbc043d14ee578c789c9fab3c43cdd.jpg,"[[252 251 251 ... 255 255 255]
 [252 247 238 ... 255 255 255]
 [252 238 213 ... 255 255 255]
 ...
 [255 255 255 ... 255 255 255]
 [255 255 255 ... 255 255 255]
 [255 255 255 ... 255 255 255]]"
6bc04b3ec1f8d4da2a00f8662f4fbed3,Metallino Kadhai NA L,kitchen & dining,buy metallino kadhai na l rs      online   metallino kadhai na l good price free shipping    cash delivery   genuine product      day replacement guarantee,6bc04b3ec1f8d4da2a00f8662f4fbed3.jpg,"[[255 255 255 ... 254 254 254]
 [255 255 255 ... 254 254 253]
 [255 255 255 ... 253 253 253]
 ...
 [255 255 255 ... 255 255 255]
 [255 255 255 ... 255 255 255]
 [255 255 255 ... 255 255 255]]"
fb733e04ff2d72c59d8513eb574e81a2,Metallino Hard Anodised WGlass Lid Kadhai 3.5 L,kitchen & dining,buy metallino hard anodise wglass lid kadhai      l rs       online   metallino hard anodise wglass lid kadhai      l good price free shipping    cash delivery   genuine product      day replacement guarantee,fb733e04ff2d72c59d8513eb574e81a2.jpg,"[[255 255 255 ... 255 255 255]
 [255 255 255 ... 255 255 255]
 [255 255 255 ... 255 255 255]
 ...
 [255 255 255 ... 255 255 255]
 [255 255 255 ... 255 255 255]
 [255 255 255 ... 255 255 255]]"
fda51c31a1b7ae8f3c7b5c0174d3e201,The Crafts House Showpiece  -  6.5 cm,home decor & festive needs,buy craft house showpiece          cm rs       online   crafts house showpiece          cm good price free shipping    cash delivery   genuine product      day replacement guarantee,fda51c31a1b7ae8f3c7b5c0174d3e201.jpg,"[[255 255 255 ... 255 255 255]
 [255 255 255 ... 255 255 255]
 [255 255 255 ... 255 255 255]
 ...
 [255 255 255 ... 255 255 255]
 [255 255 255 ... 255 255 255]
 [255 255 255 ... 255 255 255]]"
c38eb8abdaa1d8c28bc8c262761dfbc5,Jaipan KD2.5 Kadhai 2.5 L,kitchen & dining,buy jaipan kd     kadhai      l rs      online   jaipan kd     kadhai      l good price free shipping    cash delivery   genuine product      day replacement guarantee,c38eb8abdaa1d8c28bc8c262761dfbc5.jpg,"[[255 255 255 ... 255 255 255]
 [255 255 255 ... 255 255 255]
 [255 255 255 ... 255 255 255]
 ...
 [255 255 255 ... 255 255 255]
 [255 255 255 ... 255 255 255]
 [255 255 255 ... 255 255 255]]"
73b692cdfce9a77b721a54d4b7fb35a7,Tiedribbons Mamma'S Fairies Gifts Tile Showpiece  -  28 cm,home decor & festive needs,"tiedribbon mamma s fairy gift tile showpiece         cm   ceramic   multicolor 
                          price   rs     
				
			 bright colour combination fantastic look tile exclusive creation brand tiedribbon   wonderful piece fine addition prayer room   living room office   easy maintain good look tile year simple cloth wipe   print high quality retain brightness long   come wooden easel stand easy place table shelf room   consider tile wonderful gift option house warming occasion festive occasion   shop confidence   sit enjoy shop sure deliver purchase free right doorstep 
 bright colour combination fantastic look tile exclusive creation brand tiedribbon   wonderful piece fine addition prayer room   living room office   easy maintain good look tile year simple cloth wipe   print high quality retain brightness long   come wooden easel stand easy place table shelf room   consider tile wonderful gift option house warming occasion festive occasion   shop confidence   sit enjoy shop sure deliver purchase free right doorstep",73b692cdfce9a77b721a54d4b7fb35a7.jpg,"[[255 255 255 ... 255 255 255]
 [255 255 255 ... 255 255 255]
 [255 255 255 ... 255 255 255]
 ...
 [255 255 254 ... 254 255 255]
 [255 255 255 ... 255 255 255]
 [255 255 255 ... 255 255 255]]"
40d7d3d1961236dd814e15592fa52994,Unravel India Showpiece  -  16 cm,home decor & festive needs,buy unravel india showpiece         cm rs       online   unravel india showpiece         cm good price free shipping    cash delivery   genuine product      day replacement guarantee,40d7d3d1961236dd814e15592fa52994.jpg,"[[255 255 255 ... 255 255 255]
 [255 255 255 ... 255 255 255]
 [255 255 255 ... 255 255 255]
 ...
 [255 255 255 ... 255 255 255]
 [255 255 255 ... 255 255 255]
 [255 255 255 ... 255 255 255]]"
9833d0de7f7e1927c807411c10b19189,Ruchikainternational ruc0015 Showpiece  -  4 cm,home decor & festive needs,buy ruchikainternational ruc      showpiece        cm rs      online   ruchikainternational ruc      showpiece        cm good price free shipping    cash delivery   genuine product      day replacement guarantee,9833d0de7f7e1927c807411c10b19189.jpg,"[[254 254 254 ... 253 253 253]
 [254 254 254 ... 253 253 253]
 [254 254 254 ... 253 253 253]
 ...
 [255 255 255 ... 254 254 254]
 [255 255 255 ... 254 254 253]
 [255 255 255 ... 254 253 253]]"
724e6eb7edc83eb48b6492d12e940ebd,Nirlon Kadhai 3 L,kitchen & dining,buy nirlon kadhai    l rs      online   nirlon kadhai    l good price free shipping    cash delivery   genuine product      day replacement guarantee,724e6eb7edc83eb48b6492d12e940ebd.jpg,"[[255 255 255 ... 255 255 255]
 [255 255 255 ... 255 255 255]
 [255 255 255 ... 255 255 255]
 ...
 [255 255 255 ... 255 255 255]
 [255 255 255 ... 255 255 255]
 [255 255 255 ... 255 255 255]]"
04f9f818e2d657b873b07578cfe2eade,Monil Cow With Calf Showpiece  -  10.2 cm,home decor & festive needs,buy monil cow calf showpiece           cm rs      online   monil cow calf showpiece           cm good price free shipping    cash delivery   genuine product      day replacement guarantee,04f9f818e2d657b873b07578cfe2eade.jpg,"[[255 255 255 ... 255 255 255]
 [255 255 255 ... 255 255 255]
 [255 255 255 ... 255 255 255]
 ...
 [255 255 255 ... 255 255 255]
 [255 255 255 ... 255 255 255]
 [255 255 255 ... 255 255 255]]"
273982a65b9c7dabe56c8345552bfad7,Pristine Hard Anodised Kadhai 2 L,kitchen & dining,"pristine hard anodise kadhai    l   aluminium 
                          price   rs     
				
			 pristine   manufacturer range gourmet cookware carry experience decade    successfully export americas   europe   australia   organization iso certify have state art manufacturing facility spread area           sq foot product manufacture precise workmanship    pass stringent quality control test    check   deliver quality product customer factory price   product pack attractive gift box make ideal gifting solution effort make kitchen smart place enhance convenience   reduce time spend    reflect modern lifestyle mission    provide quality product affordable price  
 pristine   manufacturer range gourmet cookware carry experience decade    successfully export americas   europe   australia   organization iso certify have state art manufacturing facility spread area           sq foot product manufacture precise workmanship    pass stringent quality control test    check   deliver quality product customer factory price   product pack attractive gift box make ideal gifting solution effort make kitchen smart place enhance convenience   reduce time spend    reflect modern lifestyle mission    provide quality product affordable price  ",273982a65b9c7dabe56c8345552bfad7.jpg,"[[255 255 255 ... 255 255 255]
 [255 255 255 ... 255 255 255]
 [255 255 255 ... 255 255 255]
 ...
 [255 255 255 ... 255 255 255]
 [255 255 255 ... 255 255 255]
 [255 255 255 ... 255 255 255]]"
e1b2b3ad430dd738d958292441b6d046,Shoppingtara Marble Elephant Pair Showpiece  -  5 cm,home decor & festive needs,buy shoppingtara marble elephant pair showpiece        cm rs      online   shoppingtara marble elephant pair showpiece        cm good price free shipping    cash delivery   genuine product      day replacement guarantee,e1b2b3ad430dd738d958292441b6d046.jpg,"[[254 254 254 ... 254 254 254]
 [254 254 254 ... 254 254 254]
 [254 254 254 ... 254 254 254]
 ...
 [254 254 254 ... 254 254 254]
 [254 254 254 ... 254 254 254]
 [254 254 254 ... 254 254 254]]"
9a3cdc88ebbba7612e88eac1b82c5f82,Woodino Handicrafts Showpiece  -  6.5 cm,home decor & festive needs,buy woodino handicraft showpiece          cm rs      online   woodino handicraft showpiece          cm good price free shipping    cash delivery   genuine product      day replacement guarantee,9a3cdc88ebbba7612e88eac1b82c5f82.jpg,"[[255 255 255 ... 255 255 255]
 [255 255 255 ... 255 255 255]
 [255 255 255 ... 255 255 255]
 ...
 [255 255 255 ... 255 255 255]
 [255 255 255 ... 255 255 255]
 [255 255 255 ... 255 255 255]]"
a4951eb41979fe482879f777c8f21d2b,Unique Handicrafts Inlaid Marble Box Showpiece  -  4.5 cm,home decor & festive needs,"unique handicraft inlay marble box showpiece          cm   stoneware   blue 
                          price   rs       
				
			 white marble box inlay semi precious stone 
 white marble box inlay semi precious stone",a4951eb41979fe482879f777c8f21d2b.jpg,"[[253 253 253 ... 248 236 230]
 [253 253 253 ... 247 237 233]
 [253 253 253 ... 249 244 243]
 ...
 [253 253 253 ... 253 253 253]
 [253 253 253 ... 253 253 253]
 [253 253 253 ... 253 253 253]]"
412d0425bb7076610aace6549ded265c,Lal Haveli Rajasthani Handmade Vintage Wooden Camel Design Jharoka Photo Frame Showpiece  -  43.18 cm,home decor & festive needs,"lal haveli rajasthani handmade vintage wooden camel design jharoka photo frame showpiece            cm   wooden   copper 
                          price   rs       
				
			 traditional rajasthani designer jharokha carve wood symbolize exquisite skill craftsman   beautiful gold pattern adorn artwork intense royal look perfect gift item occasion enhance home decor 
 traditional rajasthani designer jharokha carve wood symbolize exquisite skill craftsman   beautiful gold pattern adorn artwork intense royal look perfect gift item occasion enhance home decor",412d0425bb7076610aace6549ded265c.jpg,"[[241 241 241 ... 240 240 240]
 [241 241 240 ... 240 240 240]
 [241 241 240 ... 240 240 240]
 ...
 [244 244 243 ... 241 241 240]
 [243 244 244 ... 240 240 239]
 [244 244 245 ... 240 239 239]]"
0e73201f6d8807776e1d21c969078289,Pigeon Kadhai 1.2 L,kitchen & dining,"pigeon kadhai      l   aluminium   glass   non stick 
                          price   rs     
				
			 italian technology non stick base strong   sturdy   stay cool   heat resistant bakelite handle easy grip     layer teflon coating   chemical pfoa free scratch resistant   metal spoon friendly 
 italian technology non stick base strong   sturdy   stay cool   heat resistant bakelite handle easy grip     layer teflon coating   chemical pfoa free scratch resistant   metal spoon friendly",0e73201f6d8807776e1d21c969078289.jpg,"[[255 255 255 ... 255 255 255]
 [255 255 255 ... 255 255 255]
 [255 255 255 ... 255 255 255]
 ...
 [255 255 255 ... 255 255 255]
 [255 255 255 ... 255 255 255]
 [255 255 255 ... 255 255 255]]"
86dcb7d4ce6ec7bfb3e26d1bd859f4fb,Sahara Q Shop Kadhai 1.5 L,kitchen & dining,"sahara q shop kadhai      l   stainless steel 
                          price   rs     
				
			 premium non stick kadhai      ltr 
 premium non stick kadhai      ltr",86dcb7d4ce6ec7bfb3e26d1bd859f4fb.jpg,"[[251 251 251 ... 252 252 252]
 [250 250 250 ... 251 251 251]
 [250 250 250 ... 250 250 250]
 ...
 [250 250 250 ... 236 236 236]
 [250 250 250 ... 236 236 236]
 [250 250 250 ... 236 236 236]]"
093097cfe5626f4ad8914e0a16a940b5,Mom Italy Wheel Pizza Cutter,kitchen & dining,buy mom italy wheel pizza cutter r      online   mom italy wheel pizza cutter good price free shipping    cash delivery   genuine product      day replacement guarantee,093097cfe5626f4ad8914e0a16a940b5.jpg,"[[255 255 255 ... 254 255 255]
 [255 255 255 ... 254 254 255]
 [255 255 255 ... 248 253 255]
 ...
 [255 255 255 ... 255 255 255]
 [255 255 255 ... 255 255 255]
 [255 255 255 ... 255 255 255]]"
908cc351957d02f72f60916006c531ba,Rajo Raja Mahavastu Buddha Artpiece Showpiece  -  20.5 cm,home decor & festive needs,buy rajo raja mahavastu buddha artpiece showpiece           cm rs       online   rajo raja mahavastu buddha artpiece showpiece           cm good price free shipping    cash delivery   genuine product      day replacement guarantee,908cc351957d02f72f60916006c531ba.jpg,"[[255 255 255 ... 255 255 255]
 [255 255 255 ... 255 255 255]
 [255 255 255 ... 255 255 255]
 ...
 [255 255 255 ... 255 255 255]
 [255 255 255 ... 255 255 255]
 [255 255 255 ... 255 255 255]]"
7ee2e665b7de2e1cc29e3c65bde0c318,Mavi 237MBB Showpiece  -  15 cm,home decor & festive needs,buy mavi     mbb showpiece         cm rs       online   mavi     mbb showpiece         cm good price free shipping    cash delivery   genuine product      day replacement guarantee,7ee2e665b7de2e1cc29e3c65bde0c318.jpg,"[[255 255 255 ... 255 255 255]
 [255 255 255 ... 255 255 255]
 [255 255 255 ... 255 255 255]
 ...
 [255 255 255 ... 255 255 255]
 [255 255 255 ... 255 255 255]
 [255 255 255 ... 255 255 255]]"
9906d8f74589c452b00f2b5642a63c5f,S C Handicrafts Showpiece  -  40 cm,home decor & festive needs,buy s c handicraft showpiece         cm rs       online   s c handicraft showpiece         cm good price free shipping    cash delivery   genuine product      day replacement guarantee,9906d8f74589c452b00f2b5642a63c5f.jpg,"[[255 255 255 ... 255 255 255]
 [255 255 255 ... 255 255 255]
 [255 255 255 ... 255 255 255]
 ...
 [255 255 255 ... 255 255 255]
 [255 255 255 ... 255 255 255]
 [255 255 255 ... 255 255 255]]"
0f7a56876c61ba98dfed48ede5d3f3e1,Ruchikainternational ruc0013 Showpiece  -  13 cm,home decor & festive needs,buy ruchikainternational ruc      showpiece         cm rs      online   ruchikainternational ruc      showpiece         cm good price free shipping    cash delivery   genuine product      day replacement guarantee,0f7a56876c61ba98dfed48ede5d3f3e1.jpg,"[[255 255 255 ... 255 255 255]
 [255 255 255 ... 255 255 255]
 [255 255 255 ... 255 255 255]
 ...
 [255 255 255 ... 255 255 255]
 [255 255 255 ... 255 255 255]
 [255 255 255 ... 255 255 255]]"
6a1afb657e9ac01e3ca1956dfdcc3e9a,Ndura Kadhai 1.7 L,kitchen & dining,"ndura kadhai      l 
                          price   rs     
				
			 fantastic addition kitchen   silver colour kadhai bring steel factory set ease cooking task   finely craft high quality stainless steel   kadhai come mirror finish look classy 
 fantastic addition kitchen   silver colour kadhai bring steel factory set ease cooking task   finely craft high quality stainless steel   kadhai come mirror finish look classy",6a1afb657e9ac01e3ca1956dfdcc3e9a.jpg,"[[255 255 255 ... 255 255 255]
 [255 255 255 ... 255 255 255]
 [255 255 255 ... 255 255 255]
 ...
 [255 255 255 ... 255 255 255]
 [255 255 255 ... 255 255 255]
 [255 255 255 ... 255 255 255]]"
c3e1435782c0929327449eec11475b96,Supreme Cookwares Kadhai 1.5 L,kitchen & dining,buy supreme cookwares kadhai      l rs      online   supreme cookwares kadhai      l good price free shipping    cash delivery   genuine product      day replacement guarantee,c3e1435782c0929327449eec11475b96.jpg,"[[255 255 255 ... 255 255 255]
 [255 255 255 ... 255 255 255]
 [255 255 255 ... 255 255 255]
 ...
 [255 255 255 ... 255 255 255]
 [255 255 255 ... 255 255 255]
 [255 255 255 ... 255 255 255]]"
719677b02bfccafb86e9be78f36f938b,Babeezworld Baby Boy's Romper,baby care,key feature babeezworld baby boy s romper fabric   cotton brand color   blue green babeezworld baby boy s romper price   rs       babeezworld present cute baby dungaree set little dungaree set come trendy round neck cotton t shirt shoulder loop ease comfort fit   set soft cotton material adjustable strap button closure   special character give stylish look   dungaree set ideal pick summer available multiple color   specification babeezworld baby boy s romper detail sleeve half sleeve number content sale package pack    fabric cotton type romper neck round neck general detail pattern print ideal baby boy s fabric care wash similar color   use detergent color,719677b02bfccafb86e9be78f36f938b.jpg,"[[255 255 255 ... 255 255 255]
 [255 255 255 ... 255 255 255]
 [255 255 255 ... 255 255 255]
 ...
 [255 255 255 ... 255 255 255]
 [255 255 255 ... 255 255 255]
 [255 255 255 ... 255 255 255]]"
14826adf9bc4c34ea566dae3d85ef7cf,Pittsburgh Polo Club PBPC-505-GRN Analog Watch  - For Men,watches,specification pittsburgh polo club pbpc      grn analog watch     man function chronograph altimeter barometer calendar luminous general mechanism quartz type analog style code pbpc      grn occasion casual ideal man power source battery power warranty    month manufacturer warranty body feature box material cardboard dial shape round strap type bracelet strap color green shock resistance scratch resistant water resistant clasp type buckle dial color green,14826adf9bc4c34ea566dae3d85ef7cf.jpg,"[[255 255 255 ... 255 255 255]
 [255 255 255 ... 255 255 255]
 [255 255 255 ... 255 255 255]
 ...
 [255 255 255 ... 255 255 255]
 [255 255 255 ... 255 255 255]
 [255 255 255 ... 255 255 255]]"
113783ce1db999778b5a4bd374e61209,"palito PLO 169 Analog Watch  - For Girls, Women",watches,key feature palito plo      analog watch     girl   woman dial color   red dial shape   round strap color   red specification palito plo      analog watch     girl   woman general type analog style code plo      occasion formal ideal girl   woman warranty    month body feature dial shape round strap color red dial color red,113783ce1db999778b5a4bd374e61209.jpg,"[[255 255 255 ... 255 255 255]
 [255 255 255 ... 255 255 255]
 [255 255 255 ... 255 255 255]
 ...
 [255 255 255 ... 255 255 255]
 [255 255 255 ... 255 255 255]
 [255 255 255 ... 255 255 255]]"
553aa0252537751d153e7c50029f0242,Adino ADF04 Analog Watch  - For Girls,watches,specification adino adf    analog watch     girl general type analog style code adf    ideal girls occasion party wedding warranty    month body feature dial shape round strap color steel dial color black   pink   green   purpal,553aa0252537751d153e7c50029f0242.jpg,"[[255 255 255 ... 255 255 255]
 [255 255 255 ... 255 255 255]
 [255 255 255 ... 255 255 255]
 ...
 [255 255 255 ... 255 255 255]
 [255 255 255 ... 255 255 255]
 [255 255 255 ... 255 255 255]]"
e2cec0756030a25f294ead3acc0570d2,ESIDON AKADA06 Analog Watch  - For Women,watches,specification esidon akada    analog watch     woman general type analog style code akada    ideal woman occasion party wedding warranty    month body feature dial shape round strap color gold dial color white,e2cec0756030a25f294ead3acc0570d2.jpg,"[[255 255 255 ... 255 255 255]
 [255 255 255 ... 255 255 255]
 [255 255 255 ... 255 255 255]
 ...
 [255 255 255 ... 255 255 255]
 [255 255 255 ... 255 255 255]
 [255 255 255 ... 255 255 255]]"
009099b1f6e1e8f893ec29a7023153c4,"palito PLO 166 Analog Watch  - For Girls, Women",watches,specification palito plo      analog watch     girl   woman general type analog style code plo      ideal girl   woman occasion party wedding warranty    month body feature dial shape round strap color black dial color black,009099b1f6e1e8f893ec29a7023153c4.jpg,"[[255 255 255 ... 255 255 255]
 [255 255 255 ... 255 255 255]
 [255 255 255 ... 255 255 255]
 ...
 [255 255 255 ... 255 255 255]
 [255 255 255 ... 255 255 255]
 [255 255 255 ... 255 255 255]]"
db3e2eeb4fe90d4755f2911d661eae95,Bhavya Velvet Sofa Cover,home furnishing,bhavya velvet sofa cover   grey pack      price   rs         bhavya velvet sofa cover   black pack      specification bhavya velvet sofa cover   grey pack      box pack     general brand bhavya model number    btsc     gb shade grey color black type sofa pattern floral material velvet suitable living room dimension width       cm height     cm weight    kg,db3e2eeb4fe90d4755f2911d661eae95.jpg,"[[114 114 114 ... 113 113 113]
 [114 114 114 ... 113 113 113]
 [115 114 114 ... 113 113 113]
 ...
 [146 146 146 ... 162 163 164]
 [146 146 146 ... 163 164 164]
 [146 146 146 ... 163 164 164]]"
a8ea6fc2b3cd95f46bced80853ce8e0e,cherry crumble california Baby Boy's Dungaree,baby care,key feature cherry crumble california baby boy s dungaree fabric        cotton brand color   grey olive camouflage specification cherry crumble california baby boy s dungaree detail fabric       cotton type dungaree general detail pattern print ideal baby boy s,a8ea6fc2b3cd95f46bced80853ce8e0e.jpg,"[[255 255 255 ... 255 255 255]
 [255 255 255 ... 255 255 255]
 [255 255 255 ... 255 255 255]
 ...
 [147 132 115 ... 221 223 224]
 [210 192 165 ... 255 255 255]
 [249 232 203 ... 255 255 255]]"
4d2e9f36823bad0f6fe8c6b19bb92bdb,Yves Bertelin YBSCR557 Analog Watch  - For Women,watches,specification yve bertelin ybscr     analog watch     woman general mechanism quartz type analog style code ybscr     ideal woman occasion party wedding power source battery power warranty    month plating     yrs warranty movement    battery box watch   warranty card   box body feature dial shape round box material wooden strap color multi dial color white strap material ceramic strap,4d2e9f36823bad0f6fe8c6b19bb92bdb.jpg,"[[255 255 255 ... 255 255 255]
 [255 255 255 ... 255 255 255]
 [255 255 255 ... 255 255 255]
 ...
 [255 255 255 ... 255 255 255]
 [255 255 255 ... 255 255 255]
 [255 255 255 ... 255 255 255]]"
63f2d92a3f5fc6cfc11e7f99d5798eac,Services Junction Beautiful Black and Golden color Diamond Ganesh idol for Pooja Showpiece  -  5 cm,home decor & festive needs,key feature service junction beautiful black golden color diamond ganesh idol pooja showpiece        cm lord ganesha    ganesh    ganpati god    gift   g     gld    material    clay   package content      statue   packaging    box pack bubble wrap   dimension     cms x     cms x     cms    approx    care instruction     clean damp cloth   submerge water   service junction beautiful black golden color diamond ganesh idol pooja showpiece        cm   pottery   black   gold   silver   price   rs          exclusive antique finish black ganesh idol clay give unique finish golden diamond like stone stud   limited edition piece available gifting place home   speciality     rich attractive    limited edition item   ganesh   deity hinduism   deva wisdom intellect   handmade stone fine paint statue   colorful stone ganesha famous meenakari   hand painting   gorgeous    unique ganesha ganpati bring prosperity happiness home    office   perfect pooja place   desk    home decor beautiful spiritual gift   disclaimer   image represent actual product color image product slightly differ     specification service junction beautiful black golden color diamond ganesh idol pooja showpiece        cm   pottery   black   gold   silver   general brand service junction model number g      gld blk type contemporary   religious idol   antique shade black   golden   silver material pottery model beautiful black golden color diamond ganesh idol pooja color black   gold   silver dimension weight     g height    cm width      cm depth      cm additional feature feature lord ganesha    ganesh    ganpati god    gift   g     gld     material    clay    package content      statue    packaging    box pack bubble wrap    dimension     cms x     cms x     cms   approx     care instruction     clean damp cloth   submerge water   box sale package    ganesha idol pack  ,63f2d92a3f5fc6cfc11e7f99d5798eac.jpg,"[[255 255 255 ... 255 255 255]
 [255 255 255 ... 255 255 255]
 [255 255 255 ... 255 255 255]
 ...
 [255 255 255 ... 255 255 255]
 [255 255 255 ... 255 255 255]
 [255 255 255 ... 255 255 255]]"
64a9d0488652194fd8e879d5e6dc8015,"palito PLO 149 Analog Watch  - For Girls, Women",watches,specification palito plo      analog watch     girl   woman general type analog style code plo      ideal girl   woman occasion party wedding warranty    month body feature dial shape round strap color black dial color black,64a9d0488652194fd8e879d5e6dc8015.jpg,"[[255 255 255 ... 255 255 255]
 [255 255 255 ... 255 255 255]
 [255 255 255 ... 255 255 255]
 ...
 [255 255 255 ... 255 255 255]
 [255 255 255 ... 255 255 255]
 [255 255 255 ... 255 255 255]]"
08613e8b27838b997069b1fedb6e88d2,V9 METAL STRAP Analog Watch  - For Men,watches,specification v   metal strap analog watch     man general type analog style code metal strap occasion casual ideal man warranty body feature dial shape round strap color steel dial color black,08613e8b27838b997069b1fedb6e88d2.jpg,"[[254 254 254 ... 254 254 254]
 [254 254 254 ... 254 254 254]
 [254 254 254 ... 254 254 254]
 ...
 [254 254 254 ... 254 254 254]
 [254 254 254 ... 254 254 254]
 [254 254 254 ... 254 254 254]]"
a66a68fbed935f90b62d5d29003267fc,Dreamshomes Velvet Sofa Cover,home furnishing,specification dreamshome velvet sofa cover   multicolour pack     box pack    general brand dreamshome model number sofab     shade multicolour color multicolor type sofa pattern checker material velvet suitable living room dimension height     cm weight    kg,a66a68fbed935f90b62d5d29003267fc.jpg,"[[255 255 255 ... 254 254 254]
 [255 255 255 ... 254 254 254]
 [255 255 255 ... 254 254 254]
 ...
 [220 220 220 ... 222 223 224]
 [221 221 221 ... 221 222 223]
 [221 221 221 ... 221 222 223]]"
7f7c64d439d64656d6baa40f5798cdf5,"Kandyfloss Baby Boy's, Baby Girl's Romper",baby care,key feature kandyfloss baby boy s   baby girl s romper fabric   cotton brand color   red specification kandyfloss baby boy s   baby girl s romper detail number content sale package pack    fabric cotton type romper neck envelope neck general detail pattern geometric print ideal baby boy s   baby girl s box    romper,7f7c64d439d64656d6baa40f5798cdf5.jpg,"[[255 255 255 ... 255 255 255]
 [255 255 255 ... 255 255 255]
 [255 255 255 ... 255 255 255]
 ...
 [255 255 255 ... 255 255 255]
 [255 255 255 ... 255 255 255]
 [255 255 255 ... 255 255 255]]"
2aaa6083689193df5ab01fe37dea1b5e,Services Junction Gold Plated Ganesh Idol Showpiece For Pooja Showpiece  -  6.5 cm,home decor & festive needs,key feature service junction gold plate ganesh idol showpiece pooja showpiece          cm lord ganesha    ganesh    ganpati god    gift   g     gid    material    clay   package content      statue   packaging    box pack bubble wrap   dimension       cms x     cms x   cms    approx    care instruction     clean damp cloth   submerge water   service junction gold plate ganesh idol showpiece pooja showpiece          cm   pottery   gold   price   rs          hard find unique poster gold finish   huge collection consist favorite god goddess   brass idol god ganesha mean perform puja home   simply decorate home hindu way   evotion ganesha widely diffuse extend jains   buddhist   india   know attribute   ganesha s elephant head make easy identify   ganesha widely revere remover obstacle   patron art science deva intellect wisdom   god beginning   honour start ritual ceremony disclaimer   image represent actual product color image product slightly differ     specification service junction gold plate ganesh idol showpiece pooja showpiece          cm   pottery   gold   general brand service junction model number g     gld pl shade golden type contemporary   religious idol   antique model gold plate ganesh idol showpiece pooja material pottery color gold dimension weight     g height      cm width      cm depth    cm box sale package    ganesha idol pack    additional feature feature lord ganesha    ganesh    ganpati god    gift   g     gid     material    clay    package content      statue    packaging    box pack bubble wrap    dimension       cms x     cms x   cms   approx     care instruction     clean damp cloth   submerge water   water resistant,2aaa6083689193df5ab01fe37dea1b5e.jpg,"[[255 255 255 ... 255 255 255]
 [255 255 255 ... 255 255 255]
 [255 255 255 ... 255 255 255]
 ...
 [255 255 255 ... 255 255 255]
 [255 255 255 ... 255 255 255]
 [255 255 255 ... 255 255 255]]"
45204a03550940bdcbc8e4703c07f550,Brahmz Glass Mossiac Table Lamp,home decor & festive needs,key feature brahmz glass mossiac table lamp multi color    w bulb brahmz glass mossiac table lamp      cm   multi color   price   rs       refreshing change sleek contemporary lamp   table lamp brahmz break away convention unique appeal beautiful colour glass   glass   table lamp durable sturdy   enhance home décor mosaic pattern blend traditional modern   table lamp colourful vibrant mosaic pattern give home magical charming ambience handmade design   table lamp beautifully handcraft skill creativity elegant addition home décor   specification brahmz glass mossiac table lamp      cm   multi color   box number content sale package pack    sale package    table lamp general lamp base material glass   mossiac model number g      bulb type    w type standard assembly require model glass mossiac lamp body material glass   mossiac color multi color dimension cord length     inch weight      g height     cm width     cm power feature power source ac,45204a03550940bdcbc8e4703c07f550.jpg,"[[255 255 255 ... 255 255 255]
 [255 255 255 ... 255 255 255]
 [255 255 255 ... 255 255 255]
 ...
 [255 255 255 ... 255 255 255]
 [255 255 255 ... 255 255 255]
 [255 255 255 ... 255 255 255]]"
8876d7569efdaff5a21b33a1ab44a13d,MKB Baby Girl's Shirt Dress,baby care,key feature mkb baby girl s shirt dress material   velvet    net length      inch color   black    white mkb baby girl s shirt dress price   rs       black    white baby girl s dress velvet    net material   s attractive comfortable   perfect ceremony wear baby girl beautiful dress little angel specification mkb baby girl s shirt dress box    dress dimension length midi knee length general detail pattern solid occasion casual ideal baby girl s dress detail number content sale package pack    fabric velvet    net type shirt fabric care gentle hand wash   bleach,8876d7569efdaff5a21b33a1ab44a13d.jpg,"[[255 255 255 ... 255 255 255]
 [255 255 255 ... 255 255 255]
 [255 255 255 ... 255 255 255]
 ...
 [255 255 255 ... 255 255 255]
 [255 255 255 ... 255 255 255]
 [255 255 255 ... 255 255 255]]"
7c15895bbfd7da97c219be5b28150a06,Toddla Baby Girl's Gathered Dress,baby care,key feature toddla baby girl s gather dress raglan print dress beautiful flower waist   lining       cotton   toddla gather line cotton floral print knee longdress baby girl material      cotton dress comfortable wear day long    perfrect dress little princess carry cuteness style    wash care    normal wash cold water    twist    tumble   dry shade    toddla baby girl s gather dress price   rs       raglan print dress beautiful flower waist   lining       cotton   specification toddla baby girl s gather dress box    frock dimension length midi knee length general detail pattern floral print ideal baby girl s occasion casual dress detail sleeve sleeveless number content sale package pack    fabric cotton type gather neck crew neck additional detail detail product weight   g         product length   cm     ,7c15895bbfd7da97c219be5b28150a06.jpg,"[[255 255 255 ... 255 255 255]
 [255 255 255 ... 255 255 255]
 [255 255 255 ... 255 255 255]
 ...
 [255 255 255 ... 238 241 246]
 [255 255 255 ... 255 255 255]
 [255 255 255 ... 255 255 255]]"
c2efa8aa11898bdb5fc4e46201973a42,Baby Moshai Baby Girl's A-line Dress,baby care,key feature baby moshai baby girl s line dress commendable design baby moshai baby girl s line dress price   r       simple elegant look girl amazing pink colored sleeve dress house baby moshai   soft faux fur net fabric provide comfort ease daughter want   miss opportunity grab trendy pick season   barrage compliment child happy   specification baby moshai baby girl s line dress box    dress dimension length mini short general detail pattern solid occasion casual ideal baby girl s dress detail sleeve sleeve number content sale package pack    fabric faux fur   net type line neck round additional detail detail warm party wear fleece net dress girl   faux fur turtle neck   fleece frock   suitable winter   elastic waistband well fit   high quality garment   girlie net add softness entire garment fabric care hand washable,c2efa8aa11898bdb5fc4e46201973a42.jpg,"[[255 255 255 ... 255 255 255]
 [255 255 255 ... 255 255 255]
 [255 255 255 ... 255 255 255]
 ...
 [255 255 255 ... 255 255 255]
 [255 255 255 ... 255 255 255]
 [255 255 255 ... 255 255 255]]"
688bb32bf0d9b6e350d2c0912a3b7c9f,My Little Lambs Baby Girl's Gathered Dress,baby care,key feature little lamb baby girl s gather dress light blue gather little lamb baby girl s gather dress price   rs         embroider dress ethnic floral print specification little lamb baby girl s gather dress box    dress dimension length midi knee length general detail pattern floral print ideal baby girl s occasion casual dress detail line       cotton sleeve cap sleeve belt include number content sale package pack    fabric cotton type gather neck round neck fabric care wash separately   cold wash   tumble dry   bleach   light iron   dry clean,688bb32bf0d9b6e350d2c0912a3b7c9f.jpg,"[[255 255 255 ... 255 255 255]
 [255 255 255 ... 255 255 255]
 [255 255 255 ... 255 255 255]
 ...
 [255 255 255 ... 255 255 255]
 [255 255 255 ... 255 255 255]
 [255 255 255 ... 255 255 255]]"
735820e1614052fde55659da9dc10ccc,arnavs Multi1 Bottle Opener Set,kitchen & dining,arnavs multi   bottle opener set price   rs       opener essential kitchen   specification arnavs multi   bottle opener set general brand arnavs model number multi   type bottle opener set color red,735820e1614052fde55659da9dc10ccc.jpg,"[[255 255 255 ... 255 255 255]
 [255 255 255 ... 255 255 255]
 [255 255 255 ... 255 255 255]
 ...
 [255 255 255 ... 255 255 255]
 [255 255 255 ... 255 255 255]
 [255 255 255 ... 255 255 255]]"
458c697fe5824552890b0e674cf5c109,I Ball IBCTDC 160/2gb/DDR2 with Dual Core 2 RAM 160 Hard Disk,computers,specification ball ibctdc       gb ddr   dual core    ram      hard disk   free do   performance feature processor speed       ghz processor intel processor type dual core number core    general brand ball operating system free do graphic memory na gb model ibctdc       gb ddr   graphic intel onboard system memory storage feature memory technology ddr   ram    gb hard disk capacity      gb warranty cover warranty part product service type    year domestic warranty warranty summary    year domestic warranty cover part product cover warranty burn physically damage dimension weight    kg height     cm width     cm depth     cm box sale package cpu   driver cd   power cable,458c697fe5824552890b0e674cf5c109.jpg,"[[242 222 186 ... 193 232 252]
 [229 199 148 ... 160 219 249]
 [211 170 107 ... 126 205 246]
 ...
 [126  79  31 ...  50 124 179]
 [166 129  90 ... 106 166 207]
 [201 175 146 ... 158 200 227]]"
6ed34e1ab886e8a702ec59dd66ba4dff,Globe Graphic Print Baby Boy's Round Neck Orange T-Shirt,baby care,key feature globe graphic print baby boy s round neck orange t shirt fit   regular suitable   western wear sleeve   half sleeve fabric   cotton color orange globe graphic print baby boy s round neck orange t shirt price   rs       comfortable   casual loose fit   heavyweight dark color polo t shirt quickly kid favorite         cotton   wear   ve double needle stitch sleeve hem extra durability   specification globe graphic print baby boy s round neck orange t shirt t shirt detail sleeve half sleeve number content sale package pack    fabric cotton type round neck fit regular general detail pattern graphic print ideal baby boy s occasion casual fabric care wash similar color   use detergent color additional detail style code glb ts      box    t shirt,6ed34e1ab886e8a702ec59dd66ba4dff.jpg,"[[255 255 255 ... 255 255 255]
 [255 255 255 ... 255 255 255]
 [255 255 255 ... 255 255 255]
 ...
 [255 255 255 ... 255 255 255]
 [255 255 255 ... 255 255 255]
 [255 255 255 ... 255 255 255]]"
2971287a1ac427bd98c4778112d20d06,JayEnterprise Plastic Hand Juicer,kitchen & dining,specification jayenterprise plastic hand juicer   multicolor   general brand jayenterprise model number hand juicer combo material plastic color multicolor box sale package    hand juicer additional feature dishwasher safe,2971287a1ac427bd98c4778112d20d06.jpg,"[[255 255 255 ... 255 255 255]
 [255 255 255 ... 255 255 255]
 [255 255 255 ... 255 255 255]
 ...
 [255 255 255 ... 255 255 255]
 [255 255 255 ... 255 255 255]
 [255 255 255 ... 255 255 255]]"
4b8728226cc2934095782f7e7f3ce740,Craftuno Handcrafted Soapstone Mini Cannon Showpiece  -  6.25 cm,home decor & festive needs,buy craftuno handcraft soapstone mini cannon showpiece           cm rs      online   craftuno handcraft soapstone mini cannon showpiece           cm good price free shipping    cash delivery   genuine product      day replacement guarantee,4b8728226cc2934095782f7e7f3ce740.jpg,"[[255 255 255 ... 255 255 255]
 [255 255 255 ... 255 255 255]
 [255 255 255 ... 255 255 255]
 ...
 [255 255 255 ... 255 255 255]
 [255 255 255 ... 255 255 255]
 [255 255 255 ... 255 255 255]]"
8c6942026d53b881d1da9359ea19c9fc,Elephant 9.84 inch Lid,kitchen & dining,buy elephant       inch lid rs      online   elephant       inch lid good price free shipping    cash delivery   genuine product      day replacement guarantee,8c6942026d53b881d1da9359ea19c9fc.jpg,"[[255 255 255 ... 255 255 255]
 [255 255 255 ... 255 255 255]
 [255 255 255 ... 255 255 255]
 ...
 [255 255 255 ... 255 255 255]
 [255 255 255 ... 255 255 255]
 [255 255 255 ... 255 255 255]]"
23704dd51c975e845c574b044aae0a9f,Equinox EB-EQ 33 Body Fat Analyzer,beauty and personal care,buy equinox eb eq     body fat analyzer r        flipkart com   genuine product      day replacement guarantee   free shipping   cash delivery,23704dd51c975e845c574b044aae0a9f.jpg,"[[255 255 255 ... 255 255 255]
 [255 255 255 ... 255 255 255]
 [255 255 255 ... 255 255 255]
 ...
 [255 255 255 ... 255 255 255]
 [255 255 255 ... 255 255 255]
 [255 255 255 ... 255 255 255]]"
26d8d458084ef90d395d303eaeb71587,Nihar Pirangi Bomber Showpiece  -  10 cm,home decor & festive needs,buy nihar pirangi bomber showpiece         cm rs      online   nihar pirangi bomber showpiece         cm good price free shipping    cash delivery   genuine product      day replacement guarantee,26d8d458084ef90d395d303eaeb71587.jpg,"[[255 255 255 ... 255 255 255]
 [255 255 255 ... 255 255 255]
 [255 255 255 ... 255 255 255]
 ...
 [255 255 255 ... 255 255 255]
 [255 255 255 ... 255 255 255]
 [255 255 255 ... 255 255 255]]"
a554abb9699959ec78425eac2b997c27,NEHP NEH0012 Showpiece  -  22.86 cm,home decor & festive needs,buy nehp neh      showpiece            cm rs      online   nehp neh      showpiece            cm good price free shipping    cash delivery   genuine product      day replacement guarantee,a554abb9699959ec78425eac2b997c27.jpg,"[[255 255 255 ... 255 255 255]
 [255 255 255 ... 255 255 255]
 [255 255 255 ... 255 255 255]
 ...
 [255 255 255 ... 255 255 255]
 [255 255 255 ... 255 255 255]
 [255 255 255 ... 255 255 255]]"
95cb9561009bd6707c67f05e6a00c16e,Homedesires Showpiece  -  10.5 cm,home decor & festive needs,buy homedesire showpiece           cm rs      online   homedesire showpiece           cm good price free shipping    cash delivery   genuine product      day replacement guarantee,95cb9561009bd6707c67f05e6a00c16e.jpg,"[[255 255 255 ... 255 255 255]
 [255 255 255 ... 255 255 255]
 [255 255 255 ... 255 255 255]
 ...
 [255 255 255 ... 255 255 255]
 [255 255 255 ... 255 255 255]
 [255 255 255 ... 255 255 255]]"
906b5b16c78ba1c718501138702cb32c,Pg handicrafts Beaded two drawers sofa set showpiece Showpiece  -  10.5 cm,home decor & festive needs,buy pg handicraft bead drawer sofa set showpiece showpiece           cm rs      online   pg handicraft bead drawer sofa set showpiece showpiece           cm good price free shipping    cash delivery   genuine product      day replacement guarantee,906b5b16c78ba1c718501138702cb32c.jpg,"[[255 255 255 ... 255 255 255]
 [255 255 255 ... 255 255 255]
 [255 255 255 ... 255 255 255]
 ...
 [255 255 255 ... 255 255 255]
 [255 255 255 ... 255 255 255]
 [255 255 255 ... 255 255 255]]"
7e11aaffb1d08f8091ea94598f7865aa,Lal Haveli Rajasthani Handmade Decorative Wood Jharoka Showpiece  -  30.48 cm,home decor & festive needs,buy lal haveli rajasthani handmade decorative wood jharoka showpiece            cm rs      online   lal haveli rajasthani handmade decorative wood jharoka showpiece            cm good price free shipping    cash delivery   genuine product      day replacement guarantee,7e11aaffb1d08f8091ea94598f7865aa.jpg,"[[255 255 255 ... 255 255 255]
 [255 255 255 ... 255 255 255]
 [255 255 255 ... 255 255 255]
 ...
 [255 255 255 ... 255 255 255]
 [255 255 255 ... 255 255 255]
 [255 255 255 ... 255 255 255]]"
a12d9ae5720ae41446e084911f0c2865,Aapno Rajasthan Marvel In Marble - Gold Embossed Roli Tika Chopra Showpiece  -  7.62 cm,home decor & festive needs,buy aapno rajasthan marvel marble    gold emboss roli tika chopra showpiece           cm rs      online   aapno rajasthan marvel marble    gold emboss roli tika chopra showpiece           cm good price free shipping    cash delivery   genuine product      day replacement guarantee,a12d9ae5720ae41446e084911f0c2865.jpg,"[[229 229 229 ... 228 228 228]
 [229 229 229 ... 228 228 228]
 [229 229 230 ... 228 228 228]
 ...
 [223 223 223 ... 224 224 223]
 [223 223 223 ... 223 224 224]
 [223 223 224 ... 223 223 224]]"
521528ccaa29dd645e869550cae7a249,Ravishing Variety Statue Showpiece  -  17 cm,home decor & festive needs,buy ravish variety statue showpiece         cm rs      online   ravish variety statue showpiece         cm good price free shipping    cash delivery   genuine product      day replacement guarantee,521528ccaa29dd645e869550cae7a249.jpg,"[[255 255 255 ... 255 255 255]
 [255 255 255 ... 255 255 255]
 [255 255 255 ... 255 255 255]
 ...
 [255 255 255 ... 255 255 255]
 [255 255 255 ... 255 255 255]
 [255 255 255 ... 255 255 255]]"
2f40e01331bc00216d147d4ebfdfbaf3,Infinity India Antique Gemstone Brass Surahi Handicraft Gift -1001 Showpiece  -  10 cm,home decor & festive needs,buy infinity india antique gemstone brass surahi handicraft gift        showpiece         cm rs      online   infinity india antique gemstone brass surahi handicraft gift        showpiece         cm good price free shipping    cash delivery   genuine product      day replacement guarantee,2f40e01331bc00216d147d4ebfdfbaf3.jpg,"[[255 255 255 ... 255 255 255]
 [255 255 255 ... 255 255 255]
 [255 255 255 ... 255 255 255]
 ...
 [255 255 255 ... 255 255 255]
 [255 255 255 ... 255 255 255]
 [255 255 255 ... 255 255 255]]"
64b463dc0b75ae40a848498c657041e6,Linksys Smart Wi-Fi Router,computers,buy linksys smart wi fi router r       flipkart com   genuine product      day replacement guarantee   free shipping   cash delivery,64b463dc0b75ae40a848498c657041e6.jpg,"[[255 255 255 ... 255 255 255]
 [255 255 255 ... 255 255 255]
 [255 255 255 ... 254 255 255]
 ...
 [255 255 255 ... 255 255 255]
 [255 255 255 ... 255 255 255]
 [255 255 255 ... 255 255 255]]"
ecb5bba9a5984d2b35b8ac3f56056c67,Wild Stone Red And Juice Combo Set,beauty and personal care,flipkart com   buy wild stone red juice combo set online r       flipkart com   genuine product      day replacement guarantee   free shipping   cash delivery,ecb5bba9a5984d2b35b8ac3f56056c67.jpg,"[[255 255 255 ... 255 255 255]
 [255 255 255 ... 255 255 255]
 [255 255 255 ... 253 255 255]
 ...
 [255 255 255 ... 175 215 230]
 [255 255 255 ... 237 251 254]
 [255 255 255 ... 252 253 254]]"
c20bf28cd809790c04e78fdaf47c038f,Intex W150D,computers,buy intex w    d r        flipkart com   genuine product      day replacement guarantee   free shipping   cash delivery,c20bf28cd809790c04e78fdaf47c038f.jpg,"[[255 255 255 ... 255 255 255]
 [255 255 255 ... 255 255 255]
 [255 255 255 ... 255 255 255]
 ...
 [254 253 251 ... 244 246 247]
 [254 254 253 ... 249 250 251]
 [255 255 254 ... 251 252 252]]"
6c8f99e979d4de9ab5d1ad20455622c7,Adidas Ice Drive and Dynamic Pulse Combo Set,beauty and personal care,flipkart com   buy adida ice drive dynamic pulse combo set online r       flipkart com   genuine product      day replacement guarantee   free shipping   cash delivery,6c8f99e979d4de9ab5d1ad20455622c7.jpg,"[[255 255 255 ... 255 255 255]
 [255 255 255 ... 255 255 255]
 [255 255 255 ... 255 255 255]
 ...
 [251 250 246 ... 251 253 255]
 [253 254 254 ... 253 254 255]
 [254 254 254 ... 254 255 255]]"
3adb36e4275733d0d113d9039e6814ea,"Vincent Valentine Paris Set of Dark Fire, Dark Fire & Majesty Deodorants Combo Set",beauty and personal care,"vincent valentine paris set dark fire   dark fire    majesty deodorant combo set   set   
                          price   rs     
				
			 dark fire sparkle enchanting note blend black currant star anise   distinctive spiciness embrace galanga root depth green pepper extract warmth   base rich woody balsam   cedar entwine vanilla bean  
 passionate royal   majesty   late beautiful perfume anna andre distinguish   pamper young extravagant woman neo classical touch 
 dark fire sparkle enchanting note blend black currant star anise   distinctive spiciness embrace galanga root depth green pepper extract warmth   base rich woody balsam   cedar entwine vanilla bean  
 passionate royal   majesty   late beautiful perfume anna andre distinguish   pamper young extravagant woman neo classical touch",3adb36e4275733d0d113d9039e6814ea.jpg,"[[254 254 254 ... 254 254 254]
 [254 254 254 ... 254 254 254]
 [254 254 254 ... 254 254 254]
 ...
 [254 254 254 ... 253 254 254]
 [254 254 254 ... 253 254 254]
 [254 254 254 ... 254 254 254]]"
e93cd13f5269dd51b8359ccf93ca5ace,"Denver RO,Black Code Gift Set  Combo Set",beauty and personal care,flipkart com   buy denver ro black code gift set   combo set online r       flipkart com   genuine product      day replacement guarantee   free shipping   cash delivery,e93cd13f5269dd51b8359ccf93ca5ace.jpg,"[[255 255 255 ... 254 255 255]
 [255 255 255 ... 254 254 255]
 [255 255 255 ... 253 253 254]
 ...
 [254 254 254 ... 255 255 255]
 [255 255 255 ... 255 255 255]
 [255 255 255 ... 255 255 255]]"
b551f20c6a8a1dc3d102a5f04bc8d7d6,Wild Stone Smoke And Juice Combo Set,beauty and personal care,flipkart com   buy wild stone smoke juice combo set online r       flipkart com   genuine product      day replacement guarantee   free shipping   cash delivery,b551f20c6a8a1dc3d102a5f04bc8d7d6.jpg,"[[254 254 252 ... 245 253 254]
 [254 253 242 ... 231 251 254]
 [253 248 209 ... 202 247 254]
 ...
 [255 255 254 ... 180 219 233]
 [255 255 254 ... 239 252 253]
 [255 255 254 ... 252 254 255]]"
a898bd6978f9f2c6aa940b9fa3352c27,Archies VJ-552 Combo Set,beauty and personal care,flipkart com   buy archie vj      combo set online r       flipkart com   genuine product      day replacement guarantee   free shipping   cash delivery,a898bd6978f9f2c6aa940b9fa3352c27.jpg,"[[255 255 255 ... 255 255 255]
 [255 255 255 ... 255 255 255]
 [255 255 255 ... 255 255 255]
 ...
 [255 255 255 ... 254 254 255]
 [255 255 255 ... 254 254 255]
 [255 255 255 ... 254 254 255]]"
fd2716d0e5dd7ffc367ca4dd9f97aaa0,Asus Wireless AC2400 Dual-band Gigabit Router,computers,buy asus wireless ac      dual band gigabit router r       flipkart com   genuine product      day replacement guarantee   free shipping   cash delivery,fd2716d0e5dd7ffc367ca4dd9f97aaa0.jpg,"[[255 255 255 ... 196 246 255]
 [255 255 255 ... 183 244 255]
 [255 255 255 ... 168 241 255]
 ...
 [255 255 255 ... 255 255 255]
 [255 255 255 ... 255 255 255]
 [255 255 255 ... 255 255 255]]"
8e94fbcd81112a21860355b3b11cf52d,"Denver Sport,Hamilton Combo Set",beauty and personal care,flipkart com   buy denver sport hamilton combo set online r       flipkart com   genuine product      day replacement guarantee   free shipping   cash delivery,8e94fbcd81112a21860355b3b11cf52d.jpg,"[[255 255 255 ... 255 255 255]
 [255 255 255 ... 255 255 255]
 [255 247 230 ... 244 253 255]
 ...
 [255 255 255 ... 255 255 255]
 [255 255 255 ... 255 255 255]
 [255 255 255 ... 255 255 255]]"
3ee79b1e51c9f9262e8373ce6b717606,"Layer'r Shot Compact Impact ,Explode And Turbo Body Spray (Pack Of 3) Combo Set",beauty and personal care,flipkart com   buy layer r shoot compact impact   explode turbo body spray   pack     combo set online r       flipkart com   genuine product      day replacement guarantee   free shipping   cash delivery,3ee79b1e51c9f9262e8373ce6b717606.jpg,"[[255 255 254 ... 255 255 255]
 [227 214 201 ... 255 255 255]
 [175 136  96 ... 239 253 254]
 ...
 [255 254 250 ... 233 248 253]
 [255 255 255 ... 250 254 254]
 [255 255 255 ... 254 255 255]]"
5df72b5295dc5e6126693e640b50f3a2,Apple MD199HN/A,computers,buy apple md    hn r        flipkart com   genuine product      day replacement guarantee   free shipping   cash delivery,5df72b5295dc5e6126693e640b50f3a2.jpg,"[[254 254 254 ... 246 253 254]
 [254 254 254 ... 224 244 252]
 [254 254 254 ... 180 216 238]
 ...
 [255 255 255 ... 251 252 253]
 [255 255 255 ... 252 253 253]
 [255 255 255 ... 253 253 254]]"
48b9e7f78348b95955d7484910b7af15,Archies VJ-556 Combo Set,beauty and personal care,flipkart com   buy archie vj      combo set online r       flipkart com   genuine product      day replacement guarantee   free shipping   cash delivery,48b9e7f78348b95955d7484910b7af15.jpg,"[[255 255 255 ... 255 255 255]
 [255 255 255 ... 255 255 255]
 [255 255 255 ... 255 255 255]
 ...
 [255 255 255 ... 255 255 255]
 [255 255 255 ... 255 255 255]
 [255 255 255 ... 255 255 255]]"
f309bdd259c5b46a560bc1620e641947,Tenda TE-F452,computers,buy tenda te f     r        flipkart com   genuine product      day replacement guarantee   free shipping   cash delivery,f309bdd259c5b46a560bc1620e641947.jpg,"[[255 255 255 ... 223 255 255]
 [255 255 255 ... 210 255 255]
 [255 255 255 ... 198 255 255]
 ...
 [255 255 255 ... 255 255 255]
 [255 255 255 ... 255 255 255]
 [255 255 255 ... 255 255 255]]"
a43fbae655e5d13215b9dd65339fa9d4,Huawei WS331c -300 Mbps Wireless Range Extender,computers,buy huawei ws    c       mbps wireless range extender r        flipkart com   genuine product      day replacement guarantee   free shipping   cash delivery,a43fbae655e5d13215b9dd65339fa9d4.jpg,"[[255 255 255 ... 255 255 255]
 [255 255 255 ... 255 255 255]
 [255 255 255 ... 255 255 255]
 ...
 [255 255 255 ... 255 255 255]
 [255 255 255 ... 255 255 255]
 [255 255 255 ... 255 255 255]]"
3945cc3920106c04648e8ba17ef2b009,Anna Andre Paris Majesty & Floralina Combo Set,beauty and personal care,flipkart com   buy anna andre paris majesty    floralina combo set online r       flipkart com   genuine product      day replacement guarantee   free shipping   cash delivery,3945cc3920106c04648e8ba17ef2b009.jpg,"[[254 254 254 ... 254 254 254]
 [254 254 254 ... 254 254 254]
 [254 254 254 ... 254 254 254]
 ...
 [248 241 224 ... 248 254 254]
 [253 253 250 ... 254 254 254]
 [254 254 254 ... 254 254 254]]"
c75d6d827876b0d0127acb59e5a251ee,TRENDnet TEW-752DRU,computers,buy trendnet tew     dru r        flipkart com   genuine product      day replacement guarantee   free shipping   cash delivery,c75d6d827876b0d0127acb59e5a251ee.jpg,"[[255 255 255 ... 255 255 255]
 [255 255 243 ... 255 255 255]
 [255 243 200 ... 255 255 255]
 ...
 [255 255 255 ... 255 255 255]
 [255 255 255 ... 255 255 255]
 [255 255 255 ... 255 255 255]]"
f3ad282dac6ef0e30585a49ac67a322b,Edimax BR-6428NC,computers,buy edimax br      nc r        flipkart com   genuine product      day replacement guarantee   free shipping   cash delivery,f3ad282dac6ef0e30585a49ac67a322b.jpg,"[[255 250 241 ... 239 242 245]
 [253 246 235 ... 233 235 239]
 [250 241 229 ... 230 228 232]
 ...
 [255 255 255 ... 255 255 255]
 [255 255 255 ... 255 255 255]
 [255 255 255 ... 255 255 255]]"
7c4c57dda1b2e50f40b331cc8f9d233b,Adidas Dynamic Pulse and Team Force Combo Set,beauty and personal care,flipkart com   buy adida dynamic pulse team force combo set online r       flipkart com   genuine product      day replacement guarantee   free shipping   cash delivery,7c4c57dda1b2e50f40b331cc8f9d233b.jpg,"[[255 255 255 ... 255 255 255]
 [255 255 255 ... 255 255 255]
 [255 255 255 ... 254 255 255]
 ...
 [254 254 254 ... 132 183 211]
 [255 255 255 ... 220 241 250]
 [255 255 255 ... 254 254 254]]"
cb0afa31d9ca796908fde019cd64044d,Asus RT-AC68U Dual-band Wireless-AC1900 Gigabit Router,computers,buy asus rt ac   u dual band wireless ac      gigabit router r         flipkart com   genuine product      day replacement guarantee   free shipping   cash delivery,cb0afa31d9ca796908fde019cd64044d.jpg,"[[255 255 255 ... 232 249 250]
 [255 255 255 ... 188 233 248]
 [255 255 255 ... 108 189 227]
 ...
 [255 255 255 ... 255 255 255]
 [255 255 255 ... 255 255 255]
 [255 255 255 ... 255 255 255]]"
394c2c627914e1eed9b8ac343583a679,Asus RT-N12 LX 300Mbps Wireless Router,computers,buy asus rt n    lx     mbps wireless router r        flipkart com   genuine product      day replacement guarantee   free shipping   cash delivery,394c2c627914e1eed9b8ac343583a679.jpg,"[[255 255 255 ... 255 255 255]
 [255 255 255 ... 255 255 255]
 [255 255 255 ... 255 255 255]
 ...
 [255 255 255 ... 255 255 255]
 [255 255 255 ... 255 255 255]
 [255 255 255 ... 255 255 255]]"
f2689f048b3b6f0ff863bf0cce28873d,"Park Avenue Believe Deodorant ,Orignal EDP Combo Set",beauty and personal care,flipkart com   buy park avenue believe deodorant   orignal edp combo set online r       flipkart com   genuine product      day replacement guarantee   free shipping   cash delivery,f2689f048b3b6f0ff863bf0cce28873d.jpg,"[[255 255 255 ... 255 255 255]
 [255 255 255 ... 255 255 255]
 [255 255 254 ... 255 255 255]
 ...
 [255 255 254 ... 240 250 254]
 [255 255 255 ... 252 254 254]
 [255 255 255 ... 254 254 254]]"
473b1ab1abe21826c41efa1584a88a63,TRENDnet N150 Wireless ADSL 2 Modem Router,computers,buy trendnet n     wireless adsl    modem router r       flipkart com   genuine product      day replacement guarantee   free shipping   cash delivery,473b1ab1abe21826c41efa1584a88a63.jpg,"[[255 255 255 ... 255 255 255]
 [255 255 255 ... 255 255 255]
 [255 255 255 ... 255 255 255]
 ...
 [253 251 243 ... 249 253 254]
 [255 254 253 ... 254 254 255]
 [255 255 255 ... 255 255 255]]"
d4b625befbbb7e8004e53c187f286e11,Binatone WR3000N,computers,buy binatone wr     n r        flipkart com   genuine product      day replacement guarantee   free shipping   cash delivery,d4b625befbbb7e8004e53c187f286e11.jpg,"[[255 255 255 ... 255 255 255]
 [255 255 255 ... 255 255 255]
 [255 255 255 ... 255 255 255]
 ...
 [255 255 255 ... 255 255 255]
 [255 255 255 ... 255 255 255]
 [255 255 255 ... 255 255 255]]"
417ae3e8b08acc19a023b8a958644799,Kamasutra Combo Offer Pack Combo Set,beauty and personal care,flipkart com   buy kamasutra combo offer pack combo set online r       flipkart com   genuine product      day replacement guarantee   free shipping   cash delivery,417ae3e8b08acc19a023b8a958644799.jpg,"[[255 255 255 ... 255 255 255]
 [255 255 255 ... 255 255 255]
 [255 255 255 ... 255 255 255]
 ...
 [255 255 255 ... 255 255 255]
 [255 255 255 ... 255 255 255]
 [255 255 255 ... 255 255 255]]"
353ddb2c8ab6920d8ad1055abee87dda,Tenda A5,computers,buy tenda   r        flipkart com   genuine product      day replacement guarantee   free shipping   cash delivery,353ddb2c8ab6920d8ad1055abee87dda.jpg,"[[255 255 255 ... 255 255 255]
 [255 255 255 ... 255 255 255]
 [255 255 255 ... 255 255 255]
 ...
 [255 255 255 ... 255 255 255]
 [255 255 255 ... 255 255 255]
 [255 255 255 ... 255 255 255]]"
6634de7b39a5b0658c74ab098450096d,D-Link DIR-816 Wireless AC750 Dual Band Router,computers,buy d link dir      wireless ac     dual band router r        flipkart com   genuine product      day replacement guarantee   free shipping   cash delivery,6634de7b39a5b0658c74ab098450096d.jpg,"[[254 254 254 ... 254 254 254]
 [231 226 231 ... 226 226 235]
 [168 154 170 ... 158 158 181]
 ...
 [255 255 255 ... 255 255 255]
 [255 255 255 ... 255 255 255]
 [255 255 255 ... 255 255 255]]"
7680c6bf930669dc0646e3315187dc8c,Arabian Nights Evolve Combo Set,beauty and personal care,flipkart com   buy arabian night evolve combo set online r       flipkart com   genuine product      day replacement guarantee   free shipping   cash delivery,7680c6bf930669dc0646e3315187dc8c.jpg,"[[255 255 255 ... 255 255 255]
 [255 255 255 ... 255 255 255]
 [255 255 255 ... 255 255 255]
 ...
 [255 255 255 ... 255 255 255]
 [255 255 255 ... 255 255 255]
 [255 255 255 ... 255 255 255]]"
fe1bd3e2be8112198506daecbac7dc5c,Adidas Get Ready and Natural Vitality Combo Set,beauty and personal care,flipkart com   buy adida ready natural vitality combo set online r       flipkart com   genuine product      day replacement guarantee   free shipping   cash delivery,fe1bd3e2be8112198506daecbac7dc5c.jpg,"[[255 255 255 ... 255 255 255]
 [255 255 255 ... 255 255 255]
 [255 255 255 ... 255 255 255]
 ...
 [254 254 253 ... 254 254 255]
 [255 255 255 ... 255 255 255]
 [255 255 255 ... 255 255 255]]"
9a993e1b59649c93f667d38227325066,Edimax AR-7286WNA,computers,buy edimax ar      wna r        flipkart com   genuine product      day replacement guarantee   free shipping   cash delivery,9a993e1b59649c93f667d38227325066.jpg,"[[255 255 255 ... 255 255 255]
 [255 255 255 ... 255 255 255]
 [255 255 255 ... 255 255 255]
 ...
 [255 255 255 ... 255 255 255]
 [255 255 255 ... 255 255 255]
 [255 255 255 ... 255 255 255]]"
8963e56482bbd3e9d05e0709d61ee0ca,Engage Blush and Drizzle Combo Set,beauty and personal care,flipkart com   buy engage blush drizzle combo set online r       flipkart com   genuine product      day replacement guarantee   free shipping   cash delivery,8963e56482bbd3e9d05e0709d61ee0ca.jpg,"[[254 254 254 ... 254 255 255]
 [254 254 254 ... 254 255 255]
 [254 254 252 ... 246 253 255]
 ...
 [235 210 169 ... 158 207 234]
 [247 239 222 ... 221 241 251]
 [250 251 250 ... 253 253 253]]"
fce2bd96b35d531a4784bc57e19aca4f,Belkin Share Modem (N) Router,computers,buy belkin share modem   n   router r        flipkart com   genuine product      day replacement guarantee   free shipping   cash delivery,fce2bd96b35d531a4784bc57e19aca4f.jpg,"[[255 255 255 ... 255 255 255]
 [255 255 255 ... 255 255 255]
 [255 255 255 ... 255 255 255]
 ...
 [255 255 255 ... 255 255 255]
 [255 255 255 ... 255 255 255]
 [255 255 255 ... 255 255 255]]"
17a73d7c4b02ada2bfeed1115fed08a4,Envy-1000 Force Combo Set,beauty and personal care,flipkart com   buy envy       force combo set online r       flipkart com   genuine product      day replacement guarantee   free shipping   cash delivery,17a73d7c4b02ada2bfeed1115fed08a4.jpg,"[[255 255 255 ... 255 255 255]
 [255 255 255 ... 255 255 255]
 [255 255 255 ... 255 255 255]
 ...
 [254 254 255 ... 254 254 254]
 [254 254 255 ... 255 255 255]
 [254 254 255 ... 255 255 255]]"
9743e6d1c9f3180483825fe4d2e97836,Apple AirPort Express Base Station Wireless Router,computers,buy apple airport express base station wireless router r        flipkart com   genuine product      day replacement guarantee   free shipping   cash delivery,9743e6d1c9f3180483825fe4d2e97836.jpg,"[[255 255 255 ... 255 255 255]
 [255 255 255 ... 255 255 255]
 [255 255 255 ... 255 255 255]
 ...
 [255 255 255 ... 255 255 255]
 [255 255 255 ... 255 255 255]
 [255 255 255 ... 255 255 255]]"
6e44d107ee32412243b19b0ed9b415f3,Anna Andre Paris Majesty Deodorant Combo Set,beauty and personal care,flipkart com   buy anna andre paris majesty deodorant combo set online r       flipkart com   genuine product      day replacement guarantee   free shipping   cash delivery,6e44d107ee32412243b19b0ed9b415f3.jpg,"[[254 254 254 ... 254 254 254]
 [254 254 254 ... 254 254 254]
 [254 254 254 ... 254 254 254]
 ...
 [254 253 245 ... 250 253 253]
 [254 254 253 ... 254 253 254]
 [254 254 254 ... 254 254 254]]"
d43d9bb261aaaf818c81a645e727b2d3,TRENDnet THA-101 N300 Router,computers,buy trendnet tha      n     router r        flipkart com   genuine product      day replacement guarantee   free shipping   cash delivery,d43d9bb261aaaf818c81a645e727b2d3.jpg,"[[255 255 255 ... 255 255 255]
 [255 255 255 ... 255 255 255]
 [255 255 255 ... 255 255 255]
 ...
 [255 255 255 ... 255 255 255]
 [255 255 255 ... 255 255 255]
 [255 255 255 ... 255 255 255]]"
52c5fe837181962a7c1d5883bb9d7007,Yardley Red Roses and Lace Combo Set,beauty and personal care,flipkart com   buy yardley red rose lace combo set online r       flipkart com   genuine product      day replacement guarantee   free shipping   cash delivery,52c5fe837181962a7c1d5883bb9d7007.jpg,"[[253 254 254 ... 255 255 255]
 [253 254 254 ... 255 255 255]
 [254 254 254 ... 255 255 255]
 ...
 [251 252 249 ... 255 255 255]
 [252 252 253 ... 255 255 255]
 [252 252 253 ... 255 255 255]]"
539f82930cfad8afef1a75882eb45703,Nivea Fresh Power Boost Deo Combo Combo Set,beauty and personal care,flipkart com   buy nivea fresh power boost deo combo combo set online r       flipkart com   genuine product      day replacement guarantee   free shipping   cash delivery,539f82930cfad8afef1a75882eb45703.jpg,"[[254 254 254 ... 255 255 255]
 [254 254 254 ... 254 254 254]
 [255 255 255 ... 254 254 254]
 ...
 [254 254 254 ... 255 255 255]
 [255 255 255 ... 255 255 255]
 [255 255 255 ... 255 255 255]]"
7ba69836467fe0795bf0e1161fc481d9,Zyxel 3D 1440 - 3G Data Card,computers,buy zyxel   d          g datum card r       flipkart com   genuine product      day replacement guarantee   free shipping   cash delivery,7ba69836467fe0795bf0e1161fc481d9.jpg,"[[255 255 255 ... 255 255 255]
 [255 255 255 ... 255 255 255]
 [255 255 255 ... 255 255 255]
 ...
 [255 255 255 ... 255 255 255]
 [255 255 255 ... 255 255 255]
 [255 255 255 ... 255 255 255]]"
02c63a087b298ec74042d557acf61be1,Tenda TE-W368R,computers,buy tenda te w    r r        flipkart com   genuine product      day replacement guarantee   free shipping   cash delivery,02c63a087b298ec74042d557acf61be1.jpg,"[[255 255 255 ... 255 255 255]
 [255 255 255 ... 255 255 255]
 [255 255 255 ... 255 255 255]
 ...
 [255 255 255 ... 255 255 255]
 [255 255 255 ... 255 255 255]
 [255 255 255 ... 255 255 255]]"
2670ba9bc61b42937773486ddcae442a,TP-LINK TL-WR702N 150Mbps Wireless N Nano Router,computers,buy tp link tl wr    n     mbps wireless n nano router r        flipkart com   genuine product      day replacement guarantee   free shipping   cash delivery,2670ba9bc61b42937773486ddcae442a.jpg,"[[255 255 255 ... 255 255 255]
 [255 255 255 ... 255 255 255]
 [255 255 255 ... 255 255 255]
 ...
 [255 255 255 ... 255 255 255]
 [255 255 255 ... 255 255 255]
 [255 255 255 ... 255 255 255]]"
9438a0874e0486f46f3669cac6c2ac90,Edimax AR-7182WNA,computers,buy edimax ar      wna r        flipkart com   genuine product      day replacement guarantee   free shipping   cash delivery,9438a0874e0486f46f3669cac6c2ac90.jpg,"[[255 255 255 ... 255 255 255]
 [255 255 255 ... 255 255 255]
 [255 255 255 ... 254 255 255]
 ...
 [255 255 255 ... 255 255 255]
 [255 255 255 ... 255 255 255]
 [255 255 255 ... 255 255 255]]"
833a87b0af3b84fe246d2ebf271af177,Zyxel PLA-4205,computers,buy zyxel pla       r        flipkart com   genuine product      day replacement guarantee   free shipping   cash delivery,833a87b0af3b84fe246d2ebf271af177.jpg,"[[253 252 252 ... 252 252 252]
 [252 252 252 ... 252 252 252]
 [252 252 251 ... 251 251 251]
 ...
 [255 255 255 ... 255 255 255]
 [255 255 255 ... 255 255 255]
 [255 255 255 ... 255 255 255]]"
b5b47b2ecf5cf5760051b0a980ed7a3f,Asus DSL-N10E Wireless-N150 ADSL Modem Router,computers,buy asus dsl n   e wireless n     adsl modem router r        flipkart com   genuine product      day replacement guarantee   free shipping   cash delivery,b5b47b2ecf5cf5760051b0a980ed7a3f.jpg,"[[255 255 255 ... 255 255 255]
 [255 255 255 ... 255 255 255]
 [255 255 255 ... 255 255 255]
 ...
 [255 255 255 ... 255 255 255]
 [255 255 255 ... 255 255 255]
 [255 255 255 ... 255 255 255]]"
c8e2c85eccdc9db55eeb2231385e4f1c,Edimax BR-6288ACL,computers,buy edimax br      acl r        flipkart com   genuine product      day replacement guarantee   free shipping   cash delivery,c8e2c85eccdc9db55eeb2231385e4f1c.jpg,"[[255 255 255 ... 255 255 255]
 [255 255 255 ... 255 255 255]
 [255 255 255 ... 255 255 255]
 ...
 [250 246 243 ... 252 255 255]
 [253 252 251 ... 254 255 255]
 [255 255 255 ... 255 255 255]]"
26989e846c2096a5b59b59cbea2cc7ab,Tenda A6,computers,buy tenda   r        flipkart com   genuine product      day replacement guarantee   free shipping   cash delivery,26989e846c2096a5b59b59cbea2cc7ab.jpg,"[[255 255 255 ... 255 255 255]
 [255 255 255 ... 255 255 255]
 [255 255 255 ... 255 255 255]
 ...
 [255 255 255 ... 255 255 255]
 [255 255 255 ... 255 255 255]
 [255 255 255 ... 255 255 255]]"
9a02f44389bda4c60e7dc23947dbca58,Playboy London And Berlin Combo Set,beauty and personal care,flipkart com   buy playboy london berlin combo set online r       flipkart com   genuine product      day replacement guarantee   free shipping   cash delivery,9a02f44389bda4c60e7dc23947dbca58.jpg,"[[255 255 255 ... 235 252 255]
 [255 255 255 ... 198 229 243]
 [255 255 255 ... 124 166 202]
 ...
 [255 255 255 ... 255 255 255]
 [255 255 255 ... 255 255 255]
 [255 255 255 ... 255 255 255]]"
79b78739b0ae84780001fec304ce036c,Yardley Jasmine and Lace Satin Combo Set,beauty and personal care,flipkart com   buy yardley jasmine lace satin combo set online r       flipkart com   genuine product      day replacement guarantee   free shipping   cash delivery,79b78739b0ae84780001fec304ce036c.jpg,"[[255 255 255 ... 255 255 255]
 [255 255 255 ... 254 255 255]
 [255 255 255 ... 254 255 255]
 ...
 [253 253 253 ... 255 255 255]
 [254 254 254 ... 255 255 255]
 [255 255 255 ... 255 255 255]]"
91e22428c0dd8871288ba5dac35a7382,Spinz Combo Set,beauty and personal care,flipkart com   buy spinz combo set online r       flipkart com   genuine product      day replacement guarantee   free shipping   cash delivery,91e22428c0dd8871288ba5dac35a7382.jpg,"[[255 255 255 ... 255 255 255]
 [255 255 255 ... 255 255 255]
 [255 255 255 ... 255 255 255]
 ...
 [255 254 247 ... 249 254 254]
 [255 254 250 ... 252 254 255]
 [255 255 252 ... 254 255 255]]"
4b0e6f200426b1db8824b2ca0c59ecfa,"Park Avenue Believe Spray ,Four Seasons EDP Combo Set",beauty and personal care,flipkart com   buy park avenue believe spray   season edp combo set online r       flipkart com   genuine product      day replacement guarantee   free shipping   cash delivery,4b0e6f200426b1db8824b2ca0c59ecfa.jpg,"[[255 255 255 ... 255 255 255]
 [255 255 255 ... 255 255 255]
 [255 255 254 ... 255 255 255]
 ...
 [255 255 254 ... 252 255 255]
 [255 255 255 ... 255 255 255]
 [255 255 255 ... 255 255 255]]"
cc9412969fab14faba65c70e00fef4a8,Nike Casual Combo Set,beauty and personal care,flipkart com   buy nike casual combo set online r       flipkart com   genuine product      day replacement guarantee   free shipping   cash delivery,cc9412969fab14faba65c70e00fef4a8.jpg,"[[255 255 255 ... 255 255 255]
 [255 255 255 ... 255 255 255]
 [255 255 255 ... 255 255 255]
 ...
 [251 248 244 ... 202 219 228]
 [253 251 248 ... 218 238 246]
 [254 253 251 ... 232 249 255]]"
dd0b73d97cea6cc71d263a77fa7982be,Aero Care La Royal Orange & Ice Combo Set,beauty and personal care,flipkart com   buy aero care la royal orange    ice combo set online r       flipkart com   genuine product      day replacement guarantee   free shipping   cash delivery,dd0b73d97cea6cc71d263a77fa7982be.jpg,"[[255 255 255 ... 254 255 255]
 [255 255 255 ... 245 252 255]
 [254 253 251 ... 222 243 253]
 ...
 [255 255 255 ... 255 255 255]
 [255 255 255 ... 255 255 255]
 [255 255 255 ... 255 255 255]]"
42c5c528ad7ac8ad7a4e7c31f958e25f,Vincent Valentine Paris Set of New Dark & Dark Fire Deodorants Combo Set,beauty and personal care,flipkart com   buy vincent valentine paris set new dark    dark fire deodorant combo set online r       flipkart com   genuine product      day replacement guarantee   free shipping   cash delivery,42c5c528ad7ac8ad7a4e7c31f958e25f.jpg,"[[254 248 214 ... 254 254 254]
 [244 224 167 ... 254 254 254]
 [212 167  85 ... 245 254 254]
 ...
 [254 242 213 ... 254 254 254]
 [254 254 254 ... 254 254 254]
 [254 254 254 ... 254 254 254]]"
8932c9a89b487bf9f2b3fce06c7c6553,Aero Care Ice & Blue 4 Men Combo Set,beauty and personal care,flipkart com   buy aero care ice    blue    man combo set online r       flipkart com   genuine product      day replacement guarantee   free shipping   cash delivery,8932c9a89b487bf9f2b3fce06c7c6553.jpg,"[[255 255 253 ... 255 255 255]
 [255 254 251 ... 255 255 255]
 [255 251 247 ... 254 255 255]
 ...
 [255 255 255 ... 255 255 255]
 [255 255 255 ... 255 255 255]
 [255 255 255 ... 255 255 255]]"
b4327c9879644be2a04e9b2df963f6cb,Tenda FH330,computers,buy tenda fh     r        flipkart com   genuine product      day replacement guarantee   free shipping   cash delivery,b4327c9879644be2a04e9b2df963f6cb.jpg,"[[255 255 255 ... 255 255 255]
 [255 255 255 ... 255 255 255]
 [255 255 255 ... 255 255 255]
 ...
 [255 255 255 ... 255 255 255]
 [255 255 255 ... 255 255 255]
 [255 255 255 ... 255 255 255]]"
7bcabeb38f148041087fafdad40e2c57,Beverly Hills Polo Club BLUE Gift Set  Combo Set,beauty and personal care,flipkart com   buy beverly hills polo club blue gift set   combo set online r       flipkart com   genuine product      day replacement guarantee   free shipping   cash delivery,7bcabeb38f148041087fafdad40e2c57.jpg,"[[255 255 255 ... 255 255 255]
 [255 255 255 ... 255 255 255]
 [255 255 255 ... 255 255 255]
 ...
 [255 255 248 ... 200 227 243]
 [255 255 255 ... 238 249 255]
 [255 255 255 ... 255 255 255]]"
47d7792e50e69b048b1f17176f170141,Beverly Hills Polo Club RED Gift Set  Combo Set,beauty and personal care,flipkart com   buy beverly hills polo club red gift set   combo set online r       flipkart com   genuine product      day replacement guarantee   free shipping   cash delivery,47d7792e50e69b048b1f17176f170141.jpg,"[[227 211 190 ... 223 250 254]
 [206 183 154 ... 210 249 255]
 [178 148 115 ... 196 247 255]
 ...
 [255 255 248 ... 251 254 255]
 [255 255 254 ... 255 255 255]
 [255 255 255 ... 255 255 255]]"
884ff6050ff3d6b2c8f681c300a21b2a,TP-Link Archer C20 AC750 Dual Band Router,computers,buy tp link archer c    ac     dual band router r        flipkart com   genuine product      day replacement guarantee   free shipping   cash delivery,884ff6050ff3d6b2c8f681c300a21b2a.jpg,"[[255 255 255 ... 255 255 255]
 [255 255 255 ... 255 255 255]
 [255 255 255 ... 255 255 255]
 ...
 [255 255 255 ... 255 255 255]
 [255 255 255 ... 255 255 255]
 [255 255 255 ... 255 255 255]]"
f386f28cbc2ca9a63b5dc7a8fe6d5098,"Denver Caliber,Pride Combo Set",beauty and personal care,flipkart com   buy denver caliber pride combo set online r       flipkart com   genuine product      day replacement guarantee   free shipping   cash delivery,f386f28cbc2ca9a63b5dc7a8fe6d5098.jpg,"[[255 255 255 ... 255 255 255]
 [255 255 255 ... 248 255 255]
 [255 250 237 ... 213 245 254]
 ...
 [255 255 255 ... 255 255 255]
 [255 255 255 ... 255 255 255]
 [255 255 255 ... 255 255 255]]"
53c4f1e5cb1767f1a6ba05d32dfaf107,Tenda 3G300M,computers,buy tenda   g    m r        flipkart com   genuine product      day replacement guarantee   free shipping   cash delivery,53c4f1e5cb1767f1a6ba05d32dfaf107.jpg,"[[255 255 255 ... 255 255 255]
 [255 255 255 ... 255 255 255]
 [255 255 255 ... 255 255 255]
 ...
 [255 255 255 ... 255 255 255]
 [255 255 255 ... 255 255 255]
 [255 255 255 ... 255 255 255]]"
b42a9b597a3a3dc8f428e2e2323e9aff,Anna Andre Paris Floralina & Red Horizon Combo Set,beauty and personal care,flipkart com   buy anna andre paris floralina    red horizon combo set online r       flipkart com   genuine product      day replacement guarantee   free shipping   cash delivery,b42a9b597a3a3dc8f428e2e2323e9aff.jpg,"[[254 254 254 ... 254 254 254]
 [254 254 254 ... 254 254 254]
 [254 254 254 ... 254 254 254]
 ...
 [253 248 237 ... 254 254 254]
 [254 254 254 ... 254 254 254]
 [254 254 254 ... 254 254 254]]"
2a20862f02555a44b0ab301bed987a0b,Netgear JWNR2010 N300 Wireless Router,computers,buy netgear jwnr      n     wireless router r        flipkart com   genuine product      day replacement guarantee   free shipping   cash delivery,2a20862f02555a44b0ab301bed987a0b.jpg,"[[255 255 255 ... 255 255 255]
 [255 255 255 ... 255 255 255]
 [255 255 255 ... 255 255 255]
 ...
 [255 255 255 ... 255 255 255]
 [254 254 255 ... 255 255 255]
 [253 254 255 ... 255 255 255]]"
ea82cb68a6e79d3c10fe9c4255c6a508,"Wild Stone Charge,Surge Combo Set",beauty and personal care,flipkart com   buy wild stone charge surge combo set online r       flipkart com   genuine product      day replacement guarantee   free shipping   cash delivery,ea82cb68a6e79d3c10fe9c4255c6a508.jpg,"[[255 244 207 ... 220 249 255]
 [255 234 177 ... 196 243 255]
 [255 219 133 ... 154 229 255]
 ...
 [255 255 246 ... 255 255 255]
 [255 255 255 ... 255 255 255]
 [255 255 255 ... 255 255 255]]"
5c6b9db55291a68d99c4bb9a88266e27,Edimax BR6524N N300 Wireless Router,computers,buy edimax br     n n     wireless router r        flipkart com   genuine product      day replacement guarantee   free shipping   cash delivery,5c6b9db55291a68d99c4bb9a88266e27.jpg,"[[253 253 248 ... 255 255 255]
 [253 249 240 ... 254 255 255]
 [253 242 223 ... 246 251 254]
 ...
 [255 255 255 ... 255 255 255]
 [255 255 255 ... 255 255 255]
 [255 255 255 ... 255 255 255]]"
df11d370920e09a2985e574ffd9b0ff1,"Addiction Rio,Hawaii Combo Set",beauty and personal care,flipkart com   buy addiction rio hawaii combo set online r       flipkart com   genuine product      day replacement guarantee   free shipping   cash delivery,df11d370920e09a2985e574ffd9b0ff1.jpg,"[[255 255 255 ... 255 255 255]
 [255 255 255 ... 255 255 255]
 [255 255 255 ... 255 255 255]
 ...
 [159 124  72 ...  90 134 164]
 [229 201 145 ... 188 219 232]
 [254 239 196 ... 240 255 255]]"
4c096ad79f63c12a42f56fe8cec37f36,Adidas Ice Dive Combo Set,beauty and personal care,flipkart com   buy adidas ice dive combo set online r       flipkart com   genuine product      day replacement guarantee   free shipping   cash delivery,4c096ad79f63c12a42f56fe8cec37f36.jpg,"[[255 255 255 ... 255 255 255]
 [255 255 255 ... 254 254 255]
 [254 254 252 ... 253 253 254]
 ...
 [254 253 246 ... 231 248 253]
 [254 255 254 ... 253 254 255]
 [255 255 255 ... 254 255 255]]"
15f45d08050e8ba24a14804cba000589,Denver Hamilton Pride Combo Set,beauty and personal care,flipkart com   buy denver hamilton pride combo set online r       flipkart com   genuine product      day replacement guarantee   free shipping   cash delivery,15f45d08050e8ba24a14804cba000589.jpg,"[[254 254 254 ... 255 255 255]
 [254 254 254 ... 254 255 255]
 [254 254 254 ... 254 254 253]
 ...
 [254 254 254 ... 255 255 255]
 [254 254 254 ... 255 255 255]
 [254 254 255 ... 255 255 255]]"
94a0d2804a77f7d2bfab6f3f0ae5254d,Nike Original Combo Set,beauty and personal care,flipkart com   buy nike original combo set online r       flipkart com   genuine product      day replacement guarantee   free shipping   cash delivery,94a0d2804a77f7d2bfab6f3f0ae5254d.jpg,"[[255 255 255 ... 255 255 255]
 [255 255 255 ... 255 255 255]
 [255 255 255 ... 255 255 255]
 ...
 [246 237 222 ... 177 199 214]
 [252 246 235 ... 192 220 237]
 [255 252 245 ... 210 235 249]]"
955abcd11312fce2fd02a91a9b05ae71,"Engage Rush , Jump Combo Set",beauty and personal care,flipkart com   buy engage rush    jump combo set online r       flipkart com   genuine product      day replacement guarantee   free shipping   cash delivery,955abcd11312fce2fd02a91a9b05ae71.jpg,"[[255 255 255 ... 255 255 255]
 [255 255 255 ... 255 255 255]
 [255 255 255 ... 255 255 255]
 ...
 [254 254 255 ... 255 255 255]
 [254 254 254 ... 255 255 255]
 [254 254 254 ... 255 255 255]]"
534d9c3ae2342df2f4f9233622f90711,Netgear AC 750 Wi-Fi Range Extender,computers,buy netgear ac      wi fi range extender r        flipkart com   genuine product      day replacement guarantee   free shipping   cash delivery,534d9c3ae2342df2f4f9233622f90711.jpg,"[[251 245 231 ... 255 255 255]
 [246 237 221 ... 255 255 255]
 [239 228 213 ... 255 255 255]
 ...
 [255 255 255 ... 255 255 255]
 [255 255 255 ... 255 255 255]
 [255 255 255 ... 255 255 255]]"
1eda39f01d0a8a2e5ce4b32fc7da1027,iBall wr7011a,computers,buy iball wr     r        flipkart com   genuine product      day replacement guarantee   free shipping   cash delivery,1eda39f01d0a8a2e5ce4b32fc7da1027.jpg,"[[120 122 135 ... 255 255 255]
 [106 113 131 ... 255 255 255]
 [ 95 107 130 ... 255 255 255]
 ...
 [255 255 255 ... 255 255 255]
 [255 255 255 ... 255 255 255]
 [255 255 255 ... 255 255 255]]"
079d049de21fb2426b516a8d2f9a8bdb,"Envy 1000 Intense,Magnetic Combo Set",beauty and personal care,flipkart com   buy envy       intense magnetic combo set online r       flipkart com   genuine product      day replacement guarantee   free shipping   cash delivery,079d049de21fb2426b516a8d2f9a8bdb.jpg,"[[255 255 255 ... 255 255 255]
 [255 255 255 ... 255 255 255]
 [255 255 255 ... 255 255 255]
 ...
 [241 224 193 ... 255 255 255]
 [249 238 207 ... 255 255 255]
 [253 246 216 ... 255 255 255]]"
4c449766e715bc41023244c9042e0a82,Vincent Valentine Paris Set of Dark Fire & Dark Magic Deodorants Combo Set,beauty and personal care,flipkart com   buy vincent valentine paris set dark fire    dark magic deodorant combo set online r       flipkart com   genuine product      day replacement guarantee   free shipping   cash delivery,4c449766e715bc41023244c9042e0a82.jpg,"[[254 254 254 ... 254 254 254]
 [254 254 254 ... 253 254 254]
 [254 254 254 ... 252 253 253]
 ...
 [254 254 254 ... 252 253 253]
 [254 254 254 ... 254 254 254]
 [254 254 254 ... 254 254 254]]"
54754ccd18f2a75c53de68806176392a,Netis WF-2301,computers,buy netis wf       r        flipkart com   genuine product      day replacement guarantee   free shipping   cash delivery,54754ccd18f2a75c53de68806176392a.jpg,"[[255 255 255 ... 255 255 255]
 [255 255 255 ... 255 255 255]
 [255 255 255 ... 255 255 255]
 ...
 [255 255 255 ... 255 255 255]
 [255 255 255 ... 255 255 255]
 [255 255 255 ... 255 255 255]]"
67119571e4b46deb266236d8e7fad65d,Denver Rage Hamilton Honour Combo Set,beauty and personal care,flipkart com   buy denver rage hamilton honour combo set online r       flipkart com   genuine product      day replacement guarantee   free shipping   cash delivery,67119571e4b46deb266236d8e7fad65d.jpg,"[[251 251 251 ... 255 255 255]
 [251 251 251 ... 255 255 255]
 [251 251 251 ... 255 255 255]
 ...
 [254 254 254 ... 254 254 255]
 [254 254 254 ... 254 255 255]
 [254 254 254 ... 255 255 255]]"
f2fa99bfaa4aa65a2bd53337e140f949,Archies VJ-580 Combo Set,beauty and personal care,flipkart com   buy archie vj      combo set online r       flipkart com   genuine product      day replacement guarantee   free shipping   cash delivery,f2fa99bfaa4aa65a2bd53337e140f949.jpg,"[[255 255 255 ... 255 255 255]
 [255 255 255 ... 255 255 255]
 [255 255 255 ... 255 255 255]
 ...
 [255 255 255 ... 254 254 255]
 [255 255 255 ... 255 255 255]
 [255 255 255 ... 255 255 255]]"
59d964c38c787f829c6cfa5629e4df90,French Factor Man of the Year Deodorant Gift Set  Combo Set,beauty and personal care,flipkart com   buy french factor man year deodorant gift set   combo set online r       flipkart com   genuine product      day replacement guarantee   free shipping   cash delivery,59d964c38c787f829c6cfa5629e4df90.jpg,"[[255 255 255 ... 255 255 255]
 [255 255 255 ... 255 255 255]
 [255 255 255 ... 255 255 255]
 ...
 [255 246 227 ... 248 255 255]
 [255 255 255 ... 255 255 255]
 [255 255 255 ... 255 255 255]]"
36b965559aa2b97cb961a603f18a9183,"Fogg Dynamic,Magnetic Combo Set",beauty and personal care,flipkart com   buy fogg dynamic magnetic combo set online r       flipkart com   genuine product      day replacement guarantee   free shipping   cash delivery,36b965559aa2b97cb961a603f18a9183.jpg,"[[255 255 255 ... 255 255 255]
 [254 255 255 ... 255 255 255]
 [254 255 255 ... 255 255 255]
 ...
 [255 255 255 ...  94 142 181]
 [255 255 255 ... 135 181 215]
 [255 255 255 ... 175 210 235]]"
98ad5b99ad96695568d8f143b11ab740,Anna Andre Paris Set of Dark Fire & Numero 1 Deodorants Combo Set,beauty and personal care,flipkart com   buy anna andre paris set dark fire    numero    deodorant combo set online r       flipkart com   genuine product      day replacement guarantee   free shipping   cash delivery,98ad5b99ad96695568d8f143b11ab740.jpg,"[[254 254 254 ... 254 254 254]
 [254 254 254 ... 254 254 254]
 [254 254 254 ... 254 254 254]
 ...
 [254 254 254 ... 254 254 254]
 [254 254 254 ... 254 254 254]
 [254 254 254 ... 254 254 254]]"
51dc964c7a47293ff0ed0c6912813722,Playboy New York Combo Set,beauty and personal care,flipkart com   buy playboy new york combo set online r       flipkart com   genuine product      day replacement guarantee   free shipping   cash delivery,51dc964c7a47293ff0ed0c6912813722.jpg,"[[255 255 254 ... 255 255 255]
 [255 255 254 ... 255 255 255]
 [255 254 244 ... 255 255 255]
 ...
 [255 255 254 ... 248 254 254]
 [255 255 255 ... 254 255 255]
 [255 255 255 ... 255 255 255]]"
ae19a81b730b48b87ca72521af8fb902,TP-LINK 4-Port Cable/DSL/TL-R460,computers,buy tp link    port cable dsl tl r     r        flipkart com   genuine product      day replacement guarantee   free shipping   cash delivery,ae19a81b730b48b87ca72521af8fb902.jpg,"[[255 255 255 ... 255 255 255]
 [255 255 255 ... 255 255 255]
 [255 255 255 ... 255 255 255]
 ...
 [238 181  72 ...  99 186 234]
 [254 207 104 ... 148 221 253]
 [255 215 122 ... 178 234 255]]"
7fd12776e6d62da6e1dd3cbc9882ee5f,Asus DSL-N10_C1,computers,buy asus dsl n    c   r        flipkart com   genuine product      day replacement guarantee   free shipping   cash delivery,7fd12776e6d62da6e1dd3cbc9882ee5f.jpg,"[[253 253 253 ... 253 253 253]
 [253 253 253 ... 253 252 252]
 [252 252 252 ... 252 252 252]
 ...
 [252 252 252 ... 252 252 252]
 [252 252 252 ... 252 252 252]
 [252 252 252 ... 252 252 252]]"
d376da2235096f74600d842b6f5f2d1a,"Wild Stone Drift,Wave Combo Set",beauty and personal care,flipkart com   buy wild stone drift wave combo set online r       flipkart com   genuine product      day replacement guarantee   free shipping   cash delivery,d376da2235096f74600d842b6f5f2d1a.jpg,"[[255 238 200 ... 255 255 255]
 [255 227 166 ... 241 252 255]
 [255 212 122 ... 189 238 255]
 ...
 [255 255 246 ... 255 255 255]
 [255 255 255 ... 255 255 255]
 [255 255 255 ... 255 255 255]]"
ab3f4b2d2ec007b7e0eaec213bfdbffc,Engage Tease and Tease Combo Set,beauty and personal care,flipkart com   buy engage tease tease combo set online r       flipkart com   genuine product      day replacement guarantee   free shipping   cash delivery,ab3f4b2d2ec007b7e0eaec213bfdbffc.jpg,"[[255 255 255 ... 254 254 255]
 [255 255 255 ... 254 254 254]
 [254 254 254 ... 253 254 254]
 ...
 [253 237 200 ... 172 198 218]
 [254 247 232 ... 224 235 243]
 [254 253 250 ... 251 252 252]]"
bd95002e0fea67f7ec2f2597814c5eaf,TRENDnet TEW-737HRE,computers,buy trendnet tew     hre r        flipkart com   genuine product      day replacement guarantee   free shipping   cash delivery,bd95002e0fea67f7ec2f2597814c5eaf.jpg,"[[255 255 255 ... 255 255 255]
 [255 255 255 ... 255 255 255]
 [255 255 255 ... 255 255 255]
 ...
 [255 255 255 ... 255 255 255]
 [255 255 255 ... 255 255 255]
 [255 255 255 ... 255 255 255]]"
862c7462f12de819d93f93dc573289c5,Nike Orange Combo Set,beauty and personal care,flipkart com   buy nike orange combo set online r       flipkart com   genuine product      day replacement guarantee   free shipping   cash delivery,862c7462f12de819d93f93dc573289c5.jpg,"[[255 255 255 ... 255 255 255]
 [255 255 255 ... 255 255 255]
 [255 255 255 ... 255 255 255]
 ...
 [210 197 175 ... 146 192 220]
 [231 219 201 ... 172 215 239]
 [244 235 222 ... 200 233 249]]"
387ecd9ec173d61b6dc5ceddc079b150,"Denver Brave,Caliber Combo Set",beauty and personal care,flipkart com   buy denver brave caliber combo set online r       flipkart com   genuine product      day replacement guarantee   free shipping   cash delivery,387ecd9ec173d61b6dc5ceddc079b150.jpg,"[[255 255 255 ... 255 255 255]
 [255 255 255 ... 255 255 255]
 [255 248 233 ... 228 246 255]
 ...
 [255 255 255 ... 255 255 255]
 [255 255 255 ... 255 255 255]
 [255 255 255 ... 255 255 255]]"
c2e71e7c97489d4efa5eab796ae354ac,Zyxel VMG1312-B10A VDSL2 Wireless N VDSL2 4-port Gateway with USB,computers,buy zyxel vmg      b   vdsl   wireless n vdsl     port gateway usb r        flipkart com   genuine product      day replacement guarantee   free shipping   cash delivery,c2e71e7c97489d4efa5eab796ae354ac.jpg,"[[255 255 255 ... 255 255 255]
 [255 255 255 ... 255 255 255]
 [255 255 255 ... 255 255 255]
 ...
 [255 255 255 ... 255 255 255]
 [255 255 255 ... 255 255 255]
 [255 255 255 ... 255 255 255]]"
215decf6f993d7b45d75520d9174493f,Netgear D3600 N600 Dual Band Gigabit Wi-Fi Modem Router,computers,buy netgear d      n     dual band gigabit wi fi modem router r        flipkart com   genuine product      day replacement guarantee   free shipping   cash delivery,215decf6f993d7b45d75520d9174493f.jpg,"[[255 255 255 ... 255 255 255]
 [255 255 255 ... 255 255 255]
 [255 255 255 ... 255 255 255]
 ...
 [255 255 255 ... 255 255 255]
 [255 255 255 ... 255 255 255]
 [255 255 255 ... 255 255 255]]"
8720a25546a572b0217817a82bfd00a5,D-Link DSL-2520U,computers,buy d link dsl      u r        flipkart com   genuine product      day replacement guarantee   free shipping   cash delivery,8720a25546a572b0217817a82bfd00a5.jpg,"[[255 255 255 ... 255 255 255]
 [255 255 255 ... 255 255 255]
 [255 255 255 ... 255 255 255]
 ...
 [255 255 255 ... 255 255 255]
 [255 255 255 ... 255 255 255]
 [255 255 255 ... 255 255 255]]"
4fe24e100a5fcc33cf6054ef101067ed,TP-LINK TD-W8970,computers,buy tp link td w      r        flipkart com   genuine product      day replacement guarantee   free shipping   cash delivery,4fe24e100a5fcc33cf6054ef101067ed.jpg,"[[255 255 255 ... 255 255 255]
 [255 255 255 ... 255 255 255]
 [255 255 255 ... 255 255 255]
 ...
 [255 255 255 ... 255 255 255]
 [255 255 255 ... 255 255 255]
 [255 255 255 ... 255 255 255]]"
50be4cd92fda2755e1e884421a52e345,Denim Deo Combo Set,beauty and personal care,flipkart com   buy denim deo combo set online r       flipkart com   genuine product      day replacement guarantee   free shipping   cash delivery,50be4cd92fda2755e1e884421a52e345.jpg,"[[255 255 255 ... 255 255 255]
 [255 255 255 ... 255 255 255]
 [255 255 255 ... 255 255 255]
 ...
 [255 255 253 ... 255 255 255]
 [255 255 255 ... 255 255 255]
 [255 255 255 ... 255 255 255]]"
726de30d1473ecb9641c1cd5286b6344,Cinthol Deo Spray - Intense (Pack of 2) Combo Set,beauty and personal care,flipkart com   buy cinthol deo spray    intense   pack     combo set online r       flipkart com   genuine product      day replacement guarantee   free shipping   cash delivery,726de30d1473ecb9641c1cd5286b6344.jpg,"[[255 255 255 ... 255 255 255]
 [255 255 255 ... 255 255 255]
 [255 255 255 ... 255 255 255]
 ...
 [255 255 255 ... 255 255 255]
 [255 255 255 ... 255 255 255]
 [255 255 255 ... 255 255 255]]"
b1c7aa8e0f50e7ee73ed30d12af1a961,Airtel B310s-927,computers,buy airtel b    s      r        flipkart com   genuine product      day replacement guarantee   free shipping   cash delivery,b1c7aa8e0f50e7ee73ed30d12af1a961.jpg,"[[255 255 255 ... 255 255 255]
 [255 255 255 ... 255 255 255]
 [255 255 255 ... 255 255 255]
 ...
 [254 254 253 ... 255 255 255]
 [255 255 255 ... 255 255 255]
 [255 255 255 ... 255 255 255]]"
07f8bdc4372a73d0820507683a936b6e,Playboy London And Malibu Combo Set,beauty and personal care,flipkart com   buy playboy london malibu combo set online r       flipkart com   genuine product      day replacement guarantee   free shipping   cash delivery,07f8bdc4372a73d0820507683a936b6e.jpg,"[[255 255 255 ... 255 255 255]
 [255 255 255 ... 255 255 255]
 [254 253 247 ... 255 255 255]
 ...
 [255 255 255 ... 255 255 255]
 [255 255 255 ... 255 255 255]
 [255 255 255 ... 255 255 255]]"
a231459c1562ee1117e95a61128820b7,"Denver Cool,Honour Combo Set",beauty and personal care,flipkart com   buy denver cool honour combo set online r       flipkart com   genuine product      day replacement guarantee   free shipping   cash delivery,a231459c1562ee1117e95a61128820b7.jpg,"[[255 255 255 ... 255 255 255]
 [255 255 255 ... 255 255 255]
 [255 255 246 ... 234 248 255]
 ...
 [255 255 255 ... 255 255 255]
 [255 255 255 ... 255 255 255]
 [255 255 255 ... 255 255 255]]"
fa6f5eb34be4ad5daec225bfe09f2414,Yardley Gold Combo Set,beauty and personal care,flipkart com   buy yardley gold combo set online r       flipkart com   genuine product      day replacement guarantee   free shipping   cash delivery,fa6f5eb34be4ad5daec225bfe09f2414.jpg,"[[255 255 255 ... 255 255 255]
 [255 255 255 ... 255 255 255]
 [255 255 255 ... 255 255 255]
 ...
 [254 254 254 ... 253 254 254]
 [255 254 254 ... 253 255 255]
 [255 255 254 ... 254 255 255]]"
dbf7c443a45d684944b5d9928eef051f,TRENDnet N300 Wireless Home Router,computers,buy trendnet n     wireless home router r       flipkart com   genuine product      day replacement guarantee   free shipping   cash delivery,dbf7c443a45d684944b5d9928eef051f.jpg,"[[255 255 255 ... 255 255 255]
 [255 255 255 ... 255 255 255]
 [255 255 255 ... 255 255 255]
 ...
 [255 252 242 ... 246 254 255]
 [255 254 252 ... 254 255 255]
 [255 254 253 ... 254 255 255]]"
a7a294ddbcd9bbbc46c034079529c17c,Wild Stone Deodorant No-22 Combo Set,beauty and personal care,"wild stone deodorant     combo set   set   
                          price   rs     
				
			 long last fragrance 
 contain tricolosan active ingredient deodorizing long last fragrance 
 long last fragrance 
 contain tricolosan active ingredient deodorizing long last fragrance",a7a294ddbcd9bbbc46c034079529c17c.jpg,"[[255 255 255 ... 255 255 255]
 [255 255 255 ... 255 255 255]
 [255 255 255 ... 255 255 255]
 ...
 [254 254 252 ... 228 245 252]
 [255 255 255 ... 254 255 255]
 [255 255 255 ... 255 255 255]]"
c6cd71c28144224b080cdec222bc4833,Adidas Ice Dive and Adidas Victory League Combo Set,beauty and personal care,flipkart com   buy adidas ice dive adidas victory league combo set online r       flipkart com   genuine product      day replacement guarantee   free shipping   cash delivery,c6cd71c28144224b080cdec222bc4833.jpg,"[[255 255 255 ... 255 255 255]
 [255 255 255 ... 255 255 255]
 [255 255 252 ... 255 255 255]
 ...
 [255 254 251 ... 253 255 255]
 [255 255 255 ... 255 255 255]
 [255 255 255 ... 255 255 255]]"
e39177ad1acf95e44ddd430bf969a86b,Asus RP-N53 Dual-Band Wireless-N600 Range Extender,computers,buy asus rp n    dual band wireless n     range extender r        flipkart com   genuine product      day replacement guarantee   free shipping   cash delivery,e39177ad1acf95e44ddd430bf969a86b.jpg,"[[255 255 255 ... 255 255 255]
 [255 255 255 ... 255 255 255]
 [255 255 255 ... 253 254 255]
 ...
 [254 254 254 ... 255 255 255]
 [255 255 255 ... 255 255 255]
 [255 255 255 ... 255 255 255]]"
5c7b493625b5fc6689cae49d25e1ae17,Aero Care Blue 4 Lady Combo Set,beauty and personal care,flipkart com   buy aero care blue    lady combo set online r       flipkart com   genuine product      day replacement guarantee   free shipping   cash delivery,5c7b493625b5fc6689cae49d25e1ae17.jpg,"[[255 255 255 ... 255 255 255]
 [255 255 255 ... 255 255 255]
 [254 253 249 ... 255 255 255]
 ...
 [255 255 255 ... 255 255 255]
 [255 255 255 ... 255 255 255]
 [255 255 255 ... 255 255 255]]"
f6fbce5fffb82a83d7529815c4be9a72,"Denver RO,Spring Combo Set",beauty and personal care,flipkart com   buy denver ro spring combo set online r       flipkart com   genuine product      day replacement guarantee   free shipping   cash delivery,f6fbce5fffb82a83d7529815c4be9a72.jpg,"[[255 255 255 ... 158 169 184]
 [255 255 255 ... 110 128 151]
 [255 255 255 ...  64  87 115]
 ...
 [255 254 254 ... 233 249 254]
 [255 255 255 ... 254 255 255]
 [255 255 255 ... 254 255 255]]"
d36e6f157d1155369f763a0a434fb129,Digisol DG-BG4100N,computers,buy digisol dg bg     n r        flipkart com   genuine product      day replacement guarantee   free shipping   cash delivery,d36e6f157d1155369f763a0a434fb129.jpg,"[[255 255 255 ... 255 255 255]
 [255 255 255 ... 255 255 255]
 [255 255 255 ... 255 255 255]
 ...
 [255 255 255 ... 255 255 255]
 [255 255 255 ... 255 255 255]
 [255 255 255 ... 255 255 255]]"
2d4f1232af970bd19881ceacad6ccfe3,Playboy London And New York Combo Set,beauty and personal care,flipkart com   buy playboy london new york combo set online r       flipkart com   genuine product      day replacement guarantee   free shipping   cash delivery,2d4f1232af970bd19881ceacad6ccfe3.jpg,"[[255 255 255 ... 255 255 255]
 [255 255 255 ... 255 255 255]
 [254 253 248 ... 254 255 255]
 ...
 [255 255 255 ... 255 255 255]
 [255 255 255 ... 255 255 255]
 [255 255 255 ... 255 255 255]]"
b17d093c269db6ad3bf4b6076461fd72,Ajmal Titanium and Expedition Combo Set,beauty and personal care,flipkart com   buy ajmal titanium expedition combo set online r       flipkart com   genuine product      day replacement guarantee   free shipping   cash delivery,b17d093c269db6ad3bf4b6076461fd72.jpg,"[[177 170 163 ... 198 216 231]
 [143 138 132 ... 186 208 225]
 [106 101  95 ... 173 200 220]
 ...
 [255 255 255 ... 255 255 255]
 [255 255 255 ... 255 255 255]
 [255 255 255 ... 255 255 255]]"
723e472f98180745980efe32411d30c6,Playboy Berlin Combo Set,beauty and personal care,flipkart com   buy playboy berlin combo set online r       flipkart com   genuine product      day replacement guarantee   free shipping   cash delivery,723e472f98180745980efe32411d30c6.jpg,"[[255 255 255 ... 252 251 252]
 [255 255 255 ... 239 250 252]
 [255 255 255 ... 189 228 243]
 ...
 [255 255 255 ... 254 254 254]
 [255 255 255 ... 255 255 255]
 [255 255 255 ... 255 255 255]]"
f74e1afad2c545c25ee38193d0eb87d5,Yardley 12 Combo Set,beauty and personal care,flipkart com   buy yardley     combo set online r       flipkart com   genuine product      day replacement guarantee   free shipping   cash delivery,f74e1afad2c545c25ee38193d0eb87d5.jpg,"[[255 255 255 ... 253 254 255]
 [255 255 255 ... 253 254 254]
 [255 255 255 ... 242 254 254]
 ...
 [254 254 255 ... 255 255 255]
 [254 254 255 ... 255 255 255]
 [255 255 255 ... 255 255 255]]"
1d829e0eac91d7e85cdd6d581c363360,Denim Deo Original & Passion 150ml Gift Set  Combo Set,beauty and personal care,flipkart com   buy denim deo original    passion     ml gift set   combo set online r       flipkart com   genuine product      day replacement guarantee   free shipping   cash delivery,1d829e0eac91d7e85cdd6d581c363360.jpg,"[[253 253 253 ... 255 255 255]
 [253 253 253 ... 255 255 255]
 [254 254 254 ... 255 255 255]
 ...
 [255 255 255 ... 254 253 254]
 [255 255 255 ... 254 254 254]
 [255 255 255 ... 255 255 255]]"
e365b55f806e5d0abe0094a9f2590e33,Tenda 3G622R+,computers,buy tenda   g    r   r        flipkart com   genuine product      day replacement guarantee   free shipping   cash delivery,e365b55f806e5d0abe0094a9f2590e33.jpg,"[[255 255 255 ... 255 255 255]
 [255 255 255 ... 255 255 255]
 [255 255 255 ... 255 255 255]
 ...
 [255 255 255 ... 255 255 255]
 [255 255 255 ... 255 255 255]
 [255 255 255 ... 255 255 255]]"
6c3768639e82ceaeab681e083b897672,D-Link DSL-2750U Wireless N 300 ADSL2+ 4-Port Wi-Fi,computers,buy d link dsl      u wireless n      adsl      port wi fi r        flipkart com   genuine product      day replacement guarantee   free shipping   cash delivery,6c3768639e82ceaeab681e083b897672.jpg,"[[255 255 255 ... 255 255 255]
 [255 255 255 ... 255 255 255]
 [255 255 255 ... 255 255 255]
 ...
 [254 254 247 ... 255 255 255]
 [255 255 255 ... 255 255 255]
 [255 255 255 ... 255 255 255]]"
f25d2701ff23f6749e8e69ca17987993,Netgear WN3000RP Universal Wi-Fi Range Extender,computers,buy netgear wn     rp universal wi fi range extender r        flipkart com   genuine product      day replacement guarantee   free shipping   cash delivery,f25d2701ff23f6749e8e69ca17987993.jpg,"[[255 255 255 ... 241 251 254]
 [255 255 255 ... 232 246 252]
 [255 255 255 ... 220 236 246]
 ...
 [255 255 255 ... 255 255 255]
 [255 255 255 ... 255 255 255]
 [255 255 255 ... 255 255 255]]"
0e1e3861d54a8a17b7b91f04071a4ca3,Clear Face Kesar Chandan Multivitamin Nourishing Skin Cream With Almond Honey Skin Cream,beauty and personal care,specification clear face kesar chandan multivitamin nourish skin cream almond honey skin cream   set     combo set detail number content combo set    organic type natural combo set content    kesar chandan multivitamin nourish skin cream      gm     almond honey skin cream      gm ideal woman organic general trait professional care gift pack,0e1e3861d54a8a17b7b91f04071a4ca3.jpg,"[[255 255 255 ... 255 255 255]
 [255 255 255 ... 255 255 255]
 [255 255 255 ... 255 255 255]
 ...
 [255 255 255 ... 255 255 255]
 [255 255 255 ... 255 255 255]
 [255 255 255 ... 255 255 255]]"
00e966a5049a262cfc72e6bbf68b80e7,YGS Keyboard Case for Asus Memo Pad 7in Tab,computers,key feature ygs keyboard case asus memo pad   tab portfolio folio case magnetic lock safety corner elastic strap device securely tuck inside stand easily watch movie video chat high grade synthetic leather durable stitching note universal case   inch android tablet feature camera cut check compatibity tablet work micro usb     ygs keyboard case asus memo pad   tab   pink   price   rs       ygs universal qwerty keyboard android tablet provide dual benefit protect tab provide function keyboard   intricate stitching make case long lasting durable   display stand make easy write keyboard watch movie tab   keyboard similar functionality netbook keyboard qwerty layout note universal case   inch android tablet feature camera cut check compatibity tablet work micro usb   specification ygs keyboard case asus memo pad   tab   pink   general brand ygs shade pink material artificial leather design asus memo pad   tab model d ygskb    color pink box sale package    keyboard tablet cover,00e966a5049a262cfc72e6bbf68b80e7.jpg,"[[254 254 254 ... 254 254 254]
 [254 254 254 ... 254 254 254]
 [254 254 254 ... 254 254 254]
 ...
 [254 254 254 ... 253 254 254]
 [254 254 254 ... 254 254 254]
 [254 254 254 ... 254 254 254]]"
1be8161a259813bca5d068d5730464e7,Majik Styling Decoration Hair Clip,beauty and personal care,key feature majik style decoration hair clip pack     majik style decoration hair clip   multicolor   price   rs       unique set    flower hair styling hair accessory   embellishment headband   clothe   scarf kid accessory   artificial flower   easy use   reusable   unique   gender   woman    girl   baby   give fashinable look   hairstyle   specification majik style decoration hair clip   multicolor   box number content sale package pack  ,1be8161a259813bca5d068d5730464e7.jpg,"[[249 248 248 ... 239 239 239]
 [249 249 249 ... 239 238 239]
 [249 249 249 ... 238 238 238]
 ...
 [248 248 247 ... 232 231 231]
 [247 247 247 ... 231 231 231]
 [247 246 246 ... 230 230 230]]"
60a7313ea1e0ee8d845a0a6dec6117cc,Zingalalaa LP-50 50 lm LED Corded Portable Projector,computers,specification zingalalaa lp        lm lead cord portable projector   multicolor   performance feature aspect ratio        color support    milion throw ratio        d support general brand zingalalaa resolution native        x      pixel pixel   maximum         x       pixel pixel keystone correction automatic model number lp     brightness     lm signal type pal projection distance         m technology brilliantcolor support file format jpeg   bmp   png   wma   mp    mp    mpeg    mpeg    mpeg    rmvb   h      mov   flv   divx   avi projection screen size          m color multicolor warranty cover warranty warranty product limit manufacturing defect   warranty summary    month replacement warranty warranty service type repair    replacement cover warranty warranty cover external damage dimension weight      g height      cm width     cm depth    cm connectivity feature wireless network connectivity audio input output      mm jack macintosh compatibility vga port yes hdmi port yes memory card support micro sd power feature power source cord audio feature audio type mono number speaker    speaker output    w lens feature zoom type      x lamp type    w lead lamp display technology lead lamp life       hour additional feature remote control yes mountable yes box    projector   power cord    remote    av cable    user manual,60a7313ea1e0ee8d845a0a6dec6117cc.jpg,"[[255 255 255 ... 255 255 255]
 [255 255 255 ... 255 255 255]
 [255 255 255 ... 255 255 255]
 ...
 [255 255 255 ... 255 255 255]
 [255 255 255 ... 255 255 255]
 [255 255 255 ... 255 255 255]]"
70461caa9038cfa34d109ea056d57f5a,BASRA uepgrn Green Changing Table,baby care,specification basra uepgrn green change table general brand basra model number tab pgrn    shade green model uepgrn color green body design feature change pad include safety strap include material plastic wheel include dimension weight      kg height     cm width     cm depth     cm box change table additional feature feature easily use,70461caa9038cfa34d109ea056d57f5a.jpg,"[[255 255 255 ... 255 255 255]
 [255 255 255 ... 255 255 255]
 [255 255 255 ... 255 255 255]
 ...
 [255 255 254 ... 255 255 255]
 [255 255 254 ... 255 255 255]
 [255 255 254 ... 255 255 255]]"
4735953b9c8504eb327675a14c6c33dd,"Smartpro 19.5v,3.9a Replacement Charger for Vaio Series VGN-CR540E/L 75 Adapter",computers,key feature smartpro      v     replacement charger vaio series vgn cr    e l     adapter design   sony   vaio vgn cr    e l smartpro      v     replacement charger vaio series vgn cr    e l     adapter   power cord include   price   r       smartpro brand product   smartpro laptop adapter    w charger sony vaio vgn cr    e l      v          v      connector pin size      x       smartpro replacement adapter design provide reliable power charge laptop   high quality part replacement adapter conform specification similar original quality   adapter pass necessary authentication certification like ce   rohs etc   leave factory   rest assure quality   durability performance   note image indicative   actual product label vary   place order adapter assure select right adapter laptop   check adapter s voltage current compliance requirment laptop   adapter output current laptop rate current   adapter output volatege notebook voltage deviation    check adapter pin image place order   specification smartpro      v     replacement charger vaio series vgn cr    e l     adapter   power cord include   general brand smartpro design vaio vgn cr    e l sale package    laptop adapter key feature design sony vaio vgn cr    e l connector pin type     mm x     mm model d      v     replacement charger vaio series vgn cr    e l power power input      v           hz power consumption   w      w output current         output voltage   v        v warranty cover warranty warranty product limit manufacturing defect warranty summary    month india warranty warranty service type replacement repair carry warranty   customer need carry    send replacement repair replace product send customer cover warranty warranty cover external accessory   battery   cable   carry bag    damage cause product improper installation customer   normal wear tear magnetic head   audio   video   laser pick up tv picture tube   pane,4735953b9c8504eb327675a14c6c33dd.jpg,"[[253 254 254 ... 255 255 255]
 [253 253 254 ... 255 255 255]
 [252 253 254 ... 255 255 255]
 ...
 [255 255 255 ... 254 254 254]
 [255 255 255 ... 254 254 254]
 [255 255 255 ... 254 254 254]]"
dd5d6f0649f40d49791bbd5c00758e2f,Graco LiteRider Click Connect � Marco,baby care,specification graco literider click connect    marco   multicolor   general foldable yes age group        year type stroller ideal boy   girl weight support     kg wheel feature wheel yes wheel feature lockable wheel type swivel    fix dimension weight       kg height       inch width        inch depth       inch safety feature lock system yes box number content sale package    sale package    stroller body feature storage basket yes recline setting    position number cup holder    cup holder yes material lightweight aluminium leg rest type adjustable canopy yes,dd5d6f0649f40d49791bbd5c00758e2f.jpg,"[[255 255 255 ... 255 255 255]
 [255 255 255 ... 255 255 255]
 [255 255 255 ... 255 255 255]
 ...
 [255 255 255 ... 255 255 255]
 [255 255 255 ... 255 255 255]
 [255 255 255 ... 255 255 255]]"
9fb8662af03c957ade34d4c816d4e903,"Smartpro 19.5v,3.9a Replacement Charger for Vaio Series VGN-CR309E 75 Adapter",computers,key feature smartpro      v     replacement charger vaio series vgn cr    e     adapter design   sony    vaio vgn cr    e smartpro      v     replacement charger vaio series vgn cr    e     adapter   power cord include   price   r       smartpro brand product   smartpro laptop adapter    w charger sony vaio vgn cr    e      v          v      connector pin size      x       smartpro replacement adapter design provide reliable power charge laptop   high quality part replacement adapter conform specification similar original quality   adapter pass necessary authentication certification like ce   rohs etc   leave factory   rest assure quality   durability performance   note image indicative   actual product label vary   place order adapter assure select right adapter laptop   check adapter s voltage current compliance requirment laptop   adapter output current laptop rate current   adapter output volatege notebook voltage deviation    check adapter pin image place order   specification smartpro      v     replacement charger vaio series vgn cr    e     adapter   power cord include   general brand smartpro design vaio vgn cr    e sale package    laptop adapter key feature design sony vaio vgn cr    e connector pin type     mm x     mm model d      v     replacement charger vaio series vgn cr    e power power input      v           hz power consumption   w      w output current         output voltage   v        v warranty cover warranty warranty product limit manufacturing defect warranty summary    month india warranty warranty service type replacement repair carry warranty   customer need carry    send replacement repair replace product send customer cover warranty warranty cover external accessory   battery   cable   carry bag    damage cause product improper installation customer   normal wear tear magnetic head   audio   video   laser pick up tv picture tube   pane,9fb8662af03c957ade34d4c816d4e903.jpg,"[[253 254 254 ... 255 255 255]
 [253 253 254 ... 255 255 255]
 [252 253 254 ... 255 255 255]
 ...
 [255 255 255 ... 254 254 254]
 [255 255 255 ... 254 254 254]
 [255 255 255 ... 254 254 254]]"
a54b94096938252901d3f7f8de97bffb,ocean VGLASS0051,kitchen & dining,key feature ocean vglass      pack    ocean vglass           ml   clear   pack     price   r         product detail   ocean glassware asia   s lead glassware manufacturer   prime focus clear good quality soda lime base glassware   new retail gift pack represent unique refreshing image ocean glassware   target meet gifting need enhance customer satisfaction   happiness pleasure use ocean product wining   dining socialize   brand info   establish        industrial diversification ocean insurance group   ocean glass public company limit manufacture glassware international standard inception   ocean glass asia s lead glass tableware manufacturer   provide extensive range quality glassware service aspect business   retail food service decorate glassware   specification ocean vglass           ml   clear   pack     general brand ocean suitable water   whisky   beer model number vglass      type glass set capacity      ml color clear dimension weight      g body    design feature material glass glass type multipurpose additional feature disposable yes dishwasher safe yes box sale package    glass pack  ,a54b94096938252901d3f7f8de97bffb.jpg,"[[255 255 255 ... 255 255 255]
 [255 255 255 ... 255 255 255]
 [255 255 255 ... 255 255 255]
 ...
 [255 255 251 ... 254 255 255]
 [255 255 255 ... 255 255 255]
 [255 255 255 ... 255 255 255]]"
281dfd9b94b34362c295b3e5f8da5dfa,"Smartpro 19.5v,3.9a Replacement Charger for Vaio Series VGN-CR490EBW 75 Adapter",computers,specification smartpro      v     replacement charger vaio series vgn cr    ebw     adapter   power cord include   general brand smartpro design vaio vgn cr    ebw sale package    laptop adapter key feature design sony vaio vgn cr    ebw connector pin type     mm x     mm model d      v     replacement charger vaio series vgn cr    ebw power power input      v           hz power consumption   w      w output current         output voltage   v        v warranty cover warranty warranty product limit manufacturing defect warranty summary    month india warranty warranty service type replacement repair carry warranty   customer need carry    send replacement repair replace product send customer cover warranty warranty cover external accessory   battery   cable   carry bag    damage cause product improper installation customer   normal wear tear magnetic head   audio   video   laser pick up tv picture tube   pane,281dfd9b94b34362c295b3e5f8da5dfa.jpg,"[[253 254 254 ... 255 255 255]
 [253 253 254 ... 255 255 255]
 [252 253 254 ... 255 255 255]
 ...
 [255 255 255 ... 254 254 254]
 [255 255 255 ... 254 254 254]
 [255 255 255 ... 254 254 254]]"
7f2f1f3039d1f5bc23226fc36577eab9,"Smartpro 19.5v,3.9a Replacement Charger for Vaio Series VGN-CR13G/L 75 Adapter",computers,key feature smartpro      v     replacement charger vaio series vgn cr   g l     adapter design   sony    vaio vgn cr   g l smartpro      v     replacement charger vaio series vgn cr   g l     adapter   power cord include   price   r       smartpro brand product   smartpro laptop adapter    w charger sony vaio vgn cr   g l      v          v      connector pin size      x       smartpro replacement adapter design provide reliable power charge laptop   high quality part replacement adapter conform specification similar original quality   adapter pass necessary authentication certification like ce   rohs etc   leave factory   rest assure quality   durability performance   note image indicative   actual product label vary   place order adapter assure select right adapter laptop   check adapter s voltage current compliance requirment laptop   adapter output current laptop rate current   adapter output volatege notebook voltage deviation    check adapter pin image place order   specification smartpro      v     replacement charger vaio series vgn cr   g l     adapter   power cord include   general brand smartpro design vaio vgn cr   g l sale package    laptop adapter key feature design sony vaio vgn cr   g l connector pin type     mm x     mm model d      v     replacement charger vaio series vgn cr   g l power power input      v           hz power consumption   w      w output current         output voltage   v        v warranty cover warranty warranty product limit manufacturing defect warranty summary    month india warranty warranty service type replacement repair carry warranty   customer need carry    send replacement repair replace product send customer cover warranty warranty cover external accessory   battery   cable   carry bag    damage cause product improper installation customer   normal wear tear magnetic head   audio   video   laser pick up tv picture tube   pane,7f2f1f3039d1f5bc23226fc36577eab9.jpg,"[[253 254 254 ... 255 255 255]
 [253 253 254 ... 255 255 255]
 [252 253 254 ... 255 255 255]
 ...
 [255 255 255 ... 254 254 254]
 [255 255 255 ... 254 254 254]
 [255 255 255 ... 254 254 254]]"
32f24a4303050f500dec7cb3608fe089,"Smartpro 19.5v,3.9a Replacement Charger for Vaio Series VGN-CR305E/L 75 Adapter",computers,key feature smartpro      v     replacement charger vaio series vgn cr    e l     adapter design   sony   vaio vgn cr    e l smartpro      v     replacement charger vaio series vgn cr    e l     adapter   power cord include   price   r       smartpro brand product   smartpro laptop adapter    w charger sony vaio vgn cr    e l      v          v      connector pin size      x       smartpro replacement adapter design provide reliable power charge laptop   high quality part replacement adapter conform specification similar original quality   adapter pass necessary authentication certification like ce   rohs etc   leave factory   rest assure quality   durability performance   note image indicative   actual product label vary   place order adapter assure select right adapter laptop   check adapter s voltage current compliance requirment laptop   adapter output current laptop rate current   adapter output volatege notebook voltage deviation    check adapter pin image place order   specification smartpro      v     replacement charger vaio series vgn cr    e l     adapter   power cord include   general brand smartpro design vaio vgn cr    e l sale package    laptop adapter key feature design sony vaio vgn cr    e l connector pin type     mm x     mm model d      v     replacement charger vaio series vgn cr    e l power power input      v           hz power consumption   w      w output current         output voltage   v        v warranty cover warranty warranty product limit manufacturing defect warranty summary    month india warranty warranty service type replacement repair carry warranty   customer need carry    send replacement repair replace product send customer cover warranty warranty cover external accessory   battery   cable   carry bag    damage cause product improper installation customer   normal wear tear magnetic head   audio   video   laser pick up tv picture tube   pane,32f24a4303050f500dec7cb3608fe089.jpg,"[[253 254 254 ... 255 255 255]
 [253 253 254 ... 255 255 255]
 [252 253 254 ... 255 255 255]
 ...
 [255 255 255 ... 254 254 254]
 [255 255 255 ... 254 254 254]
 [255 255 255 ... 254 254 254]]"
ea199e645da893f2ab0c45cf07face13,"Smartpro 19.5v,3.9a Replacement Charger for Vaio Series VGN-CR190E/R 75 Adapter",computers,key feature smartpro      v     replacement charger vaio series vgn cr    e r     adapter design   sony vaio vgn cr    e r smartpro      v     replacement charger vaio series vgn cr    e r     adapter   power cord include   price   r       smartpro brand product   smartpro laptop adapter    w charger sony vaio vgn cr    e r      v          v      connector pin size      x       smartpro replacement adapter design provide reliable power charge laptop   high quality part replacement adapter conform specification similar original quality   adapter pass necessary authentication certification like ce   rohs etc   leave factory   rest assure quality   durability performance   note image indicative   actual product label vary   place order adapter assure select right adapter laptop   check adapter s voltage current compliance requirment laptop   adapter output current laptop rate current   adapter output volatege notebook voltage deviation    check adapter pin image place order   specification smartpro      v     replacement charger vaio series vgn cr    e r     adapter   power cord include   general brand smartpro design vaio vgn cr    e r sale package    laptop adapter key feature design sony vaio vgn cr    e r connector pin type     mm x     mm model d      v     replacement charger vaio series vgn cr    e r power power input      v           hz power consumption   w      w output current         output voltage   v        v warranty cover warranty warranty product limit manufacturing defect warranty summary    month india warranty warranty service type replacement repair carry warranty   customer need carry    send replacement repair replace product send customer cover warranty warranty cover external accessory   battery   cable   carry bag    damage cause product improper installation customer   normal wear tear magnetic head   audio   video   laser pick up tv picture tube   pane,ea199e645da893f2ab0c45cf07face13.jpg,"[[253 254 254 ... 255 255 255]
 [253 253 254 ... 255 255 255]
 [252 253 254 ... 255 255 255]
 ...
 [255 255 255 ... 254 254 254]
 [255 255 255 ... 254 254 254]
 [255 255 255 ... 254 254 254]]"
3ccceaae844f34180708cb6cba3441bf,"Smartpro 19.5v,3.9a Replacement Charger for Vaio Series VGN-CR390E/B 75 Adapter",computers,key feature smartpro      v     replacement charger vaio series vgn cr    e b     adapter design   sony    vaio vgn cr    e b smartpro      v     replacement charger vaio series vgn cr    e b     adapter   power cord include   price   r       smartpro brand product   smartpro laptop adapter    w charger sony vaio vgn cr    e b      v          v      connector pin size      x       smartpro replacement adapter design provide reliable power charge laptop   high quality part replacement adapter conform specification similar original quality   adapter pass necessary authentication certification like ce   rohs etc   leave factory   rest assure quality   durability performance   note image indicative   actual product label vary   place order adapter assure select right adapter laptop   check adapter s voltage current compliance requirment laptop   adapter output current laptop rate current   adapter output volatege notebook voltage deviation    check adapter pin image place order   specification smartpro      v     replacement charger vaio series vgn cr    e b     adapter   power cord include   general brand smartpro design vaio vgn cr    e b sale package    laptop adapter key feature design sony vaio vgn cr    e b connector pin type     mm x     mm model d      v     replacement charger vaio series vgn cr    e b power power input      v           hz power consumption   w      w output current         output voltage   v        v warranty cover warranty warranty product limit manufacturing defect warranty summary    month india warranty warranty service type replacement repair carry warranty   customer need carry    send replacement repair replace product send customer cover warranty warranty cover external accessory   battery   cable   carry bag    damage cause product improper installation customer   normal wear tear magnetic head   audio   video   laser pick up tv picture tube   pane,3ccceaae844f34180708cb6cba3441bf.jpg,"[[253 254 254 ... 255 255 255]
 [253 253 254 ... 255 255 255]
 [252 253 254 ... 255 255 255]
 ...
 [255 255 255 ... 254 254 254]
 [255 255 255 ... 254 254 254]
 [255 255 255 ... 254 254 254]]"
e921fc17a0ed9a58f76d38558deb9337,Reiki Crystal Products Showpiece  -  8 cm,home decor & festive needs,key feature reiki crystal product showpiece        cm universal stone amplify energy aid concentration filter distraction reiki crystal product showpiece        cm   crystal   white   price   rs       clear quartz know   master healer   amplify energy think   effect crystal   absorb   store   release regulate energy   clear quartz draw negative energy kind   neutralise background radiation   include electromagnetic smog petrochemical emanation   balance revitalise physical   mental   emotional spiritual plane   cleanse enhance organ subtle body act deep soul cleanser   connect physical dimension mind   clear quartz enhance psychic ability   aid concentration unlock memory   clear quartz excellent amplify energy stone enhance group stone   ideal gridde   perfect base material wand   staff   template   etc    clear crystal sphere long crystal gaze   clear quartz bring strength clarity intellect   aid concentration memory retention   filter distraction   information provide base individual experience treat medical advice   inadvertent use responsibility   specification reiki crystal product showpiece        cm   crystal   white   general brand reiki crystal product model number crystal hang ball type fengshui material crystal color white dimension weight     g height    cm width    cm depth    cm warranty cover warranty warranty service type box sale package    showpiece,e921fc17a0ed9a58f76d38558deb9337.jpg,"[[255 255 255 ... 255 255 255]
 [255 255 255 ... 255 255 255]
 [255 255 255 ... 255 255 255]
 ...
 [255 255 255 ... 255 255 255]
 [255 255 255 ... 255 255 255]
 [255 255 255 ... 255 255 255]]"
b6c339777814451815fe7950fd4c8536,HomeEdge Solid Wood King Bed,beauty and personal care,key feature homeedge solid wood king bed king bed    x    mattress size    king bed natural polish homeedge solid wood king bed   finish color     natural   price   r          order solidwood bed fine artisan rajasthan   bed perfection   bed handicraft product order manufacturer   sure bed order aware entire product   mattress dimension queen size bed    inch x    inch mattress dimension king bed    inch x    inch   kindly check mattress size order bed     polish slight variation wooden product grain uniform   grain polish look light dark portion   wooden product termite treat go high level quality check pack   specification homeedge solid wood king bed   finish color     natural   installation    demo installation    demo detail installation demo product free cost purchase   service partner visit location     business hour delivery product box    king bed general brand homeedge delivery condition knock storage include style contemporary    modern bed size king upholstery include upholstery type na suitable bedroom   kid room model number bed king     mattress bed type standard finish type matte care instruction wipe clean cloth   water   away direct sunlight important note cancellation allow product     hr order book   warranty cover warranty limit manufacturing defect service type site service   customer need nearby authorized service center   service engineer come site product repair inspect   warranty summary    year company domestic warranty cover warranty normal wear tear warranty dimension weight     kg floor clearance        mm height      mm width       mm depth       mm disclaimer    color product vary slightly compare picture display screen   lighting   pixel quality color setting    check product s dimension ensure product fit desire location     check product fit    view    color product vary slightly compare picture display screen   lighting   pixel quality color setting    check product s dimension ensure product fit desire location     check product fit entrance s   door s   premise    expect unevenness    mm product difference surface floor level    flipkart   seller deliver product   type civil work   drilling hole wall mount product   product assemble case carpentry assembly require    case product appear lack shine   wipe surface cloth help clear surface dust particle material    color upholstery color na primary color brown primary material solid wood secondary material subtype na secondary material na finish color natural primary material subtype rosewood   sheesham   additional feature origin manufacture domestic,b6c339777814451815fe7950fd4c8536.jpg,"[[215 215 216 ... 203 202 201]
 [215 216 216 ... 203 202 202]
 [216 216 216 ... 203 203 202]
 ...
 [120 116 112 ... 133 137 140]
 [124 124 122 ... 131 131 133]
 [128 130 130 ... 134 130 131]]"
ee78c1e94bdc217d1d0eaef5c567417a,Budding Bees Printed Baby Girl's Jumpsuit,baby care,specification bud bee print baby girl s jumpsuit box    jumpsuit jumpsuit detail fabric viscose neck round neck general detail pattern print ideal baby girl s color light blue fabric care wash similar color   use detergent color,ee78c1e94bdc217d1d0eaef5c567417a.jpg,"[[255 255 255 ... 255 255 255]
 [255 255 255 ... 255 255 255]
 [255 255 255 ... 255 255 255]
 ...
 [255 255 255 ... 255 255 255]
 [255 255 255 ... 255 255 255]
 [255 255 255 ... 255 255 255]]"
26269fd0df12630eec4508c2cf3c94e1,"JewelKraft Designs Brown, Pink Table Linen Set",home furnishing,specification jewelkraft design brown   pink table linen set general brand jewelkraft design design code mn style code      color brown   pink box sale package    table mat    napkin,26269fd0df12630eec4508c2cf3c94e1.jpg,"[[255 255 253 ... 217 247 255]
 [255 255 242 ... 191 239 254]
 [255 255 220 ... 150 223 254]
 ...
 [254 251 247 ... 166 212 237]
 [255 255 255 ... 233 248 255]
 [255 255 255 ... 254 255 255]]"
b90046b67cafcedfd363afba5fafc1c7,Baby Bucket SHERIN MULTI BEAR Sleeping Bag,baby care,specification baby bucket sherin multi bear sleeping bag   green   general brand baby bucket space    people model sherin multi bear tog rating      ideal baby boy   baby girl model d baby bucket soft cotton baby boy    baby girl sleep bag color green dimension weight      g height     cm width     cm depth    cm,b90046b67cafcedfd363afba5fafc1c7.jpg,"[[255 255 255 ... 255 255 255]
 [255 255 255 ... 255 255 255]
 [255 255 255 ... 255 255 255]
 ...
 [255 255 255 ... 255 255 255]
 [255 255 255 ... 255 255 255]
 [255 255 255 ... 255 255 255]]"
f8aa59c4a170e8a90ae832b173b2b2d9,NAMS 06 Fully Automatic Pulse Oximeter,beauty and personal care,specification nam     fully automatic pulse oximeter   white   convenience feature auto shut auto shut box sale package oximeter     aa battery   manual power power supply aaa battery battery life     hour warranty cover warranty warranty cover manufacturing defect malfunction device physically damage seal break warranty summary    year limited warranty service type manufacturer warranty cover warranty physical damage   seal broken display reading display pulse strength bar graph   pulse rate display type ole display indicator low battery indicator yes indicator spo    pulse   waveform display general feature type fingertip pulse oximeter ideal operational lead light yes,f8aa59c4a170e8a90ae832b173b2b2d9.jpg,"[[254 254 254 ... 254 254 254]
 [254 254 254 ... 254 254 254]
 [254 254 254 ... 254 254 254]
 ...
 [248 247 246 ... 247 248 250]
 [248 247 246 ... 247 248 250]
 [248 247 246 ... 247 248 250]]"
c6f4475e2385cc16ce83f21f975614b3,Rute Baby Girl's Sleepsuit,baby care,key feature rute baby girl s sleepsuit fabric   cotton brand color   pink rute baby girl s sleepsuit price   rs       rute pink embroidered cotton sleepsuit specification rute baby girl s sleepsuit general detail ideal baby girl s age group          month pattern embroider fabric cotton neck round neck sleeve sleeve bootie yes hood closure snap button number content sale package pack    fabric care wash similar color   use detergent color dimension length box    sleepsuit,c6f4475e2385cc16ce83f21f975614b3.jpg,"[[255 255 255 ... 255 255 255]
 [255 255 255 ... 255 255 255]
 [255 255 255 ... 255 255 255]
 ...
 [255 255 255 ... 255 255 255]
 [255 255 255 ... 255 255 255]
 [255 255 255 ... 255 255 255]]"
2231a6fc63274c46043e353f1728f077,Tidy Printed Cushions Cover,home furnishing,key feature tidy print cushion cover       pure cotton high quality excellent design specification tidy print cushion cover   pack        cm     cm   multicolor   general brand tidy suitable cushion design code rmcc type square material cotton style code rmcc     pattern print color multicolor dimension height     inch       cm width     inch       cm fabric care gentle wash box number content sale package pack    sale package cushion pillow cover,2231a6fc63274c46043e353f1728f077.jpg,"[[255 255 255 ... 255 255 255]
 [255 255 252 ... 255 255 255]
 [255 255 242 ... 255 255 255]
 ...
 [219 184 142 ... 255 255 255]
 [226 200 177 ... 255 255 255]
 [229 213 208 ... 255 255 255]]"
cc24426f00c1cf9ae0bf76e8bd23c336,JBC Collection Cotton Printed Single Bedsheet,home furnishing,key feature jbc collection cotton print single bedsheet single bedsheet pillow cover       pure cottn print bedsheet size       inch specification jbc collection cotton print single bedsheet     bedsheet   multicolor   general brand jbc collection type fit    flat model cotton single bedsheet pillow cover material cotton model d sing        fabric care machine wash   bleach size single color multicolor dimension flat sheet width     inch        cm fit sheet width      cm fit sheet depth    cm fit sheet length      cm flat sheet depth    cm flat sheet length     inch        cm box number content sale package    sale package    bedsheet,cc24426f00c1cf9ae0bf76e8bd23c336.jpg,"[[243 242 241 ... 226 226 226]
 [243 242 241 ... 225 226 226]
 [243 242 241 ... 224 226 227]
 ...
 [154 155 156 ... 193 193 194]
 [161 162 162 ... 193 192 191]
 [166 165 161 ... 193 191 190]]"
d8ef80a8ba345dedc9f944cf21201988,Hako 45W Magsafe Laptop Charger For APPLE MacBook Air 13 MB003JA 45 Adapter,computers,key feature hako    w magsafe laptop charger apple macbook air     mb    ja     adapter design   apple macbook air      mb    ta magsafe hako    w magsafe laptop charger apple macbook air     mb    ja     adapter price   r         hako laptop adapter come high quality certification compatible respective brand   adapter equip protection circuit protect laptop adapter come   year warranty   specification hako    w magsafe laptop charger apple macbook air     mb    ja     adapter general brand hako design apple macbook air      mb    ta magsafe sale package    laptop adapter model apple macbook air      mb    ta magsafe model d    w magsafe laptop charger apple macbook air     mb    ja power power consumption   w      w warranty cover warranty manufacturing defect warranty summary    year warranty warranty service type claim warranty customer need contact seller    guide near service center    service center available area need courier product seller replace product send courier cover warranty physcal damage cover warranty,d8ef80a8ba345dedc9f944cf21201988.jpg,"[[255 255 255 ... 236 255 255]
 [255 255 255 ... 236 255 255]
 [255 255 255 ... 237 255 255]
 ...
 [255 255 255 ... 155 145 135]
 [255 255 255 ... 150 140 130]
 [255 255 255 ... 147 135 126]]"
d7fded8e211b3033e424fb450b97caec,Hako 85W Magsafe Laptop Charger For APPLE MacBook Pro 17 MA897LLA 85 Adapter,computers,key feature hako    w magsafe laptop charger apple macbook pro     ma    lla     adapter design   apple macbook pro      mb    ll magsafe hako    w magsafe laptop charger apple macbook pro     ma    lla     adapter price   r         hako laptop adapter come high quality certification compatible respective brand   adapter equip protection circuit protect laptop adapter come   year warranty   specification hako    w magsafe laptop charger apple macbook pro     ma    lla     adapter general brand hako design apple macbook pro      mb    ll magsafe sale package    laptop adapter model apple macbook pro      mb    ll magsafe model d    w magsafe laptop charger apple macbook pro     ma    lla power power consumption   w      w warranty cover warranty manufacturing defect warranty summary    year warranty warranty service type claim warranty customer need contact seller    guide near service center    service center available area need courier product seller replace product send courier cover warranty physcal damage cover warranty,d7fded8e211b3033e424fb450b97caec.jpg,"[[255 255 232 ... 255 255 255]
 [255 254 226 ... 255 255 255]
 [255 254 220 ... 255 255 255]
 ...
 [150 152 153 ... 255 255 255]
 [170 168 163 ... 255 255 255]
 [193 187 175 ... 255 255 255]]"
8e961e4fd248c9496ca54808d2d2b25f,Hako 60W Magsafe Laptop Charger For APPLE MacBook Pro13 MB990XA 60 Adapter,computers,key feature hako    w magsafe laptop charger apple macbook pro    mb    xa     adapter design   apple macbook pro     mb    x magsafe hako    w magsafe laptop charger apple macbook pro    mb    xa     adapter price   r         hako laptop adapter come high quality certification compatible respective brand   adapter equip protection circuit protect laptop adapter come   year warranty   specification hako    w magsafe laptop charger apple macbook pro    mb    xa     adapter general brand hako design apple macbook pro     mb    x magsafe sale package    laptop adapter model apple macbook pro     mb    x magsafe model d    w magsafe laptop charger apple macbook pro    mb    xa power power consumption   w      w warranty cover warranty manufacturing defect warranty summary    year warranty warranty service type claim warranty customer need contact seller    guide near service center    service center available area need courier product seller replace product send courier cover warranty physcal damage cover warranty,8e961e4fd248c9496ca54808d2d2b25f.jpg,"[[254 239 198 ... 255 255 255]
 [254 233 186 ... 255 255 255]
 [254 227 175 ... 255 255 255]
 ...
 [232 220 207 ... 254 255 255]
 [234 223 212 ... 255 255 255]
 [241 233 225 ... 255 255 255]]"
750f964cf8e6a16412aaf2b0d0350d0a,3kFactory Baby Shower Cap- Purple,baby care,key feature   kfactory baby shower cap   purple easy bathing kid     cap ensure shampoo baby s head worry soap get eye easy   comfortable flexible use   make bath time drama fun   protect baby toddler s eye shampoo water   help baby have hair wash                    material   eva foam    colour   purple                       feature    specification     head circumference    cm   outer diameter     cm   inner   head size   diameter     cm   kfactory baby shower cap   purple price   rs       light weight portable adjustable size manufacture soft material specification   kfactory baby shower cap   purple faq shower cap   shower cap general trait shape round brand   kfactory type baby bath shower cap model baby shower cap   purple ideal baby girl   baby boy model d     number shower cap pack    color purple box    cap,750f964cf8e6a16412aaf2b0d0350d0a.jpg,"[[255 255 255 ... 255 255 255]
 [255 255 255 ... 255 255 255]
 [255 255 255 ... 255 255 255]
 ...
 [255 255 255 ... 255 255 255]
 [255 255 255 ... 255 255 255]
 [255 255 255 ... 255 255 255]]"
49f7763dc9c7ece284a1ae27166f8c6c,Saba Garments Baby Girl's Gathered Dress,baby care,key feature saba garment baby girl s gather dress rainbow sequece pink party wear gaither gown saba garment baby girl s gather dress price   r         tissue net   cancan net   cottion lining   stone work   specification saba garment baby girl s gather dress dimension length maxi length general detail pattern solid ideal baby girl s occasion party dress detail sleeve sleeveless belt include yes number content sale package pack    fabric satin type gather fabric care wash similar color   use detergent color   additional detail detail na,49f7763dc9c7ece284a1ae27166f8c6c.jpg,"[[255 255 255 ... 255 255 255]
 [255 255 255 ... 255 255 255]
 [255 255 255 ... 255 255 255]
 ...
 [255 255 255 ... 255 255 255]
 [255 255 255 ... 255 255 255]
 [255 255 255 ... 255 255 255]]"
95feec21a9d076cff084159d61bf9b8e,"Upside Down Sleeveless Applique Baby Girl's, Baby Boy's Jacket",baby care,specification upside sleeveless applique baby girl s   baby boy s jacket general detail ideal baby girl s   baby boy s pattern applique jacket detail fabric poly cotton reversible hooded closure button sleeve sleeveless line cotton fabric care nt wash garment   hand wash mild detergent nt tumble dry   dry shade   additional detail style code light pink smiley face jacket detail sleeveless box    jacket,95feec21a9d076cff084159d61bf9b8e.jpg,"[[255 255 255 ... 255 255 255]
 [255 255 255 ... 255 255 255]
 [255 255 255 ... 255 255 255]
 ...
 [255 255 252 ... 197 234 254]
 [255 255 255 ... 203 237 254]
 [255 255 255 ... 217 242 255]]"
f0d5e49c1a5aead18d5ff2e8f611de4e,Lushomes Plain Back Cushion,home furnishing,key feature lushome plain cushion available color option packing combination suit décor need   super soft fluffy   uber stylish cushion ordinary extra ordinary   package content     cushion fancy button size      inch x     inch     cm x     cm lushome plain cushion   pack    brown   price   r         elevate living theseuberstylish cushion come coordinate button   multi tone fabric leave guest amazed fantastic design go home décor set   variety color option leave greedy   fill high quality hollow siliconised polyester stitch perfection   available different size pack combination vivify home   vacuum pack   kindly poly bag blow direct air lounge bedroom look fabulous   specification lushome plain cushion   pack    brown   general external material velvet brand lushome type cushion model fancy button fill material polyester fibre model d plbf   p        pillow design cushion button color brown dimension weight      g length     cm width     cm depth    cm box number content sale package    sale package    cushion button,f0d5e49c1a5aead18d5ff2e8f611de4e.jpg,"[[255 224 148 ... 229 255 255]
 [255 213 121 ... 214 254 255]
 [255 213 116 ... 198 253 255]
 ...
 [159 106  45 ... 255 255 255]
 [173 133  92 ... 255 255 255]
 [200 173 145 ... 255 255 255]]"
0b8c4bc35aee94af356cb1fd2dfa0219,Prestige Deluxe Plus 10 L Pressure Cooker,kitchen & dining,buy prestige deluxe plus     l pressure cooker rs       online   prestige deluxe plus     l pressure cooker good price free shipping    cash delivery   genuine product      day replacement guarantee,0b8c4bc35aee94af356cb1fd2dfa0219.jpg,"[[255 255 255 ... 255 255 255]
 [255 255 255 ... 255 255 255]
 [255 255 255 ... 255 255 255]
 ...
 [255 255 255 ... 255 255 255]
 [255 255 255 ... 255 255 255]
 [255 255 255 ... 255 255 255]]"
e6b483fce5fd910afda67d97dc04e775,Bed & Bath Cotton Floral Double Bedsheet,home furnishing,"bed    bath cotton floral double bedsheet     bedsheet     pillow cover   purple   green   beige 
                          price   rs       
				
			 superb quality dat comfortable feelin hilton series   lovely print pure cotton bedsheet surely welcome room summer 
 superb quality dat comfortable feelin hilton series   lovely print pure cotton bedsheet surely welcome room summer",e6b483fce5fd910afda67d97dc04e775.jpg,"[[206 198 174 ... 208 214 216]
 [205 197 173 ... 204 204 204]
 [203 196 173 ... 200 193 191]
 ...
 [185 185 186 ... 219 219 220]
 [192 189 187 ... 214 214 214]
 [195 191 186 ... 213 213 212]]"
7cb1ea7b2257aeeeba701a8f6e3e0127,Milton Opaque Series 630 ml Water Bottle,kitchen & dining,flipkart com   buy milton opaque series      ml water bottle r       flipkart com   genuine product      day replacement guarantee   free shipping   cash delivery,7cb1ea7b2257aeeeba701a8f6e3e0127.jpg,"[[255 255 255 ... 255 255 255]
 [255 255 255 ... 255 255 255]
 [255 255 255 ... 255 255 255]
 ...
 [255 255 255 ... 255 255 255]
 [255 255 255 ... 255 255 255]
 [255 255 255 ... 255 255 255]]"
3b0f02b3acf1825f8bbc1fb3b860dbb8,Milton School 750 ml Water Bottle,kitchen & dining,flipkart com   buy milton school      ml water bottle r       flipkart com   genuine product      day replacement guarantee   free shipping   cash delivery,3b0f02b3acf1825f8bbc1fb3b860dbb8.jpg,"[[255 255 255 ... 255 255 255]
 [255 255 255 ... 255 255 255]
 [255 255 255 ... 255 255 255]
 ...
 [255 255 255 ... 255 255 255]
 [255 255 255 ... 255 255 255]
 [255 255 255 ... 255 255 255]]"
8ec6ee9814a27423e66c3c9ea26f77aa,Scalabedding Cotton Striped King sized Double Bedsheet,home furnishing,buy scalabedde cotton stripe king size double bedsheet rs        flipkart com   genuine product   free shipping   cash delivery,8ec6ee9814a27423e66c3c9ea26f77aa.jpg,"[[35 35 35 ... 35 35 35]
 [35 35 35 ... 35 35 35]
 [35 35 35 ... 35 35 35]
 ...
 [35 35 35 ... 35 35 35]
 [35 35 35 ... 35 35 35]
 [35 35 35 ... 35 35 35]]"
050ea3acb555bf641e7ae9b4f3ba684a,SRP Linen Cotton Plain King sized Double Bedsheet,home furnishing,buy srp linen cotton plain king size double bedsheet rs        flipkart com   genuine product   free shipping   cash delivery,050ea3acb555bf641e7ae9b4f3ba684a.jpg,"[[233 233 233 ... 233 233 233]
 [233 233 233 ... 233 233 233]
 [233 233 233 ... 233 233 233]
 ...
 [233 233 233 ... 233 233 233]
 [233 233 233 ... 233 233 233]
 [233 233 233 ... 233 233 233]]"
650e27dff8f645649353743f64e03f77,HP v220w 16 GB  Pen Drive,computers,specification hp v    w     gb   pen drive   silver   black   general specification interface usb      brand hp capacity   gb      gb model v    w case material metal color silver   black dimension weight      g box    pendrive,650e27dff8f645649353743f64e03f77.jpg,"[[255 255 255 ... 255 255 255]
 [255 255 255 ... 255 255 255]
 [255 255 255 ... 255 255 255]
 ...
 [255 255 247 ... 223 239 249]
 [255 255 252 ... 243 250 253]
 [255 255 255 ... 250 253 255]]"
4e09d5a71d46d61de3d4c9c5aedb73f2,TIGI BED HEAD COLOUR GODDESS OIL INFUSED CONDITIONER,beauty and personal care,key feature tigi bed head colour goddess oil infuse conditioner tigi specification tigi bed head colour goddess oil infuse conditioner       ml   conditioner trait hair condition color hair hair type hair type apply damage repair ideal man   woman general trait brand tigi bed head quantity      ml model colour goddess oil infuse conditioner box    conditioner,4e09d5a71d46d61de3d4c9c5aedb73f2.jpg,"[[255 255 255 ... 255 255 255]
 [255 255 255 ... 255 255 255]
 [255 255 255 ... 255 255 255]
 ...
 [255 255 255 ... 253 254 254]
 [255 255 255 ... 254 254 254]
 [255 255 255 ... 254 254 255]]"
8c62cbbd23958ae380fea906f6b5a994,Beebay Baby Girl's Fit and Flare Dress,baby care,key feature beebay baby girl s fit flare dress coral fit flare beebay baby girl s fit flare dress price   rs       cute schiffli embroidery coral lace dress cotton woven fabric summer   frill button opening easy wear   specification beebay baby girl s fit flare dress dimension length midi knee length general detail pattern embroider ideal baby girl s occasion casual dress detail sleeve sleeveless belt include number content sale package pack    fabric       cotton type fit flare fabric care machine wash,8c62cbbd23958ae380fea906f6b5a994.jpg,"[[255 255 255 ... 255 255 255]
 [255 255 255 ... 255 255 255]
 [255 255 255 ... 255 255 255]
 ...
 [255 255 255 ... 255 255 255]
 [255 255 255 ... 255 255 255]
 [255 255 255 ... 255 255 255]]"
3b80ac036843b278083fabfd9a3c84ff,vatika Advance Standard Idli Maker,kitchen & dining,key feature vatika advance standard idli maker    plate vatika advance standard idli maker     plate       idli    price   r       enjoy clean hygienic cooking experience morning standard idli    dhokla maker vatika   masala idlis   chinese idli rava idli   cook variety idli idli maker cook dhokla   construct high quality   aluminum   cookware ensure long last durability   idli maker come    idli cooker     plate     idli block      patra plate     dhokla plate specification vatika advance standard idli maker     plate       idli    general brand vatika model number       type standard material alluminium model advance number plate    number cavity          color silver box    idli pot    plate idli    plate khaman dhokla    plate steam,3b80ac036843b278083fabfd9a3c84ff.jpg,"[[255 255 255 ... 255 255 255]
 [255 255 255 ... 255 255 255]
 [255 255 255 ... 255 255 255]
 ...
 [255 255 255 ... 255 255 255]
 [255 255 255 ... 255 255 255]
 [255 255 255 ... 255 255 255]]"
994f1d8ade16b9fddce3c127eb7f38ed,Amit Carpet Polyester Medium Door Mat ACI20160340,home furnishing,key feature amit carpet polyester medium door mat aci          anti slip back good water absorber color fade washable amit carpet polyester medium door mat aci           pink     mat   price   rs       tufting process create textile   especially carpet   specialized multi needle sewing machine   needle stitch hundred row pile yarn tuft backing fabric call primary backing   needle push yarn primary backing fabric   loop hold yarn place form tuft needle remove   yarn catch looper hold place loop pile carpet cut blade cut pile carpet     secondary backing type apply render variety performance property   specification amit carpet polyester medium door mat aci           pink     mat   general brand amit carpet type door model aci          model d         color pink size medium mat feature bacteria resistant yes material polyester water resistant yes dimension weight      g length     inch       cm width     inch       cm depth    cm box number content sale package    sale package    mat,994f1d8ade16b9fddce3c127eb7f38ed.jpg,"[[255 255 255 ... 255 255 255]
 [255 255 255 ... 255 255 255]
 [255 255 255 ... 255 255 255]
 ...
 [255 255 255 ... 255 255 255]
 [255 255 255 ... 255 255 255]
 [255 255 255 ... 255 255 255]]"
17582ae953860b5320683768b8e97d3a,Garnier Nutrisse Haircolor Hair Color,beauty and personal care,garnier nutrisse haircolor hair color      dark golden brown cocoa bean   price   rs         double nourise avocado oil   rich   long last color   nourish avocado conditioner        gray coverage   immediately color hair     day   specification garnier nutrisse haircolor hair color      dark golden brown cocoa bean   general trait quantity      ideal woman container type tube color     dark golden brown cocoa bean box    colorant     cream developer    conditioner,17582ae953860b5320683768b8e97d3a.jpg,"[[253 253 254 ... 255 255 255]
 [254 254 254 ... 255 255 255]
 [254 254 254 ... 255 255 255]
 ...
 [241 231 217 ... 254 254 254]
 [241 231 217 ... 254 254 254]
 [241 232 218 ... 254 254 254]]"
c063d07d78a55a21bf6c0e7c8ae46a6d,Fs Mini Klub Baby Girl's Fit and Flare Dress,baby care,key feature fs mini klub baby girl s fit flare dress multi fit flare specification fs mini klub baby girl s fit flare dress dimension length midi knee length general detail pattern print occasion casual ideal baby girl s dress detail sleeve sleeveless number content sale package pack    fabric       cotton type fit flare fabric care wash similar color,c063d07d78a55a21bf6c0e7c8ae46a6d.jpg,"[[255 255 255 ... 255 255 255]
 [255 255 255 ... 255 255 255]
 [255 255 255 ... 255 255 255]
 ...
 [255 255 255 ... 255 255 255]
 [255 255 255 ... 255 255 255]
 [255 255 255 ... 255 255 255]]"
da2ce8d17a17f9d19b368434aedea5e9,"Chokree Baby Girl's, Girl's A-line Dress",baby care,key feature chokree baby girl s   girl s line dress pink line specification chokree baby girl s   girl s line dress dimension length maxi length general detail ideal baby girl s   girl s occasion party dress detail fabric synthetic type line,da2ce8d17a17f9d19b368434aedea5e9.jpg,"[[255 255 255 ... 255 255 255]
 [255 255 255 ... 255 255 255]
 [255 255 255 ... 255 255 255]
 ...
 [255 255 255 ... 255 255 255]
 [255 255 255 ... 255 255 255]
 [255 255 255 ... 255 255 255]]"
3bc98543c7dd0d8fce5b8185b4a58c43,"Shaun Printed Baby Boy's Yellow, Grey, Black Track Pants",baby care,key feature shaun print baby boy s yellow   grey   black track pant yellow   grey   black cotton specification shaun print baby boy s yellow   grey   black track pant track pant detail number content sale package pack    fabric cotton pocket    pocket general detail pattern print ideal baby boy s box    track pant additional detail style code     btp yx k fabric care gentle machine wash lukewarm water   bleach,3bc98543c7dd0d8fce5b8185b4a58c43.jpg,"[[255 255 255 ... 255 255 255]
 [255 255 255 ... 255 255 255]
 [255 255 255 ... 255 255 255]
 ...
 [216 211 186 ... 255 255 255]
 [255 254 242 ... 255 255 255]
 [255 255 255 ... 255 255 255]]"
0bff0eda7a6677dc1acb0477a1f7a121,"Shaun Solid Baby Boy's Grey, Dark Blue Track Pants",baby care,specification shaun solid baby boy s grey   dark blue track pant track pant detail number content sale package pack    fabric cotton pocket    pocket general detail pattern solid ideal baby boy s box    track pant additional detail style code     btp xn fabric care gentle machine wash lukewarm water   bleach,0bff0eda7a6677dc1acb0477a1f7a121.jpg,"[[144  88  30 ... 251 255 255]
 [172 115  44 ... 251 255 255]
 [227 172  76 ... 252 255 255]
 ...
 [255 255 255 ... 255 255 255]
 [255 255 255 ... 255 255 255]
 [255 255 255 ... 255 255 255]]"
948699ab8c947ce56c256f9cf7996761,Tks Cotton Hair Towel,baby care,key feature tks cotton hair towel size   medium height      inch gsm      usage   daily use specification tks cotton hair towel     hair towel   orange   bath towel feature machine washable yes material cotton design check general brand tks type hair towel gsm     model hair care ideal woman   girl model d dsco      color orange size medium dimension length     inch width     inch box sale package    hair towel,948699ab8c947ce56c256f9cf7996761.jpg,"[[255 255 255 ... 255 255 255]
 [255 255 255 ... 255 255 255]
 [255 255 255 ... 255 255 255]
 ...
 [255 255 255 ... 255 255 255]
 [255 255 255 ... 255 255 255]
 [255 255 255 ... 255 255 255]]"
0b852704f2002f8865a68818ad4951da,Ocean CPGW087,kitchen & dining,key feature ocean cpgw     pack    multipurpose ocean cpgw          ml   clear   pack     price   rs       ocean glassware asia s lead glassware manufacturer   prime focus clear good quality soda lime base glassware   new retail gift pack represent unique refreshing image ocean glassware   target meet gifting need enhance customer satisfaction   happiness pleasure use ocean product wining   dining socializing   establish        industrial diversification ocean insurance group   ocean glass public company limit manufacture glassware international standard inception   ocean glass asia s lead glass tableware manufacturer   provide extensive range quality glassware service aspect business   retail food service decorate glassware   specification ocean cpgw          ml   clear   pack     box pack    general brand ocean model number cpgw     type glass set color clear capacity      ml body    design feature glass type multipurpose material glass,0b852704f2002f8865a68818ad4951da.jpg,"[[253 253 253 ... 253 253 253]
 [253 253 253 ... 253 253 253]
 [253 253 253 ... 253 253 253]
 ...
 [253 253 253 ... 253 253 253]
 [253 253 253 ... 253 253 253]
 [253 253 253 ... 253 253 253]]"
9b9fc81808086cfd1ce5a2b46e2f9926,OGX Sunkissed Blonde Lemon Highlights Conditioner,beauty and personal care,specification ogx sunkisse blonde lemon highlight conditioner       ml   conditioner trait hair condition normal hair hair type hair type apply hair shine ideal woman   man general trait brand ogx quantity      ml model sunkisse blonde lemon highlight conditioner box    conditioner,9b9fc81808086cfd1ce5a2b46e2f9926.jpg,"[[255 255 255 ... 255 255 255]
 [255 255 255 ... 255 255 255]
 [255 255 255 ... 255 255 255]
 ...
 [255 255 255 ... 255 255 255]
 [255 255 255 ... 255 255 255]
 [255 255 255 ... 255 255 255]]"
10ad262ebfdc8614e847d36e6fe9ecf9,giftsthatwow GTW-G-04,kitchen & dining,specification giftsthatwow gtw g          ml   white   pack     general brand giftsthatwow model number gtw g     type glass capacity      ml color white body    design feature material glass glass type multipurpose box pack  ,10ad262ebfdc8614e847d36e6fe9ecf9.jpg,"[[234 235 237 ... 237 236 235]
 [234 235 237 ... 237 236 236]
 [235 235 237 ... 237 236 236]
 ...
 [200 201 203 ... 233 232 232]
 [198 199 201 ... 232 231 230]
 [197 198 200 ... 232 230 229]]"
dea88a5f46d5fc19236651e6b3e0b3fa,giftsthatwow GTW-G-06,kitchen & dining,key feature giftsthatwow gtw g     pack    multipurpose giftsthatwow gtw g          ml   white   pack     price   rs       classic glass royal people specification giftsthatwow gtw g          ml   white   pack     general brand giftsthatwow model number gtw g     type glass capacity      ml color white body    design feature material glass glass type multipurpose box pack  ,dea88a5f46d5fc19236651e6b3e0b3fa.jpg,"[[205 205 207 ... 199 197 196]
 [205 205 207 ... 200 197 197]
 [206 207 208 ... 201 199 198]
 ...
 [156 155 156 ... 195 193 193]
 [154 152 153 ... 192 190 190]
 [153 151 152 ... 191 189 188]]"
ba9f3a5ab1517a644322d856a7d25946,Allin Exporters Fennel Oil (Co2 Extract),beauty and personal care,key feature allin exporter fennel oil   co   extract   ideal   man   woman application area   skin type   combination skin organic type   organic allin exporter fennel oil   co   extract       ml   price   rs       obtain method supercritical fluid co   extraction process seed fennel plant   fennel oil extract bear sweet   spicy   woody aroma   ancient time   consider symbol courage   longevity   strength   oil extract ideal get relief condition upset stomach     use oil extract skin help deeply cleanse order provide healthy looking radiant skin   specification allin exporter fennel oil   co   extract       ml   box essential oil body    essential oil trait ideal man   woman application area organic yes organic type organic general trait brand allin exporter skin type combination skin container type bottle quantity     ml model fennel oil   co   extract,ba9f3a5ab1517a644322d856a7d25946.jpg,"[[255 255 255 ... 255 255 255]
 [255 255 255 ... 255 255 255]
 [255 255 255 ... 255 255 255]
 ...
 [250 248 245 ... 255 255 255]
 [250 248 245 ... 255 255 255]
 [250 248 245 ... 255 255 255]]"
0f4f761de4224b004402c1f97e871ba4,Art n Beyond 150013,kitchen & dining,key feature art n         elegant design art n              ml   clear   pack     price   rs       thin tall stylish glass   set    purpose specification art n              ml   clear   pack     box sale package    beverage glass pack    general brand art n model number         type glass set color clear capacity      ml suitable cocktail   water   juice   iced tea   mocktail body    design feature glass type multipurpose material glass additional feature disposable dishwasher safe break resistant heat resistant dimension width      cm height       cm diameter      cm weight       g,0f4f761de4224b004402c1f97e871ba4.jpg,"[[255 255 255 ... 231 222 218]
 [255 255 255 ... 233 219 210]
 [255 255 255 ... 236 216 203]
 ...
 [255 255 255 ... 255 255 255]
 [255 255 255 ... 255 255 255]
 [255 255 255 ... 255 255 255]]"
1c0fdd598671f6f4e10b21435d766cf3,Allin Exporters Cumin Seed Oil (Co2 Extract),beauty and personal care,key feature allin exporter cumin seed oil   co   extract   ideal   man   woman application area   skin type   combination skin organic type   organic allin exporter cumin seed oil   co   extract        ml   price   r         cumin seed oil extract obtain dry seed cumin plant   botanically know cuminum cyminum   method co   extraction method   regard good oil use joint muscle provided utmost level relaxation   use oil extract massage oil dilution carrier oil help provide soothing feel mind   particular   cumin seed oil extract blend perfectly chamomile   angelica   lavender   rosemary   caraway   carrier essential oil   specification allin exporter cumin seed oil   co   extract        ml   box essential oil body    essential oil trait ideal man   woman application area organic yes organic type organic general trait brand allin exporter skin type combination skin container type bottle quantity      ml model cumin seed oil   co   extract,1c0fdd598671f6f4e10b21435d766cf3.jpg,"[[255 255 255 ... 255 255 255]
 [255 255 255 ... 255 255 255]
 [255 255 255 ... 255 255 255]
 ...
 [255 255 255 ... 255 255 255]
 [255 255 255 ... 255 255 255]
 [255 255 255 ... 255 255 255]]"
bd14484c68d8a2992a6fecad36bd9f37,"Cotonex Black, White Cotton Kitchen Linen Set",home furnishing,cotonex black   white cotton kitchen linen set   pack     price   rs       review cotonex       pure cotton glove specification cotonex black   white cotton kitchen linen set   pack     general brand cotonex design code kls     material cotton style code       kls     pattern checker design check design color black   white dimension weight      g additional feature fabric care machine washable   dry clean   bleach box number content sale package pack    sale package    glove,bd14484c68d8a2992a6fecad36bd9f37.jpg,"[[255 255 255 ... 255 255 255]
 [255 255 255 ... 255 255 255]
 [255 255 255 ... 255 255 255]
 ...
 [255 255 255 ... 255 255 255]
 [255 255 255 ... 255 255 255]
 [255 255 255 ... 255 255 255]]"
721c1b67f86176f741d43cae1d1c7e93,"Cotonex Blue, White Cotton Kitchen Linen Set",home furnishing,cotonex blue   white cotton kitchen linen set   pack     price   rs       review cotonex       pure cotton glove specification cotonex blue   white cotton kitchen linen set   pack     general brand cotonex design code kls     material cotton style code       kls     pattern checker design check design color blue   white dimension weight      g additional feature fabric care machine washable   dry clean   bleach box number content sale package pack    sale package    glove,721c1b67f86176f741d43cae1d1c7e93.jpg,"[[255 255 255 ... 255 255 255]
 [255 255 255 ... 255 255 255]
 [255 255 255 ... 255 255 255]
 ...
 [255 255 233 ... 255 255 255]
 [255 255 248 ... 255 255 255]
 [255 255 255 ... 255 255 255]]"
a0133654f3911e47f021da4e49d42926,"Cotonex Yellow, Green Cotton Kitchen Linen Set",home furnishing,cotonex yellow   green cotton kitchen linen set   pack     price   rs       review cotonex       pure cotton glove specification cotonex yellow   green cotton kitchen linen set   pack     general brand cotonex design code kls     material cotton pattern print style code       kls     color yellow   green design apple design dimension weight      box number content sale package pack    sale package    glove additional feature fabric care machine washable   dry clean   bleach,a0133654f3911e47f021da4e49d42926.jpg,"[[255 255 255 ... 255 255 255]
 [255 255 255 ... 255 255 255]
 [255 255 255 ... 255 255 255]
 ...
 [255 255 255 ... 177 188 199]
 [255 255 255 ... 204 216 226]
 [255 255 255 ... 225 234 241]]"
209bf06a732416f1ce5147a8b0524808,Lapguard Toshiba Satellite Pro A200 6 Cell Laptop Battery,computers,"lapguard toshiba satellite pro       cell laptop battery 
                          price   rs       
				
			 product compatible mentioned model number lapguard replacement battery high grade cell high quality part   lapguard brand replacement battery      percent comparable original battery term include size   appearance important quality   lapguard laptop battery pass strict quality control procedure include filtration safety testing voltage   capacity battery core   body    battery pass necessary authentication certification like ce   rohs etc   leave factory   rest assure quality   durability performance   note image indicative   actual product label vary   battery   model print label   case doubt   request raise company s customer support 
 product compatible mentioned model number lapguard replacement battery high grade cell high quality part   lapguard brand replacement battery      percent comparable original battery term include size   appearance important quality   lapguard laptop battery pass strict quality control procedure include filtration safety testing voltage   capacity battery core   body    battery pass necessary authentication certification like ce   rohs etc   leave factory   rest assure quality   durability performance   note image indicative   actual product label vary   battery   model print label   case doubt   request raise company s customer support",209bf06a732416f1ce5147a8b0524808.jpg,"[[255 255 255 ... 252 252 253]
 [255 255 255 ... 252 252 252]
 [255 255 255 ... 252 252 252]
 ...
 [255 255 255 ... 255 255 255]
 [255 255 255 ... 255 255 255]
 [255 255 255 ... 255 255 255]]"
88ca277594f22bb7494f2d0bbc51f8ba,HP Pavilion DV7t-6100 Series 6 Cell Laptop Battery,computers,buy hp pavilion dv t       series    cell laptop battery r       flipkart com   genuine product      day replacement guarantee   free shipping   cash delivery,88ca277594f22bb7494f2d0bbc51f8ba.jpg,"[[255 255 255 ... 255 255 255]
 [255 255 255 ... 255 255 255]
 [255 255 255 ... 255 255 255]
 ...
 [255 255 255 ... 255 255 255]
 [255 255 255 ... 255 255 255]
 [255 255 255 ... 255 255 255]]"
9f9bb0ef3bb8af571bcfbfa1a22150bd,Lapguard HP Pavilion DV7-6000 Series 6 Cell Laptop Battery,computers,buy lapguard hp pavilion dv        series    cell laptop battery r       flipkart com   genuine product      day replacement guarantee   free shipping   cash delivery,9f9bb0ef3bb8af571bcfbfa1a22150bd.jpg,"[[255 255 255 ... 255 255 255]
 [255 255 255 ... 255 255 255]
 [255 255 255 ... 255 255 255]
 ...
 [255 255 255 ... 255 255 255]
 [255 255 255 ... 255 255 255]
 [255 255 255 ... 255 255 255]]"
a76bf8400b3dbcdbe5a5678f4a8ea0f6,ARB HP Pavilion dv5t-1000 Replacement 6 Cell Laptop Battery,computers,buy arb hp pavilion dv t       replacement    cell laptop battery r        flipkart com   genuine product      day replacement guarantee   free shipping   cash delivery,a76bf8400b3dbcdbe5a5678f4a8ea0f6.jpg,"[[255 255 255 ... 255 255 255]
 [255 255 255 ... 255 255 255]
 [255 255 255 ... 255 255 255]
 ...
 [255 255 255 ... 255 255 255]
 [255 255 255 ... 255 255 255]
 [255 255 255 ... 255 255 255]]"
a863d956964ed41b7c90f5138dc69db5,4D Lenovo IdeaPad Y430g 6 Cell Laptop Battery,computers,buy   d lenovo ideapad y    g    cell laptop battery r        flipkart com   genuine product      day replacement guarantee   free shipping   cash delivery,a863d956964ed41b7c90f5138dc69db5.jpg,"[[255 255 255 ... 255 255 255]
 [255 255 255 ... 255 255 255]
 [255 255 255 ... 255 255 255]
 ...
 [255 255 255 ... 243 255 255]
 [255 255 255 ... 255 255 255]
 [255 255 255 ... 255 255 255]]"
bb18279e9885136f1dbc8676d4af94e3,Clublaptop Lenovo L08O6C02 6 Cell Laptop Battery,computers,"clublaptop lenovo l   o c      cell laptop battery 
                          price   rs       
				
			 clublaptop   cl   hi life replacement battery high grade cell high quality part   clublaptop brand replacement battery      percent comparable original battery term include size   appearance important quality   cl laptop battery pass strict quality control procedure include filtration safety testing voltage   capacity battery core   body    battery pass necessary authentication certification like ce   rohs etc   leave factory   rest assure quality   durability performance   carry laptop work   play watch movie long hour plug   clublaptop iso            iso             certify company offer high quality laptop accessory component warranty   note image indicative   actual product label vary   battery model print label 
 clublaptop   cl   hi life replacement battery high grade cell high quality part   clublaptop brand replacement battery      percent comparable original battery term include size   appearance important quality   cl laptop battery pass strict quality control procedure include filtration safety testing voltage   capacity battery core   body    battery pass necessary authentication certification like ce   rohs etc   leave factory   rest assure quality   durability performance   carry laptop work   play watch movie long hour plug   clublaptop iso            iso             certify company offer high quality laptop accessory component warranty   note image indicative   actual product label vary   battery model print label",bb18279e9885136f1dbc8676d4af94e3.jpg,"[[255 255 255 ... 255 255 255]
 [255 255 255 ... 255 255 255]
 [255 255 255 ... 255 255 255]
 ...
 [255 255 255 ... 255 255 255]
 [255 255 255 ... 255 255 255]
 [255 255 255 ... 255 255 255]]"
44b963eb856b4831dfdd21b666593c95,Lapguard Lenovo IdeaPad V470 6 Cell Laptop Battery,computers,"lapguard lenovo ideapad v       cell laptop battery 
                          price   rs       
				
			 product compatible mentioned model number lapguard replacement battery high grade cell high quality part   lapguard brand replacement battery      percent comparable original battery term include size   appearance important quality   lapguard laptop battery pass strict quality control procedure include filtration safety testing voltage   capacity battery core   body    battery pass necessary authentication certification like ce   rohs etc   leave factory   rest assure quality   durability performance   note image indicative   actual product label vary   battery   model print label 
 product compatible mentioned model number lapguard replacement battery high grade cell high quality part   lapguard brand replacement battery      percent comparable original battery term include size   appearance important quality   lapguard laptop battery pass strict quality control procedure include filtration safety testing voltage   capacity battery core   body    battery pass necessary authentication certification like ce   rohs etc   leave factory   rest assure quality   durability performance   note image indicative   actual product label vary   battery   model print label",44b963eb856b4831dfdd21b666593c95.jpg,"[[255 255 255 ... 255 255 255]
 [255 255 255 ... 255 255 255]
 [255 255 255 ... 255 255 255]
 ...
 [255 255 255 ... 255 255 255]
 [255 255 255 ... 255 255 255]
 [255 255 255 ... 255 255 255]]"
77f659d4d18381c991fb9210e05d9c1b,HP Pavilion DV6-2070eo 6 Cell Laptop Battery,computers,buy hp pavilion dv       eo    cell laptop battery r       flipkart com   genuine product      day replacement guarantee   free shipping   cash delivery,77f659d4d18381c991fb9210e05d9c1b.jpg,"[[253 253 253 ... 253 253 253]
 [253 253 253 ... 253 253 253]
 [253 253 253 ... 253 253 253]
 ...
 [253 253 253 ... 253 253 253]
 [253 253 253 ... 253 253 253]
 [253 253 253 ... 253 253 253]]"
98659fb98a4fe903f21f5c315adbaede,Lapguard Dell U661H Compatible Black 6 Cell Laptop Battery,computers,buy lapguard dell u    h compatible black    cell laptop battery r        flipkart com   genuine product      day replacement guarantee   free shipping   cash delivery,98659fb98a4fe903f21f5c315adbaede.jpg,"[[255 255 255 ... 255 255 255]
 [255 255 255 ... 255 255 255]
 [255 255 255 ... 255 255 255]
 ...
 [255 255 255 ... 255 255 255]
 [255 255 255 ... 255 255 255]
 [255 255 255 ... 255 255 255]]"
0d02f4703fde00645704e15bba23e77d,Rega IT Hp Pavilion DV6-6080SF DV6-6081EI 12 Cell 12 Cell Laptop Battery,computers,buy rega hp pavilion dv       sf dv       ei     cell     cell laptop battery r        flipkart com   genuine product      day replacement guarantee   free shipping   cash delivery,0d02f4703fde00645704e15bba23e77d.jpg,"[[255 255 255 ... 255 255 255]
 [255 255 255 ... 255 255 255]
 [255 255 255 ... 255 255 255]
 ...
 [255 255 255 ... 255 255 255]
 [255 255 254 ... 255 254 254]
 [255 255 254 ... 255 254 254]]"
5a5bb03499009f35759258263fc834a3,Lapguard HP Pavilion DV4129EA Compatible Black 6 Cell Laptop Battery,computers,buy lapguard hp pavilion dv     ea compatible black    cell laptop battery r        flipkart com   genuine product      day replacement guarantee   free shipping   cash delivery,5a5bb03499009f35759258263fc834a3.jpg,"[[255 255 255 ... 255 255 255]
 [255 255 255 ... 255 255 255]
 [255 255 255 ... 255 255 255]
 ...
 [251 248 245 ... 255 255 255]
 [253 250 246 ... 255 255 255]
 [254 251 247 ... 255 255 255]]"
9a8fa4fd6524ada03411b033a9daadc1,HP Compaq Presario CQ43 6 Cell Laptop Battery,computers,buy hp compaq presario cq      cell laptop battery r       flipkart com   genuine product      day replacement guarantee   free shipping   cash delivery,9a8fa4fd6524ada03411b033a9daadc1.jpg,"[[255 255 255 ... 255 255 255]
 [255 255 255 ... 255 255 255]
 [255 255 255 ... 255 255 255]
 ...
 [255 255 255 ... 255 255 255]
 [255 255 255 ... 255 255 255]
 [255 255 255 ... 255 255 255]]"
964648862f322b2cc153239af04b22ef,ARB Toshiba Dynabook SS MX/395LS Compatible Black 6 Cell Laptop Battery,computers,buy arb toshiba dynabook ss mx     l compatible black    cell laptop battery r        flipkart com   genuine product      day replacement guarantee   free shipping   cash delivery,964648862f322b2cc153239af04b22ef.jpg,"[[255 255 255 ... 253 253 253]
 [255 255 255 ... 253 253 253]
 [255 255 255 ... 253 253 253]
 ...
 [254 254 253 ... 255 255 255]
 [255 255 254 ... 255 255 255]
 [255 255 254 ... 255 255 255]]"
a8e2698d5bd4347f8136c86104ae03e3,Rega IT Hp Pavilion DV6170EA DV6171CL 12 Cell 12 Cell Laptop Battery,computers,buy rega hp pavilion dv     ea dv     cl     cell     cell laptop battery r        flipkart com   genuine product      day replacement guarantee   free shipping   cash delivery,a8e2698d5bd4347f8136c86104ae03e3.jpg,"[[255 255 255 ... 255 255 255]
 [255 255 255 ... 255 255 255]
 [255 255 255 ... 255 255 255]
 ...
 [255 255 255 ... 255 255 255]
 [255 255 255 ... 255 255 255]
 [255 255 255 ... 255 255 255]]"
dfecd0265b899cb36fbb1fddc6f861a4,Lapguard Acer Aspire 4741G-5464G50Mn Replacement 6 Cell Laptop Battery,computers,buy lapguard acer aspire      g      g   mn replacement    cell laptop battery r        flipkart com   genuine product      day replacement guarantee   free shipping   cash delivery,dfecd0265b899cb36fbb1fddc6f861a4.jpg,"[[255 255 255 ... 255 255 255]
 [255 255 255 ... 255 255 255]
 [255 255 255 ... 255 255 255]
 ...
 [255 255 255 ... 255 255 255]
 [255 255 255 ... 255 255 255]
 [255 255 255 ... 255 255 255]]"
a124d6e4c30b00918c594289266a383c,Sonata Gold Plated GOLDP Analog Watch  - For Men,watches,sonata gold plate goldp analog watch     man    buy sonata gold plate goldp analog watch     man   gold plate online rs      india flipkart com     great discount   genuine product      day replacement guarantee   free shipping   cash delivery,a124d6e4c30b00918c594289266a383c.jpg,"[[255 255 255 ... 255 255 255]
 [255 255 255 ... 255 255 255]
 [255 255 255 ... 255 255 255]
 ...
 [255 255 255 ... 255 255 255]
 [255 255 255 ... 255 255 255]
 [255 255 255 ... 255 255 255]]"
40efb9474b44fba54b5d2a8df121d727,Sonata 7007YL08 Watch,watches,sonata      yl    watch    buy sonata      yl    watch       yl    online rs      india flipkart com     great discount   genuine product      day replacement guarantee   free shipping   cash delivery,40efb9474b44fba54b5d2a8df121d727.jpg,"[[255 255 255 ... 255 255 255]
 [255 255 255 ... 255 255 255]
 [255 255 255 ... 255 255 255]
 ...
 [255 255 255 ... 255 255 255]
 [255 255 255 ... 255 255 255]
 [255 255 255 ... 255 255 255]]"
087e83a2406dc98d941b8555356da477,Sonata 7016YM04 Watch,watches,sonata      ym    watch    buy sonata      ym    watch       ym    online rs      india flipkart com     great discount   genuine product      day replacement guarantee   free shipping   cash delivery,087e83a2406dc98d941b8555356da477.jpg,"[[255 255 255 ... 255 255 255]
 [255 255 255 ... 255 255 255]
 [255 255 255 ... 255 255 255]
 ...
 [255 255 255 ... 255 255 255]
 [255 255 255 ... 255 255 255]
 [255 255 255 ... 255 255 255]]"
75015382e469d36e397c5b47ea613314,Times 284TMS284 Party-Wedding Analog Watch  - For Women,watches,time     tms     party wedding analog watch     woman    buy time     tms     party wedding analog watch     woman      tms     online rs      india flipkart com     great discount   genuine product      day replacement guarantee   free shipping   cash delivery,75015382e469d36e397c5b47ea613314.jpg,"[[255 255 255 ... 255 255 255]
 [255 255 255 ... 255 255 255]
 [255 255 255 ... 255 255 255]
 ...
 [255 255 255 ... 255 255 255]
 [255 255 255 ... 255 255 255]
 [255 255 255 ... 255 255 255]]"
11502f02601ff063bf7db0a618354652,"Times Times_51 Party-Wedding Analog Watch  - For Women, Girls",watches,"times time     party wedding analog watch     woman   girl 
                          price   rs     
				
			 time wedding analog pink dial woman s watch 
 time wedding analog pink dial woman s watch",11502f02601ff063bf7db0a618354652.jpg,"[[255 255 255 ... 255 255 255]
 [255 255 255 ... 255 255 255]
 [255 255 255 ... 255 255 255]
 ...
 [255 255 255 ... 255 255 255]
 [255 255 255 ... 255 255 255]
 [255 255 255 ... 255 255 255]]"
d5d6c94b78fb0875b2894d44e7c46312,Maxima 03918CMLY Analog Watch  - For Women,watches,maxima       cmly analog watch     woman    buy maxima       cmly analog watch     woman        cmly online rs      india flipkart com   stainless steel case   water resistant   deployment clasp   golden strap   round dial    great discount   genuine product      day replacement guarantee   free shipping   cash delivery,d5d6c94b78fb0875b2894d44e7c46312.jpg,"[[255 255 255 ... 255 255 255]
 [255 255 255 ... 255 255 255]
 [255 255 255 ... 255 255 255]
 ...
 [255 255 255 ... 255 255 255]
 [255 255 255 ... 255 255 255]
 [255 255 255 ... 255 255 255]]"
6776795cc4521a0cb0d54059649f7d72,Nexus NX_7668 Analog Watch  - For Men,watches,nexus nx       analog watch     man    buy nexus nx       analog watch     man   nx       online rs      india flipkart com     great discount   genuine product      day replacement guarantee   free shipping   cash delivery,6776795cc4521a0cb0d54059649f7d72.jpg,"[[255 255 255 ... 255 255 255]
 [255 255 255 ... 255 255 255]
 [255 255 255 ... 255 255 255]
 ...
 [255 255 255 ... 255 255 255]
 [255 255 255 ... 255 255 255]
 [255 255 255 ... 255 255 255]]"
2e474c49a7dfe704c35cf3990740daa3,Sonata 8959YL01 Yuva Gold Analog Watch  - For Women,watches,sonata      yl    yuva gold analog watch     woman    buy sonata      yl    yuva gold analog watch     woman       yl    online rs      india flipkart com   round dial   white teal strap   water resistant    great discount   genuine product      day replacement guarantee   free shipping   cash delivery,2e474c49a7dfe704c35cf3990740daa3.jpg,"[[255 255 255 ... 255 255 255]
 [255 255 255 ... 255 255 255]
 [255 255 255 ... 255 255 255]
 ...
 [255 255 255 ... 255 255 255]
 [255 255 255 ... 255 255 255]
 [255 255 255 ... 255 255 255]]"
71ff6abd7764f2a42fcbefc11429be2d,Maxima 01433CMGY Gold Analog Watch  - For Men,watches,maxima       cmgy gold analog watch     man    buy maxima       cmgy gold analog watch     man        cmgy online rs      india flipkart com   water resistant   brass case   golden strap   round dial    great discount   genuine product      day replacement guarantee   free shipping   cash delivery,71ff6abd7764f2a42fcbefc11429be2d.jpg,"[[255 255 255 ... 255 255 255]
 [255 255 255 ... 255 255 255]
 [255 255 255 ... 255 255 255]
 ...
 [255 255 255 ... 255 255 255]
 [255 255 255 ... 255 255 255]
 [255 255 255 ... 255 255 255]]"
c36ea960a14f164ee0f39ad6beb3796a,Sonata 77036SM02J Watch,watches,sonata       sm   j watch    buy sonata       sm   j watch        sm   j online rs      india flipkart com     great discount   genuine product      day replacement guarantee   free shipping   cash delivery,c36ea960a14f164ee0f39ad6beb3796a.jpg,"[[255 255 255 ... 255 255 255]
 [255 255 255 ... 255 255 255]
 [255 255 255 ... 255 255 255]
 ...
 [255 255 255 ... 255 255 255]
 [255 255 255 ... 255 255 255]
 [255 255 255 ... 255 255 255]]"
cd089e2ef349a7f00dcdbf28965914f6,Lapguard HP Pavilion dv5-1008ax 6 Cell Laptop Battery,computers,buy lapguard hp pavilion dv       ax    cell laptop battery r       flipkart com   genuine product      day replacement guarantee   free shipping   cash delivery,cd089e2ef349a7f00dcdbf28965914f6.jpg,"[[255 255 253 ... 255 255 255]
 [255 255 254 ... 255 255 255]
 [255 255 254 ... 255 255 255]
 ...
 [255 255 253 ... 255 255 255]
 [255 255 254 ... 255 255 255]
 [255 255 254 ... 255 255 255]]"
8284c10b2890ed53e17de5cfc33cdb96,Maxima 24990LMLI Swarovski Analog Watch  - For Women,watches,maxima       lmli swarovski analog watch     woman    buy maxima       lmli swarovski analog watch     woman        lmli online rs      india flipkart com   round dial   buckle clasp   water resistant   black strap    great discount   genuine product      day replacement guarantee   free shipping   cash delivery,8284c10b2890ed53e17de5cfc33cdb96.jpg,"[[255 255 255 ... 255 255 255]
 [255 255 255 ... 255 255 255]
 [255 255 255 ... 255 255 255]
 ...
 [255 255 255 ... 255 255 255]
 [255 255 255 ... 255 255 255]
 [255 255 255 ... 255 255 255]]"
8ccc970bf4c55e9b2710d5319161c357,Rega IT Gateway MD7822 MD-7822 MD7822U 6 Cell Laptop Battery,computers,buy rega gateway md      md       md     u    cell laptop battery r        flipkart com   genuine product      day replacement guarantee   free shipping   cash delivery,8ccc970bf4c55e9b2710d5319161c357.jpg,"[[255 255 255 ... 255 255 255]
 [255 255 255 ... 255 255 255]
 [255 255 255 ... 255 255 255]
 ...
 [255 255 255 ... 255 255 255]
 [255 255 255 ... 255 255 255]
 [255 255 255 ... 255 255 255]]"
2580f7559802e4e5e3695fda6cbfc317,Rega IT Hp Pavilion DV2535TX DV2536TX 12 Cell 12 Cell Laptop Battery,computers,"rega hp pavilion dv     tx dv     tx     cell     cell laptop battery 
                          price   rs       
				
			 rega replacement     cell   extend   laptop battery hp pavilion dv     tx dv     tx laptop high quality part rega replacement battery confirm specification similar guarantee meet exceed laptop s minimum requirement   battery pass necessary authentication certification like ce   rohs etc   leave factory   rest assure quality   durability performance   sure select correct battery old battery specification   compare old battery power rating e   volt   v    capacity   mah     cell 
 rega replacement     cell   extend   laptop battery hp pavilion dv     tx dv     tx laptop high quality part rega replacement battery confirm specification similar guarantee meet exceed laptop s minimum requirement   battery pass necessary authentication certification like ce   rohs etc   leave factory   rest assure quality   durability performance   sure select correct battery old battery specification   compare old battery power rating e   volt   v    capacity   mah     cell",2580f7559802e4e5e3695fda6cbfc317.jpg,"[[255 255 255 ... 255 255 255]
 [255 255 255 ... 255 255 255]
 [255 255 255 ... 255 255 255]
 ...
 [255 255 255 ... 255 255 255]
 [255 255 255 ... 255 255 255]
 [255 255 255 ... 255 255 255]]"
379ebeb2ad76333ab67afe292688512d,Lapguard HP Pavilion dv5-1015nr 6 Cell Laptop Battery,computers,buy lapguard hp pavilion dv       nr    cell laptop battery r       flipkart com   genuine product      day replacement guarantee   free shipping   cash delivery,379ebeb2ad76333ab67afe292688512d.jpg,"[[255 255 253 ... 255 255 255]
 [255 255 254 ... 255 255 255]
 [255 255 254 ... 255 255 255]
 ...
 [255 255 253 ... 255 255 255]
 [255 255 254 ... 255 255 255]
 [255 255 254 ... 255 255 255]]"
8fc61e0dae2460bc6e8f152283d20173,Maxima 17321CMLY Gold Analog Watch  - For Women,watches,maxima       cmly gold analog watch     woman    buy maxima       cmly gold analog watch     woman        cmly online rs      india flipkart com   golden strap   water resistant   round dial   brass case   deployment clasp    great discount   genuine product      day replacement guarantee   free shipping   cash delivery,8fc61e0dae2460bc6e8f152283d20173.jpg,"[[255 255 255 ... 255 255 255]
 [255 255 255 ... 255 255 255]
 [255 255 255 ... 255 255 255]
 ...
 [255 255 255 ... 255 255 255]
 [255 255 255 ... 255 255 255]
 [255 255 255 ... 255 255 255]]"
88650de379b6ecb085ecb3c2e6b42d4c,Logues LGSWATCHES760SL Analog Watch  - For Women,watches,logues lgswatche    sl analog watch     woman    buy logues lgswatches    sl analog watch     woman   lgswatche    sl online rs      india flipkart com     great discount   genuine product      day replacement guarantee   free shipping   cash delivery,88650de379b6ecb085ecb3c2e6b42d4c.jpg,"[[255 255 255 ... 255 255 255]
 [255 255 255 ... 255 255 255]
 [255 255 255 ... 255 255 255]
 ...
 [255 255 255 ... 255 255 255]
 [255 255 255 ... 255 255 255]
 [255 255 255 ... 255 255 255]]"
9dc48a756ba86bbf6934ec6ddf9da03d,Lapguard HP Pavilion dv5-1014tx 6 Cell Laptop Battery,computers,buy lapguard hp pavilion dv       tx    cell laptop battery r       flipkart com   genuine product      day replacement guarantee   free shipping   cash delivery,9dc48a756ba86bbf6934ec6ddf9da03d.jpg,"[[255 255 253 ... 255 255 255]
 [255 255 254 ... 255 255 255]
 [255 255 254 ... 255 255 255]
 ...
 [255 255 253 ... 255 255 255]
 [255 255 254 ... 255 255 255]
 [255 255 254 ... 255 255 255]]"
4e57e21d903b752a6b5aa496a43f1590,Lapguard HP Pavilion dv5-1020el 6 Cell Laptop Battery,computers,"lapguard hp pavilion dv       el    cell laptop battery 
                          price   rs       
				
			 lapguard replacement battery high grade cell high quality part   lapguard brand replacement battery      percent comparable original battery term include size   appearance important quality   lapguard laptop battery pass strict quality control procedure include filtration safety testing voltage   capacity battery core   body    battery pass necessary authentication certification like ce   rohs etc   leave factory   rest assure quality   durability performance 
 lapguard replacement battery high grade cell high quality part   lapguard brand replacement battery      percent comparable original battery term include size   appearance important quality   lapguard laptop battery pass strict quality control procedure include filtration safety testing voltage   capacity battery core   body    battery pass necessary authentication certification like ce   rohs etc   leave factory   rest assure quality   durability performance",4e57e21d903b752a6b5aa496a43f1590.jpg,"[[255 255 253 ... 255 255 255]
 [255 255 254 ... 255 255 255]
 [255 255 254 ... 255 255 255]
 ...
 [255 255 253 ... 255 255 255]
 [255 255 254 ... 255 255 255]
 [255 255 254 ... 255 255 255]]"
93f01d6cd167fa549928a9b649f87ccc,Global Nomad GNLBBL0314 Analog Watch  - For Men,watches,global nomad gnlbbl      analog watch     man    buy global nomad gnlbbl      analog watch     man   gnlbbl      online rs      india flipkart com   round dial   black strap   water resistant   stainless steel case   buckle clasp    great discount   genuine product      day replacement guarantee   free shipping   cash delivery,93f01d6cd167fa549928a9b649f87ccc.jpg,"[[255 255 255 ... 255 255 255]
 [255 255 255 ... 255 255 255]
 [255 255 255 ... 255 255 255]
 ...
 [255 255 255 ... 255 255 255]
 [255 255 255 ... 255 255 255]
 [255 255 255 ... 255 255 255]]"
c9531b92270ef77516d5b5b7ba2568e9,Maxima 04615CMGY Gold Analog Watch  - For Men,watches,maxima       cmgy gold analog watch     man    buy maxima       cmgy gold analog watch     man        cmgy online rs      india flipkart com   round dial   golden strap   brass case   water resistant    great discount   genuine product      day replacement guarantee   free shipping   cash delivery,c9531b92270ef77516d5b5b7ba2568e9.jpg,"[[255 255 255 ... 255 255 255]
 [255 255 255 ... 255 255 255]
 [255 255 255 ... 255 255 255]
 ...
 [255 255 255 ... 255 255 255]
 [255 255 255 ... 255 255 255]
 [255 255 255 ... 255 255 255]]"
9823c07cc256788556e424307f5ae9b6,"Noise NOSWW032 I M Famous Analog Watch  - For Women, Men",watches,noise nosww     m famous analog watch     woman   man    buy noise nosww     m famous analog watch     woman   man   nosww     online rs      india flipkart com   buckle clasp   round dial   sky blue strap    great discount   genuine product      day replacement guarantee   free shipping   cash delivery,9823c07cc256788556e424307f5ae9b6.jpg,"[[255 255 255 ... 255 255 255]
 [255 255 255 ... 255 255 255]
 [255 255 255 ... 255 255 255]
 ...
 [255 255 255 ... 255 255 255]
 [255 255 255 ... 255 255 255]
 [255 255 255 ... 255 255 255]]"
d77279c8268e231b685cdbaf299e83f2,Sonata 7016YM09 Watch,watches,sonata      ym    watch    buy sonata      ym    watch       ym    online rs      india flipkart com     great discount   genuine product      day replacement guarantee   free shipping   cash delivery,d77279c8268e231b685cdbaf299e83f2.jpg,"[[255 255 255 ... 255 255 255]
 [255 255 255 ... 255 255 255]
 [255 255 255 ... 255 255 255]
 ...
 [255 255 255 ... 255 255 255]
 [255 255 255 ... 255 255 255]
 [255 255 255 ... 255 255 255]]"
86b358a265312c139e5714e663daff05,Sonata 87001SL01 Analog Watch  - For Women,watches,sonata       sl    analog watch     woman    buy sonata       sl    analog watch     woman        sl    online rs      india flipkart com   contemporary dial   white strap   water resistant    great discount   genuine product      day replacement guarantee   free shipping   cash delivery,86b358a265312c139e5714e663daff05.jpg,"[[255 255 255 ... 255 255 255]
 [255 255 255 ... 255 255 255]
 [255 255 255 ... 255 255 255]
 ...
 [255 255 255 ... 255 255 255]
 [255 255 255 ... 255 255 255]
 [255 255 255 ... 255 255 255]]"
c0a7134d52d4aa3eb5874aef112f809f,Maxima 23952LMLI Swarovski Analog Watch  - For Women,watches,maxima       lmli swarovski analog watch     woman    buy maxima       lmli swarovski analog watch     woman        lmli online rs      india flipkart com   rectangular dial   buckle clasp   pink strap   brass case   water resistant    great discount   genuine product      day replacement guarantee   free shipping   cash delivery,c0a7134d52d4aa3eb5874aef112f809f.jpg,"[[255 255 255 ... 255 255 255]
 [255 255 255 ... 255 255 255]
 [255 255 255 ... 255 255 255]
 ...
 [255 255 255 ... 255 255 255]
 [255 255 255 ... 255 255 255]
 [255 255 255 ... 255 255 255]]"
dbcaa93cc0542079e9c88db51ec23676,Maxima 21131CPGI Mac Attivo Analog Watch  - For Men,watches,maxima       cpgi mac attivo analog watch     man    buy maxima       cpgi mac attivo analog watch     man        cpgi online rs      india flipkart com   water resistant   rectangle dial   silver strap    great discount   genuine product      day replacement guarantee   free shipping   cash delivery,dbcaa93cc0542079e9c88db51ec23676.jpg,"[[255 255 255 ... 255 255 255]
 [255 255 255 ... 255 255 255]
 [255 255 255 ... 255 255 255]
 ...
 [255 255 255 ... 254 254 254]
 [255 255 255 ... 254 254 254]
 [255 255 255 ... 254 254 254]]"
b64149a8a9235f5199c6d8225d5dc602,Maxima 29923LPGY Analog Watch  - For Men,watches,maxima       lpgy analog watch     man    buy maxima       lpgy analog watch     man        lpgy online rs      india flipkart com   stainless steel case   brown strap   water resistant   buckle clasp   round dial    great discount   genuine product      day replacement guarantee   free shipping   cash delivery,b64149a8a9235f5199c6d8225d5dc602.jpg,"[[255 255 255 ... 255 255 255]
 [255 255 255 ... 255 255 255]
 [255 255 255 ... 255 255 255]
 ...
 [255 255 255 ... 255 255 255]
 [255 255 255 ... 255 255 255]
 [255 255 255 ... 255 255 255]]"
66b75f053cb7626f49f1a9bffe77b451,Maxima 20981LMGI Attivo Analog Watch  - For Men,watches,maxima       lmgi attivo analog watch     man    buy maxima       lmgi attivo analog watch     man        lmgi online rs      india flipkart com   round dial   buckle clasp   black strap   brass case   water resistant    great discount   genuine product      day replacement guarantee   free shipping   cash delivery,66b75f053cb7626f49f1a9bffe77b451.jpg,"[[255 255 255 ... 255 255 255]
 [255 255 255 ... 255 255 255]
 [255 255 255 ... 255 255 255]
 ...
 [255 255 255 ... 255 255 255]
 [255 255 255 ... 255 255 255]
 [255 255 255 ... 255 255 255]]"
c7d81193e868b50355412ced7a67f8f3,Maxima 24742LMGY Gold Analog Watch  - For Men,watches,maxima       lmgy gold analog watch     man    buy maxima       lmgy gold analog watch     man        lmgy online rs      india flipkart com   black strap   water resistant   round dial    great discount   genuine product      day replacement guarantee   free shipping   cash delivery,c7d81193e868b50355412ced7a67f8f3.jpg,"[[255 255 255 ... 255 255 255]
 [255 255 255 ... 255 255 255]
 [255 255 255 ... 255 255 255]
 ...
 [255 255 255 ... 255 255 255]
 [255 255 255 ... 255 255 255]
 [255 255 255 ... 255 255 255]]"
8d1abb3504a19ab41e7d8b8b1d5dd839,Maxima 09321CMGY Gold Analog Watch  - For Men,watches,maxima       cmgy gold analog watch     man    buy maxima       cmgy gold analog watch     man        cmgy online rs      india flipkart com   tonneau dial   golden strap   water resistant   brass case    great discount   genuine product      day replacement guarantee   free shipping   cash delivery,8d1abb3504a19ab41e7d8b8b1d5dd839.jpg,"[[255 255 255 ... 255 255 255]
 [255 255 255 ... 255 255 255]
 [255 255 255 ... 255 255 255]
 ...
 [255 255 255 ... 255 255 255]
 [255 255 255 ... 255 255 255]
 [255 255 255 ... 255 255 255]]"
797d10fe966b3aa35933669c3425525b,"Noise NOSWW001 Analog Watch  - For Men, Women",watches,noise nosww     analog watch     man   woman    buy noise nosww     analog watch     man   woman   nosww     online rs      india flipkart com   round dial   blue strap   water resistant    great discount   genuine product      day replacement guarantee   free shipping   cash delivery,797d10fe966b3aa35933669c3425525b.jpg,"[[255 255 255 ... 255 255 255]
 [255 255 255 ... 255 255 255]
 [255 255 255 ... 255 255 255]
 ...
 [255 255 255 ... 255 255 255]
 [255 255 255 ... 255 255 255]
 [255 255 255 ... 255 255 255]]"
d21409978f5e404b53f89e444f7893fe,SF by Sonata 7991PP02 Ocean Digital Watch  - For Men,watches,sf sonata      pp    ocean digital watch     man    buy sf sonata      pp    ocean digital watch     man       pp    online rs      india flipkart com   water resistant   round dial   black strap    great discount   genuine product      day replacement guarantee   free shipping   cash delivery,d21409978f5e404b53f89e444f7893fe.jpg,"[[255 255 255 ... 255 255 255]
 [255 255 255 ... 255 255 255]
 [255 255 255 ... 255 255 255]
 ...
 [255 255 255 ... 255 255 255]
 [255 255 255 ... 255 255 255]
 [255 255 255 ... 255 255 255]]"
9059227d71995f88a1f48ff63830f716,Fluid FU203-GR01 Analog-Digital Watch  - For Men,watches,fluid fu     gr    analog digital watch     man    buy fluid fu     gr    analog digital watch     man   fu     gr    online rs      india flipkart com   rectangular dial   green strap   water resistant    great discount   genuine product      day replacement guarantee   free shipping   cash delivery,9059227d71995f88a1f48ff63830f716.jpg,"[[255 255 255 ... 255 255 255]
 [255 255 255 ... 255 255 255]
 [255 255 255 ... 255 255 255]
 ...
 [255 255 255 ... 255 255 255]
 [255 255 255 ... 255 255 255]
 [255 255 255 ... 255 255 255]]"
41ae5a7304f3dc1dc8bc2dfc7765ae4d,Maxima 06362CMGY Gold Analog Watch  - For Men,watches,maxima       cmgy gold analog watch     man    buy maxima       cmgy gold analog watch     man        cmgy online rs      india flipkart com   water resistant   round dial   deployment clasp   golden strap    great discount   genuine product      day replacement guarantee   free shipping   cash delivery,41ae5a7304f3dc1dc8bc2dfc7765ae4d.jpg,"[[255 255 255 ... 255 255 255]
 [255 255 255 ... 255 255 255]
 [255 255 255 ... 255 255 255]
 ...
 [255 255 255 ... 255 255 255]
 [255 255 255 ... 255 255 255]
 [255 255 255 ... 255 255 255]]"
4a4ccd1ac291cfc8b3894e691a1c0f7a,Sonata 8944SL03 Analog Watch  - For Women,watches,sonata      sl    analog watch     woman    buy sonata      sl    analog watch     woman       sl    online rs      india flipkart com   round dial   buckle clasp   pink strap   water resistant   stainless steel case    great discount   genuine product      day replacement guarantee   free shipping   cash delivery,4a4ccd1ac291cfc8b3894e691a1c0f7a.jpg,"[[255 255 255 ... 255 255 255]
 [255 255 255 ... 255 255 255]
 [255 255 255 ... 255 255 255]
 ...
 [255 255 255 ... 255 255 255]
 [255 255 255 ... 255 255 255]
 [255 255 255 ... 255 255 255]]"
c8c7385b1b9589f009aa836f0590e646,Times 317TMS317 Party-Wedding Analog Watch  - For Men,watches,time     tms     party wedding analog watch     man    buy time     tms     party wedding analog watch     man      tms     online rs      india flipkart com     great discount   genuine product      day replacement guarantee   free shipping   cash delivery,c8c7385b1b9589f009aa836f0590e646.jpg,"[[255 255 255 ... 255 255 255]
 [255 255 255 ... 255 255 255]
 [255 255 255 ... 255 255 255]
 ...
 [255 255 255 ... 255 255 255]
 [255 255 255 ... 255 255 255]
 [255 255 255 ... 255 255 255]]"
1e15dbd9f59a8b2001f91d18ddc84b5a,Maxima 12011PPGW Analog Watch  - For Men,watches,maxima       ppgw analog watch     man    buy maxima       ppgw analog watch     man        ppgw online r      india flipkart com   round dial   black strap   stainless steel case   buckle clasp   water resistant    great discount   genuine product      day replacement guarantee   free shipping   cash delivery,1e15dbd9f59a8b2001f91d18ddc84b5a.jpg,"[[255 255 255 ... 255 255 255]
 [255 255 255 ... 255 255 255]
 [255 255 255 ... 255 255 255]
 ...
 [255 255 255 ... 255 255 255]
 [255 255 255 ... 255 255 255]
 [255 255 255 ... 255 255 255]]"
b4e829e38d69d299a923abf8d11ac18d,Times 333TMS333 Party-Wedding Analog Watch  - For Women,watches,time     tms     party wedding analog watch     woman    buy time     tms     party wedding analog watch     woman      tms     online rs      india flipkart com     great discount   genuine product      day replacement guarantee   free shipping   cash delivery,b4e829e38d69d299a923abf8d11ac18d.jpg,"[[255 255 255 ... 255 255 255]
 [255 255 255 ... 255 255 255]
 [255 255 255 ... 255 255 255]
 ...
 [255 255 255 ... 255 255 255]
 [255 255 255 ... 255 255 255]
 [255 255 255 ... 255 255 255]]"
64247967cbf6cd8bb2e243ac53aa5928,HMT HMTWHQ Analog Watch  - For Men,watches,hmt hmtwhq analog watch     man    buy hmt hmtwhq analog watch     man   hmtwhq online rs      india flipkart com     great discount   genuine product      day replacement guarantee   free shipping   cash delivery,64247967cbf6cd8bb2e243ac53aa5928.jpg,"[[255 255 255 ... 255 255 255]
 [255 255 255 ... 255 255 255]
 [255 255 255 ... 255 255 255]
 ...
 [255 255 255 ... 255 255 255]
 [255 255 255 ... 255 255 255]
 [255 255 255 ... 255 255 255]]"
5db6bd89da44841c1a5b686e67137704,Sonata 1141YM22 Analog Watch  - For Men,watches,sonata      ym    analog watch     man    buy sonata      ym    analog watch     man       ym    online rs      india flipkart com   round dial   water resistant   golden strap   deployment clasp    great discount   genuine product      day replacement guarantee   free shipping   cash delivery,5db6bd89da44841c1a5b686e67137704.jpg,"[[255 255 255 ... 255 255 255]
 [255 255 255 ... 255 255 255]
 [255 255 255 ... 255 255 255]
 ...
 [255 255 255 ... 255 255 255]
 [255 255 255 ... 255 255 255]
 [255 255 255 ... 255 255 255]]"
4019ad332ca3ce22449ff54fdd49a273,Timewel 1100-N1685 Analog Watch  - For Men,watches,timewel       n      analog watch     man    buy timewel       n      analog watch     man        n      online rs      india flipkart com     great discount   genuine product      day replacement guarantee   free shipping   cash delivery,4019ad332ca3ce22449ff54fdd49a273.jpg,"[[255 255 255 ... 255 255 255]
 [255 255 255 ... 255 255 255]
 [255 255 255 ... 255 255 255]
 ...
 [255 255 255 ... 255 255 255]
 [255 255 255 ... 255 255 255]
 [255 255 255 ... 255 255 255]]"
b19c9174113c2b9288157e14c48a8250,Maxima 24864LMGY Analog Watch  - For Men,watches,maxima       lmgy analog watch     man    buy maxima       lmgy analog watch     man        lmgy online rs      india flipkart com   water resistant   stainless steel case   buckle clasp   black strap   round dial    great discount   genuine product      day replacement guarantee   free shipping   cash delivery,b19c9174113c2b9288157e14c48a8250.jpg,"[[255 255 255 ... 255 255 255]
 [255 255 255 ... 255 255 255]
 [255 255 255 ... 255 255 255]
 ...
 [255 255 255 ... 255 255 255]
 [255 255 255 ... 255 255 255]
 [255 255 255 ... 255 255 255]]"
2b278ad355318a87c336285689d214f0,Times 280TMS280 Party-Wedding Analog Watch  - For Women,watches,time     tms     party wedding analog watch     woman    buy time     tms     party wedding analog watch     woman      tms     online rs      india flipkart com     great discount   genuine product      day replacement guarantee   free shipping   cash delivery,2b278ad355318a87c336285689d214f0.jpg,"[[255 255 255 ... 255 255 255]
 [255 255 255 ... 255 255 255]
 [255 255 255 ... 255 255 255]
 ...
 [255 255 255 ... 255 255 255]
 [255 255 255 ... 255 255 255]
 [255 255 255 ... 255 255 255]]"
f242a2cf1525f7700770cf1262b4b660,Maxima 01784BMLY Gold Analog Watch  - For Women,watches,maxima       bmly gold analog watch     woman    buy maxima       bmly gold analog watch     woman        bmly online rs      india flipkart com   golden strap   brass case   oval dial   water resistant    great discount   genuine product      day replacement guarantee   free shipping   cash delivery,f242a2cf1525f7700770cf1262b4b660.jpg,"[[255 255 255 ... 255 255 255]
 [255 255 255 ... 255 255 255]
 [255 255 255 ... 255 255 255]
 ...
 [255 255 255 ... 255 255 255]
 [255 255 255 ... 255 255 255]
 [255 255 255 ... 255 255 255]]"
3864ab10ef7006452fef45513de8f868,Sonata 7092SL01 Yuva Analog Watch  - For Men,watches,sonata      sl    yuva analog watch     man    buy sonata      sl    yuva analog watch     man       sl    online rs      india flipkart com   contemporary dial   black strap   stainless steel case   water resistant   buckle clasp    great discount   genuine product      day replacement guarantee   free shipping   cash delivery,3864ab10ef7006452fef45513de8f868.jpg,"[[255 255 255 ... 255 255 255]
 [255 255 255 ... 255 255 255]
 [255 255 255 ... 255 255 255]
 ...
 [255 255 255 ... 255 255 255]
 [255 255 255 ... 255 255 255]
 [255 255 255 ... 255 255 255]]"
052559ede419996737893eb47568ee7f,Maxima 26512PPGN FIBER COLLECTION Analog Watch  - For Men,watches,maxima       ppgn fiber collection analog watch     man    buy maxima       ppgn fiber collection analog watch     man        ppgn online rs      india flipkart com   round dial   black strap   stainless steel case   water resistant   buckle clasp    great discount   genuine product      day replacement guarantee   free shipping   cash delivery,052559ede419996737893eb47568ee7f.jpg,"[[255 255 255 ... 255 255 255]
 [255 255 255 ... 255 255 255]
 [255 255 255 ... 255 255 255]
 ...
 [255 255 255 ... 255 255 255]
 [255 255 255 ... 255 255 255]
 [255 255 255 ... 255 255 255]]"
19a570b6717955a8c48e5f280617ef24,Times 109B0109 Sports Analog Watch  - For Boys,watches,time     b      sport analog watch     boy    buy time     b      sport analog watch     boy      b      online rs      india flipkart com     great discount   genuine product      day replacement guarantee   free shipping   cash delivery,19a570b6717955a8c48e5f280617ef24.jpg,"[[255 255 255 ... 255 255 255]
 [255 255 255 ... 255 255 255]
 [255 255 255 ... 255 255 255]
 ...
 [255 255 255 ... 255 255 255]
 [255 255 255 ... 255 255 255]
 [255 255 255 ... 255 255 255]]"
54749618b728306f9b3dc518dec315ee,Petrol PCWBL68 Analog Watch  - For Men,watches,petrol pcwbl    analog watch     man    buy petrol pcwbl    analog watch     man   pcwbl    online rs      india flipkart com   round dial   black strap   water resistant   stainless steel case    great discount   genuine product      day replacement guarantee   free shipping   cash delivery,54749618b728306f9b3dc518dec315ee.jpg,"[[255 255 255 ... 255 255 255]
 [255 255 255 ... 255 255 255]
 [255 255 255 ... 255 255 255]
 ...
 [255 255 255 ... 255 255 255]
 [255 255 255 ... 255 255 255]
 [255 255 255 ... 255 255 255]]"
3fa21f35257649e1513ca4ce22c6a68c,Maxima 01741LPLN Analog Watch  - For Women,watches,maxima       lpln analog watch     woman    buy maxima       lpln analog watch     woman        lpln online rs      india flipkart com   buckle clasp   oval dial   black strap   water resistant    great discount   genuine product      day replacement guarantee   free shipping   cash delivery,3fa21f35257649e1513ca4ce22c6a68c.jpg,"[[255 255 255 ... 255 255 255]
 [255 255 255 ... 255 255 255]
 [255 255 255 ... 255 255 255]
 ...
 [255 255 255 ... 255 255 255]
 [255 255 255 ... 255 255 255]
 [255 255 255 ... 255 255 255]]"
d98fac46793639eceaaa2e74cadd4973,Sonata 7052YM07 Watch,watches,sonata      ym    watch    buy sonata      ym    watch       ym    online rs      india flipkart com     great discount   genuine product      day replacement guarantee   free shipping   cash delivery,d98fac46793639eceaaa2e74cadd4973.jpg,"[[255 255 255 ... 255 255 255]
 [255 255 255 ... 255 255 255]
 [255 255 255 ... 255 255 255]
 ...
 [255 255 255 ... 255 255 255]
 [255 255 255 ... 255 255 255]
 [255 255 255 ... 255 255 255]]"
894904e26516d491bf1c7711fe800e78,"Only Kidz 20600 Digital Watch  - For Boys, Girls",watches,kidz        digital watch     boy   girl    buy kidz        digital watch     boy   girl         online rs      india flipkart com   round dial   buckle clasp   blue red strap    great discount   genuine product      day replacement guarantee   free shipping   cash delivery,894904e26516d491bf1c7711fe800e78.jpg,"[[255 255 255 ... 255 255 255]
 [255 255 255 ... 255 255 255]
 [255 255 255 ... 255 255 255]
 ...
 [255 255 255 ... 255 255 255]
 [255 255 255 ... 255 255 255]
 [255 255 255 ... 255 255 255]]"
5f8ebf77ba4064b68ea23a41cda71d97,"Kool Kidz DMK-011-PK 01 Analog Watch  - For Boys, Girls",watches,kool kidz dmk      pk     analog watch     boy   girl    buy kool kidz dmk      pk     analog watch     boy   girl   dmk      pk     online rs      india flipkart com   multi color strap   round dial   metal case    great discount   genuine product      day replacement guarantee   free shipping   cash delivery,5f8ebf77ba4064b68ea23a41cda71d97.jpg,"[[255 255 255 ... 255 255 255]
 [255 255 255 ... 255 255 255]
 [255 255 255 ... 255 255 255]
 ...
 [255 255 255 ... 255 255 255]
 [255 255 255 ... 255 255 255]
 [255 255 255 ... 255 255 255]]"
797bb7813ec0bbc99e8b6f1b32c32e52,Maxima 19431CMGY Gold Analog Watch  - For Men,watches,maxima       cmgy gold analog watch     man    buy maxima       cmgy gold analog watch     man        cmgy online rs      india flipkart com   golden strap   brass case   round dial   water resistant    great discount   genuine product      day replacement guarantee   free shipping   cash delivery,797bb7813ec0bbc99e8b6f1b32c32e52.jpg,"[[255 255 255 ... 255 255 255]
 [255 255 255 ... 255 255 255]
 [255 255 255 ... 255 255 255]
 ...
 [255 255 255 ... 255 255 255]
 [255 255 255 ... 255 255 255]
 [255 255 255 ... 255 255 255]]"
987e13b445c34bfedb9796d2bb78d593,Maxima 01727LPLN Mac Gold Analog Watch  - For Women,watches,maxima       lpln mac gold analog watch     woman    buy maxima       lpln mac gold analog watch     woman        lpln online rs      india flipkart com   plastic case   brass bezel   buckle clasp   water resistant   oval dial   black strap    great discount   genuine product      day replacement guarantee   free shipping   cash delivery,987e13b445c34bfedb9796d2bb78d593.jpg,"[[255 255 255 ... 255 255 255]
 [255 255 255 ... 255 255 255]
 [255 255 255 ... 255 255 255]
 ...
 [255 255 255 ... 255 255 255]
 [255 255 255 ... 255 255 255]
 [255 255 255 ... 255 255 255]]"
2541b59d54a3a9f2681c0049f7ddd85c,Timewel 1100-N145 Analog Watch  - For Men,watches,timewel       n     analog watch     man    buy timewel       n     analog watch     man        n     online rs      india flipkart com     great discount   genuine product      day replacement guarantee   free shipping   cash delivery,2541b59d54a3a9f2681c0049f7ddd85c.jpg,"[[255 255 255 ... 255 255 255]
 [255 255 255 ... 255 255 255]
 [255 255 255 ... 255 255 254]
 ...
 [255 255 255 ... 255 255 255]
 [255 255 255 ... 255 255 255]
 [255 255 255 ... 255 255 255]]"
8a15fa23b8c39ac1c7eaac94cbbe6fc6,HMT S3648 Analog Watch  - For Men,watches,hmt s      analog watch     man    buy hmt s      analog watch     man   s      online rs      india flipkart com   round dial   brown strap   stainless steel case   water resistant   buckle clasp    great discount   genuine product      day replacement guarantee   free shipping   cash delivery,8a15fa23b8c39ac1c7eaac94cbbe6fc6.jpg,"[[255 255 255 ... 255 255 255]
 [255 255 255 ... 255 255 255]
 [255 255 255 ... 255 255 255]
 ...
 [255 255 255 ... 255 255 255]
 [255 255 255 ... 255 255 255]
 [255 255 255 ... 255 255 255]]"
321f2ab0dd243778c87ac63ace6639f4,Sonata 8098YM01 Analog Watch  - For Women,watches,sonata      ym    analog watch     woman    buy sonata      ym    analog watch     woman       ym    online rs       india flipkart com   water resistant   round dial   stainless steel case   deployment clasp   golden strap    great discount   genuine product      day replacement guarantee   free shipping   cash delivery,321f2ab0dd243778c87ac63ace6639f4.jpg,"[[255 255 255 ... 255 255 255]
 [255 255 255 ... 255 255 255]
 [255 255 255 ... 255 255 255]
 ...
 [255 255 255 ... 255 255 255]
 [255 255 255 ... 255 255 255]
 [255 255 255 ... 255 255 255]]"
d98147c96d2eebf723b2b67d791bcdaa,Timewel 1100-N2017 Analog Watch  - For Women,watches,timewel       n      analog watch     woman    buy timewel       n      analog watch     woman        n      online rs      india flipkart com     great discount   genuine product      day replacement guarantee   free shipping   cash delivery,d98147c96d2eebf723b2b67d791bcdaa.jpg,"[[255 255 255 ... 255 255 255]
 [255 255 255 ... 255 255 255]
 [255 255 255 ... 255 255 255]
 ...
 [255 255 255 ... 255 255 255]
 [255 255 255 ... 255 255 255]
 [255 255 255 ... 255 255 255]]"
f2aaeda52ac1f77c2886af013fded02b,Olvin 1697 SM05 Analog Watch  - For Women,watches,olvin       sm    analog watch     woman    buy olvin       sm    analog watch     woman        sm    online rs      india flipkart com     great discount   genuine product      day replacement guarantee   free shipping   cash delivery,f2aaeda52ac1f77c2886af013fded02b.jpg,"[[255 255 255 ... 255 255 255]
 [255 255 255 ... 255 255 255]
 [255 255 255 ... 255 255 255]
 ...
 [255 255 255 ... 255 255 255]
 [255 255 255 ... 255 255 255]
 [255 255 255 ... 255 255 255]]"
235410c63d373e2fe141c129de2f624f,Sonata 8974PP01 Analog Watch  - For Women,watches,sonata      pp    analog watch     woman    buy sonata      pp    analog watch     woman       pp    online rs      india flipkart com   contemporary dial   white strap   water resistant    great discount   genuine product      day replacement guarantee   free shipping   cash delivery,235410c63d373e2fe141c129de2f624f.jpg,"[[255 255 255 ... 255 255 255]
 [255 255 255 ... 255 255 255]
 [255 255 255 ... 255 255 255]
 ...
 [255 255 255 ... 255 255 255]
 [255 255 255 ... 255 255 255]
 [255 255 255 ... 255 255 255]]"
b144a363c107c7bdd91f32d6e28ba6f2,Timewel 1100-N1192 Analog Watch  - For Men,watches,timewel       n      analog watch     man    buy timewel       n      analog watch     man        n      online rs      india flipkart com     great discount   genuine product      day replacement guarantee   free shipping   cash delivery,b144a363c107c7bdd91f32d6e28ba6f2.jpg,"[[255 255 255 ... 255 255 255]
 [255 255 255 ... 255 255 255]
 [255 255 255 ... 255 255 255]
 ...
 [255 255 255 ... 255 255 255]
 [255 255 255 ... 255 255 255]
 [255 255 255 ... 255 255 255]]"
51c9062e6538c787b14a75a6a7cb7fb3,Sonata 7007SL02 Analog Watch  - For Men,watches,sonata      sl    analog watch     man    buy sonata      sl    analog watch     man       sl    online rs      india flipkart com   rectangular dial   black strap   water resistant   buckle clasp    great discount   genuine product      day replacement guarantee   free shipping   cash delivery,51c9062e6538c787b14a75a6a7cb7fb3.jpg,"[[255 255 255 ... 255 255 255]
 [255 255 255 ... 255 255 255]
 [255 255 255 ... 255 255 255]
 ...
 [255 255 255 ... 255 255 255]
 [255 255 255 ... 255 255 255]
 [255 255 255 ... 255 255 255]]"
9d2d833bf63095902417c2a35f72432a,Timewel 1100-N1639 Analog Watch  - For Women,watches,timewel       n      analog watch     woman    buy timewel       n      analog watch     woman        n      online rs      india flipkart com     great discount   genuine product      day replacement guarantee   free shipping   cash delivery,9d2d833bf63095902417c2a35f72432a.jpg,"[[255 255 255 ... 255 255 255]
 [255 255 255 ... 255 255 255]
 [255 255 255 ... 255 255 255]
 ...
 [255 255 255 ... 255 255 255]
 [255 255 255 ... 255 255 255]
 [255 255 255 ... 255 255 255]]"
1fcff864d6e397e1424d5366e6c6b8fa,HMT Sonata Gold Plated Watch For Men Sonata Analog Watch  - For Men,watches,hmt sonata gold plate watch man sonata analog watch     man    buy hmt sonata gold plate watch man sonata analog watch     man   sonata gold plate watch man online rs      india flipkart com     great discount   genuine product      day replacement guarantee   free shipping   cash delivery,1fcff864d6e397e1424d5366e6c6b8fa.jpg,"[[255 255 255 ... 255 255 255]
 [255 255 255 ... 255 255 255]
 [255 255 255 ... 255 255 255]
 ...
 [255 255 255 ... 255 255 255]
 [255 255 255 ... 255 255 255]
 [255 255 255 ... 255 255 255]]"
ae03731c3482a5e42d040dbf723c49af,Times SD_147 Casual Analog Watch  - For Women,watches,time sd      casual analog watch     woman    buy time sd      casual analog watch     woman   sd      online rs      india flipkart com     great discount   genuine product      day replacement guarantee   free shipping   cash delivery,ae03731c3482a5e42d040dbf723c49af.jpg,"[[255 255 255 ... 255 255 255]
 [255 255 255 ... 255 255 255]
 [255 255 255 ... 255 255 255]
 ...
 [255 255 255 ... 255 255 255]
 [255 255 255 ... 255 255 255]
 [255 255 255 ... 255 255 255]]"
8c81ed9792bee1c2d6c3b8289d80eece,Times 101B0101 Sports Analog Watch  - For Boys,watches,time     b      sport analog watch     boy    buy time     b      sport analog watch     boy      b      online rs      india flipkart com     great discount   genuine product      day replacement guarantee   free shipping   cash delivery,8c81ed9792bee1c2d6c3b8289d80eece.jpg,"[[255 255 255 ... 255 255 255]
 [255 255 255 ... 255 255 255]
 [255 255 255 ... 255 255 255]
 ...
 [255 255 255 ... 255 255 255]
 [255 255 255 ... 255 255 255]
 [255 255 255 ... 255 255 255]]"
c205b200b10aab43be31df8fc1db6d86,Fastrack 9913PP03 Tees Analog Watch  - For Women,watches,fastrack      pp    tee analog watch     woman    buy fastrack      pp    tee analog watch     woman       pp    online rs      india flipkart com   red strap   stainless steel case   square dial   water resistant   buckle clasp    great discount   genuine product      day replacement guarantee   free shipping   cash delivery,c205b200b10aab43be31df8fc1db6d86.jpg,"[[255 255 255 ... 255 255 255]
 [255 255 255 ... 255 255 255]
 [255 255 255 ... 255 255 255]
 ...
 [255 255 255 ... 255 255 255]
 [255 255 255 ... 255 255 255]
 [255 255 255 ... 255 255 255]]"
49658948b5f4eb06a3ddc2fa75eb41d0,Hourglass HG 006 Analog Watch  - For Men,watches,hourglass hg      analog watch     man    buy hourglass hg      analog watch     man   hg      online rs      india flipkart com     great discount   genuine product      day replacement guarantee   free shipping   cash delivery,49658948b5f4eb06a3ddc2fa75eb41d0.jpg,"[[255 255 255 ... 255 255 255]
 [255 255 255 ... 255 255 255]
 [255 255 255 ... 255 255 255]
 ...
 [255 255 255 ... 255 255 255]
 [255 255 255 ... 255 255 255]
 [255 255 255 ... 255 255 255]]"
3693c4e7f7efb47edb3d9eec067ffd93,Maxima 19413PPSN FIBER COLLECTION Digital Watch  - For Men,watches,maxima       ppsn fiber collection digital watch     man    buy maxima       ppsn fiber collection digital watch     man        ppsn online rs      india flipkart com   rectangular dial   green strap   water resistant    great discount   genuine product      day replacement guarantee   free shipping   cash delivery,3693c4e7f7efb47edb3d9eec067ffd93.jpg,"[[255 255 255 ... 255 255 255]
 [255 255 255 ... 255 255 255]
 [255 255 255 ... 255 255 255]
 ...
 [255 255 255 ... 255 255 255]
 [255 255 255 ... 255 255 255]
 [255 255 255 ... 255 255 255]]"
e15195f2a5ebaa2168ccd65324e65e8e,Fluid FS201-BL01 Analog-Digital Watch  - For Women,watches,fluid fs     bl    analog digital watch     woman    buy fluid fs     bl    analog digital watch     woman   fs     bl    online rs      india flipkart com   water resistant   round dial   blue strap    great discount   genuine product      day replacement guarantee   free shipping   cash delivery,e15195f2a5ebaa2168ccd65324e65e8e.jpg,"[[255 255 255 ... 255 255 255]
 [255 255 255 ... 255 255 255]
 [255 255 255 ... 255 255 255]
 ...
 [255 255 255 ... 255 255 255]
 [255 255 255 ... 255 255 255]
 [255 255 255 ... 255 255 255]]"
7037dbd17682322c89bdf7203b403381,Gift Island SW13388E Fashionin Digital Watch  - For Men,watches,gift island sw      e fashionin digital watch     man    buy gift island sw      e fashionin digital watch     man   sw      e online rs      india flipkart com     great discount   genuine product      day replacement guarantee   free shipping   cash delivery,7037dbd17682322c89bdf7203b403381.jpg,"[[255 255 255 ... 255 255 255]
 [255 255 255 ... 255 255 255]
 [255 255 255 ... 255 255 255]
 ...
 [255 255 255 ... 255 255 255]
 [255 255 255 ... 255 255 255]
 [255 255 255 ... 255 255 255]]"
51eb5d22eda4be2a409a336651c50bb1,Sonata 8097YM03 Analog Watch  - For Women,watches,sonata      ym    analog watch     woman    buy sonata      ym    analog watch     woman       ym    online rs      india flipkart com   round dial   golden strap    great discount   genuine product      day replacement guarantee   free shipping   cash delivery,51eb5d22eda4be2a409a336651c50bb1.jpg,"[[255 255 255 ... 255 255 255]
 [255 255 255 ... 255 255 255]
 [255 255 255 ... 255 255 255]
 ...
 [255 255 255 ... 255 255 255]
 [255 255 255 ... 255 255 255]
 [255 255 255 ... 255 255 255]]"
ac209ee3c602efed4ff093854a4ade06,Maxima 19883BMLI Swarovski Analog Watch  - For Women,watches,maxima       bmli swarovski analog watch     woman    buy maxima       bmli swarovski analog watch     woman        bmli online rs      india flipkart com   silver strap   water resistant   contemporary dial    great discount   genuine product      day replacement guarantee   free shipping   cash delivery,ac209ee3c602efed4ff093854a4ade06.jpg,"[[255 255 255 ... 255 255 255]
 [255 255 255 ... 255 255 255]
 [255 255 255 ... 255 255 255]
 ...
 [255 255 255 ... 255 255 255]
 [255 255 255 ... 255 255 255]
 [255 255 255 ... 255 255 255]]"
97fba8a02361aa56eaa9fa51bc1d7661,Sonata 8925YM06 Analog Watch  - For Women,watches,sonata      ym    analog watch     woman    buy sonata      ym    analog watch     woman       ym    online rs      india flipkart com   round dial   golden strap    great discount   genuine product      day replacement guarantee   free shipping   cash delivery,97fba8a02361aa56eaa9fa51bc1d7661.jpg,"[[255 255 255 ... 255 255 255]
 [255 255 255 ... 255 255 255]
 [255 255 255 ... 255 255 255]
 ...
 [255 255 255 ... 255 255 255]
 [255 255 255 ... 255 255 255]
 [255 255 255 ... 255 255 255]]"
f559fdabbcc1f4980f215f847bfdd589,Flippd FD15102 Analog Watch  - For Men,watches,flippd fd       analog watch     man    buy flippd fd       analog watch     man   fd       online rs      india flipkart com   round dial   black strap   water resistant   buckle clasp    great discount   genuine product      day replacement guarantee   free shipping   cash delivery,f559fdabbcc1f4980f215f847bfdd589.jpg,"[[255 255 255 ... 255 255 255]
 [255 255 255 ... 255 255 255]
 [255 255 255 ... 255 255 255]
 ...
 [255 255 255 ... 255 255 255]
 [255 255 255 ... 255 255 255]
 [255 255 255 ... 255 255 255]]"
9412b6fe7b97e405def91f24f064c547,Neo Classic NC11-5004_G Analog Watch  - For Women,watches,neo classic nc         g analog watch     woman    buy neo classic nc         g analog watch     woman   nc         g online rs      india flipkart com     great discount   genuine product      day replacement guarantee   free shipping   cash delivery,9412b6fe7b97e405def91f24f064c547.jpg,"[[254 254 254 ... 254 254 254]
 [254 254 254 ... 254 254 254]
 [254 254 254 ... 254 254 254]
 ...
 [254 254 254 ... 254 254 254]
 [254 254 254 ... 254 254 253]
 [254 254 253 ... 254 253 253]]"
7616c21074fe889defce033dcd0d7cb6,Now Q710-SOS07 NOW Analog Watch  - For Girls,watches,q     sos    analog watch     girl    buy q     sos    analog watch     girl   q     sos    online rs      india flipkart com     great discount   genuine product      day replacement guarantee   free shipping   cash delivery,7616c21074fe889defce033dcd0d7cb6.jpg,"[[255 255 255 ... 255 255 255]
 [255 255 255 ... 255 255 255]
 [255 255 255 ... 255 255 255]
 ...
 [255 255 255 ... 255 255 255]
 [255 255 255 ... 255 255 255]
 [255 255 255 ... 255 255 255]]"
d0e09eaa7fcc9e7de3349959800d2141,HMT OLSS 01 Analog Watch  - For Women,watches,hmt olss     analog watch     woman    buy hmt olss     analog watch     woman   olss     online rs      india flipkart com   round dial   stainless steel case   fold deployment clasp   silver strap   water resistant    great discount   genuine product      day replacement guarantee   free shipping   cash delivery,d0e09eaa7fcc9e7de3349959800d2141.jpg,"[[255 255 255 ... 255 255 255]
 [255 255 255 ... 255 255 255]
 [255 255 255 ... 255 255 255]
 ...
 [255 255 255 ... 255 255 255]
 [255 255 255 ... 255 255 255]
 [255 255 255 ... 255 255 255]]"
2cbad7ead8eb8dd92823b9f525c87b9c,Times 327TMS327 Party-Wedding Analog Watch  - For Women,watches,time     tms     party wedding analog watch     woman    buy time     tms     party wedding analog watch     woman      tms     online rs      india flipkart com     great discount   genuine product      day replacement guarantee   free shipping   cash delivery,2cbad7ead8eb8dd92823b9f525c87b9c.jpg,"[[255 255 255 ... 255 255 255]
 [255 255 255 ... 255 255 255]
 [255 255 255 ... 255 255 255]
 ...
 [255 255 255 ... 255 255 255]
 [255 255 255 ... 255 255 255]
 [255 255 255 ... 255 255 255]]"
8fffcfe66dfde658580f98f6e28a6a46,Gift Island AST906 Analog Watch  - For Women,watches,gift island ast     analog watch     woman    buy gift island ast     analog watch     woman   ast     online rs      india flipkart com     great discount   genuine product      day replacement guarantee   free shipping   cash delivery,8fffcfe66dfde658580f98f6e28a6a46.jpg,"[[255 255 255 ... 255 255 255]
 [255 255 255 ... 255 255 255]
 [255 255 255 ... 255 255 255]
 ...
 [255 255 255 ... 255 255 255]
 [255 255 255 ... 255 255 255]
 [255 255 255 ... 255 255 255]]"
a1a266a37d38f7ce41d11f1868d8c9bf,Neo Classic NC11-5004_W Analog Watch  - For Women,watches,neo classic nc         w analog watch     woman    buy neo classic nc         w analog watch     woman   nc         w online rs      india flipkart com     great discount   genuine product      day replacement guarantee   free shipping   cash delivery,a1a266a37d38f7ce41d11f1868d8c9bf.jpg,"[[254 254 254 ... 254 254 254]
 [254 254 254 ... 254 254 254]
 [254 254 254 ... 254 254 254]
 ...
 [254 254 254 ... 254 254 254]
 [254 254 254 ... 254 254 254]
 [254 254 254 ... 254 254 254]]"
144a5e05bd6e69535c53366a805a8b5f,Sonata 7926SL01 Watch,watches,sonata      sl    watch    buy sonata      sl    watch       sl    online rs      india flipkart com     great discount   genuine product      day replacement guarantee   free shipping   cash delivery,144a5e05bd6e69535c53366a805a8b5f.jpg,"[[254 254 254 ... 254 254 254]
 [254 254 254 ... 254 254 254]
 [254 254 254 ... 254 254 254]
 ...
 [254 254 254 ... 254 254 254]
 [253 254 254 ... 254 254 254]
 [253 254 254 ... 254 254 254]]"
c7207128c680a437e1cad834a8880007,"Sonata super fiber Digital Watch  - For Boys, Men, Girls",watches,sonata super fiber digital watch     boy   man   girl    buy sonata super fiber digital watch     boy   man   girl   super fiber online rs      india flipkart com   digital display   alarm    great discount   genuine product      day replacement guarantee   free shipping   cash delivery,c7207128c680a437e1cad834a8880007.jpg,"[[255 255 255 ... 255 255 255]
 [255 255 255 ... 255 255 255]
 [255 255 255 ... 255 255 255]
 ...
 [255 255 255 ... 255 255 255]
 [255 255 255 ... 255 255 255]
 [255 255 255 ... 255 255 255]]"
059bc43e03e1824a9ab6466e32e5f137,Maxima 05712LMLY Analog Watch  - For Women,watches,maxima       lmly analog watch     woman    buy maxima       lmly analog watch     woman        lmly online rs      india flipkart com   water resistant   oval dial   buckle clasp   brass case   brown strap    great discount   genuine product      day replacement guarantee   free shipping   cash delivery,059bc43e03e1824a9ab6466e32e5f137.jpg,"[[255 255 255 ... 255 255 255]
 [255 255 255 ... 255 255 255]
 [255 255 255 ... 255 255 255]
 ...
 [255 255 255 ... 255 255 255]
 [255 255 255 ... 255 255 255]
 [255 255 255 ... 255 255 255]]"
5338c00e0ddaec0f3af737077e0bbd91,Timewel 1100-N1949_B Analog Watch  - For Women,watches,timewel       n      b analog watch     woman    buy timewel       n      b analog watch     woman        n      b online rs      india flipkart com     great discount   genuine product      day replacement guarantee   free shipping   cash delivery,5338c00e0ddaec0f3af737077e0bbd91.jpg,"[[255 255 255 ... 255 255 255]
 [255 255 255 ... 255 255 255]
 [255 255 255 ... 255 255 255]
 ...
 [255 255 255 ... 255 255 255]
 [255 255 255 ... 255 255 255]
 [255 255 255 ... 255 255 255]]"
6c53dbd7a9d43744920bfae3bc06327f,Timewel 1100-N31 Analog Watch  - For Men,watches,timewel       n    analog watch     man    buy timewel       n    analog watch     man        n    online rs      india flipkart com     great discount   genuine product      day replacement guarantee   free shipping   cash delivery,6c53dbd7a9d43744920bfae3bc06327f.jpg,"[[255 255 255 ... 255 255 255]
 [255 255 255 ... 255 255 255]
 [255 255 255 ... 255 255 255]
 ...
 [255 255 255 ... 255 255 255]
 [255 255 255 ... 255 255 255]
 [255 255 255 ... 255 255 255]]"
6f9c169adda9b562a841a9cf54b16f06,Sonata 7085YL01 Analog Watch  - For Men,watches,sonata      yl    analog watch     man    buy sonata      yl    analog watch     man       yl    online rs      india flipkart com     great discount   genuine product      day replacement guarantee   free shipping   cash delivery,6f9c169adda9b562a841a9cf54b16f06.jpg,"[[255 255 255 ... 254 254 254]
 [255 255 255 ... 254 254 254]
 [254 254 254 ... 254 254 254]
 ...
 [255 255 255 ... 255 255 255]
 [255 255 255 ... 255 255 255]
 [255 255 255 ... 255 255 255]]"
15a0364d0efc54d4e272a49f85b149fc,"Times TIMES_98 Formal Analog Watch  - For Women, Girls",watches,times time     formal analog watch     woman   girl    buy time time     formal analog watch     woman   girl   time     online rs      india flipkart com     great discount   genuine product      day replacement guarantee   free shipping   cash delivery,15a0364d0efc54d4e272a49f85b149fc.jpg,"[[255 255 255 ... 255 255 255]
 [255 255 255 ... 255 255 255]
 [255 255 255 ... 255 255 255]
 ...
 [255 255 255 ... 255 255 255]
 [255 255 255 ... 255 255 255]
 [255 255 255 ... 255 255 255]]"
a7bd63ef1d3b345d7f9a162865bb7c0d,"Flippd FD040149 Casual Analog Watch  - For Women, Girls",watches,flippd fd        casual analog watch     woman   girl    buy flippd fd        casual analog watch     woman   girl   fd        online rs      india flipkart com     great discount   genuine product      day replacement guarantee   free shipping   cash delivery,a7bd63ef1d3b345d7f9a162865bb7c0d.jpg,"[[255 255 255 ... 255 255 255]
 [255 255 255 ... 255 255 255]
 [255 255 255 ... 255 255 255]
 ...
 [255 255 255 ... 255 255 255]
 [255 255 255 ... 255 255 255]
 [255 255 255 ... 255 255 255]]"
35a68b44bef47a809314493d28535b9d,Timewel 1100-N1944_B Analog Watch  - For Women,watches,timewel       n      b analog watch     woman    buy timewel       n      b analog watch     woman        n      b online rs      india flipkart com     great discount   genuine product      day replacement guarantee   free shipping   cash delivery,35a68b44bef47a809314493d28535b9d.jpg,"[[255 255 255 ... 255 255 255]
 [255 255 255 ... 255 255 255]
 [255 255 255 ... 254 255 255]
 ...
 [255 255 255 ...  88 177 226]
 [255 255 255 ... 140 207 241]
 [255 255 255 ... 186 232 253]]"
8748b6cd9f03afc539f246c55e230502,"Fastrack 9912PP09 Tees Analog Watch  - For Men, Women",watches,fastrack      pp    tee analog watch     man   woman    buy fastrack      pp    tee analog watch     man   woman       pp    online rs      india flipkart com   round dial   stainless steel case   water resistant   buckle clasp   blue strap    great discount   genuine product      day replacement guarantee   free shipping   cash delivery,8748b6cd9f03afc539f246c55e230502.jpg,"[[255 255 255 ... 255 255 255]
 [255 255 255 ... 255 255 255]
 [255 255 255 ... 255 255 255]
 ...
 [255 255 255 ... 255 255 255]
 [255 255 255 ... 255 255 255]
 [255 255 255 ... 255 255 255]]"
a70ea60f971825b2eb57261029f317ec,Flippd FDRBB1614 Fibre Analog Watch  - For Men,watches,flippd fdrbb      fibre analog watch     man    buy flippd fdrbb      fibre analog watch     man   fdrbb      online rs      india flipkart com   water resistant   buckle clasp   round dial   black strap    great discount   genuine product      day replacement guarantee   free shipping   cash delivery,a70ea60f971825b2eb57261029f317ec.jpg,"[[255 255 255 ... 255 255 255]
 [255 255 255 ... 255 255 255]
 [255 255 255 ... 255 255 255]
 ...
 [255 255 255 ... 255 255 255]
 [255 255 255 ... 255 255 255]
 [255 255 255 ... 255 255 255]]"
87e0ba259a84a10580bd659466e73e23,SF by Sonata 7963PP02 Dean Analog Watch  - For Men,watches,sf sonata      pp    dean analog watch     man    buy sf sonata      pp    dean analog watch     man       pp    online rs      india flipkart com   water resistant   contemporary dial   drak blue strap    great discount   genuine product      day replacement guarantee   free shipping   cash delivery,87e0ba259a84a10580bd659466e73e23.jpg,"[[255 255 255 ... 255 255 255]
 [255 255 255 ... 255 255 255]
 [255 255 255 ... 255 255 255]
 ...
 [255 255 255 ... 255 255 255]
 [255 255 255 ... 255 255 255]
 [255 255 255 ... 255 255 255]]"
6b04c746cac2aa811d7a8753e54dc96e,Maxima 07034LMLI Attivo Analog Watch  - For Women,watches,maxima       lmli attivo analog watch     woman    buy maxima       lmli attivo analog watch     woman        lmli online rs      india flipkart com   brass case   buckle clasp   rectangular dial   white pink strap   water resistant    great discount   genuine product      day replacement guarantee   free shipping   cash delivery,6b04c746cac2aa811d7a8753e54dc96e.jpg,"[[255 255 255 ... 255 255 255]
 [255 255 255 ... 255 255 255]
 [255 255 255 ... 255 255 255]
 ...
 [255 255 255 ... 255 255 255]
 [255 255 255 ... 255 255 255]
 [255 255 255 ... 255 255 255]]"
156bcd3aba1838a2b6bad856654db964,Timewel N1536(GW)_1 Analog Watch  - For Men,watches,timewel n      gw     analog watch     man    buy timewel n      gw     analog watch     man   n      gw     online rs      india flipkart com     great discount   genuine product      day replacement guarantee   free shipping   cash delivery,156bcd3aba1838a2b6bad856654db964.jpg,"[[255 255 255 ... 255 255 255]
 [255 255 255 ... 255 255 255]
 [255 255 255 ... 255 255 255]
 ...
 [255 255 255 ... 255 255 255]
 [255 255 255 ... 255 255 255]
 [255 255 255 ... 255 255 255]]"
621a88993a7033df3440ec816c2e386f,"Shopfloor.XYZ Vacuum Cleaner for Computers, Laptops, Mobiles",computers,shopfloor xyz vacuum cleaner computer   laptop   mobile   sf vc       price   r       require external power source   plug straight usb port   use brush suction tube attachment general cleaning air fan   monitor computer area   dust desktop   use keyboard attachment rubber vacuum dust particle trap underneath keyboard key press high power button increase suction power usb computer vacuum cleaner laptop pc keyboard   simply connect pc vacuum usb port laptop computer   include vacuum cleaning attachment    bristle brush attachment flexible plastic tube   handy dust brush crevice tool computer   useful device beloved computer laptop clean shine new operation simple easy high effectiveness simply connect vacuum usb port laptop computer cleaning process rid dust particle stick key look ancestral vacuum cleaning attachment include bristle brush attachment flexible rubber computer keyboard tool attachment easy efficient clean switch level slide switch level turn light   slide switch second level turn vacuum cleaner power adjust press   high power   button increase suction power   vacuum heavy dirt dust easily use keyboard attachment rubber vacuum dust particle trap underneath keyboard key   slide squeezable tube key use brush    suction tube attachment general cleaning air vents   fan    monitor computer area   dust desktop   require external power source   plug straight usb port   vacuum cleaner light power usb port computer keyboard include brush   simple connect vacuum usb port laptop computer   vacuum cleaning attachment include bristle brush attachment flexible rubber   computer keyboard tool attachment   specification shopfloor xyz vacuum cleaner computer   laptop   mobile   sf vc       general brand shopfloor xyz design computer   laptop   mobile model number sf vc      model vacuum cleaner box sale package    vacuum cleaner,621a88993a7033df3440ec816c2e386f.jpg,"[[255 255 255 ... 255 255 255]
 [255 255 255 ... 255 255 255]
 [255 255 255 ... 255 255 255]
 ...
 [255 255 255 ... 255 255 255]
 [255 255 255 ... 255 255 255]
 [255 255 255 ... 255 255 255]]"
25ce025c38c55f28fd0ea3bb0200df79,Babyoye Premium Baby Girl's Grey Leggings,baby care,specification babyoye premium baby girl s grey legging box    legge general detail number content sale package pack    fabric cotton type legging pattern print occasion casual ideal baby girl s,25ce025c38c55f28fd0ea3bb0200df79.jpg,"[[255 255 255 ... 255 255 255]
 [255 255 255 ... 255 255 255]
 [255 255 255 ... 255 255 255]
 ...
 [244 240 240 ... 251 255 255]
 [255 255 255 ... 255 255 255]
 [255 255 255 ... 255 255 255]]"
62a1044ba64031b9e40f98a4fb890d9d,Furnishing Zone Printed Back Cushion,home furnishing,key feature furnish zone print cushion attractive colour fiber fill great decorative economy range machine washable furnishing zone print cushion   pack    gold   price   rs       soft fur cushion love one     inch   beautifully craft decorative washable gift item specification furnish zone print cushion   pack    gold   general external material polyester velvet pillow cover material polyester velvet brand furnish zone pillow cover design sided design fabric sweat absorbent yes type cushion model ttfur     fill material microfibre hand washable yes model d tt     pillow design rectangle color gold dimension weight      g length        cm width        cm depth        cm box number content sale package    sale package    cushion,62a1044ba64031b9e40f98a4fb890d9d.jpg,"[[254 251 243 ... 254 254 255]
 [253 245 222 ... 248 253 254]
 [248 224 173 ... 220 241 252]
 ...
 [255 252 231 ... 219 241 251]
 [255 255 249 ... 245 252 255]
 [255 255 253 ... 253 255 255]]"
9ec6285cc619688d787d641cb87c10d6,Babyoye Premium Baby Girl's Multicolor Leggings,baby care,key feature babyoye premium baby girl s multicolor legging multicolor legging babyoye premium baby girl s multicolor legging   pack     price   rs       babyoye legging lace great choice dress little playtime stroll park   soft fabric   legging ensure comfortable happy day long   pair basic tee jhabla complete look   feature     material        cotton    colour   light yellow blue    pattern   solid    fit   regular    closure   pullover    comfortable elastic waistband    cute lace detail hem    pack    washing instruction     machine wash cold    tumble dry low    iron medium heat    bleach    dry clean specification babyoye premium baby girl s multicolor legging   pack     box    legging general detail number content sale package pack    fabric cotton type legging pattern solid occasion casual ideal baby girl s,9ec6285cc619688d787d641cb87c10d6.jpg,"[[255 255 255 ... 255 255 255]
 [255 255 255 ... 255 255 255]
 [255 255 255 ... 255 255 255]
 ...
 [255 255 255 ... 232 237 242]
 [255 255 255 ... 237 243 247]
 [255 255 255 ... 242 247 250]]"
87f256eeace1a0c2b1f934f061646da5,GREENWICH Baby Girl's Black Jeggings,baby care,key feature greenwich baby girl s black jegging black jegging greenwich baby girl s black jegging price   r       premium ouality cotton rich girl jegging   use cotton polyester elastane fabric available preferd colour streche comfort denim finish product specification greenwich baby girl s black jegging box    jegge general detail number content sale package pack    fabric cotton   polyester   elastane type jegging pattern solid ideal baby girl s occasion casual fabric care gentle machine wash lukewarm water   bleach additional detail feature bio wash product,87f256eeace1a0c2b1f934f061646da5.jpg,"[[255 255 255 ... 255 255 255]
 [255 255 255 ... 255 255 255]
 [255 255 255 ... 255 255 255]
 ...
 [255 255 255 ... 255 255 255]
 [255 255 255 ... 255 255 255]
 [255 255 255 ... 255 255 255]]"
3589e80e8f7f3f3a5b65447389b90c2e,Miracle Retail Bonsai Wild Plant Artificial Plant  with Pot,home decor & festive needs,key feature miracle retail bonsai wild plant artificial plant   pot premium quality soft plastic artificial bonsai plant high quality wooden pot indoor outdoor purpose ideal home décor    garden décor ideal corner ideal centre table miracle retail bonsai wild plant artificial plant   pot      cm   yellow   price   r       let natural hue refresh interior bring artificial bonsai plant wooden pot house miracle retail   ideal beautify table   centre table dining table   decorative item require minimum maintenance care   premium quality plastic   artificial bonsai plant completely non toxic environment friendly   hand   base extremely sturdy lightweight   want brighten live space dirt mud   opt artificial bonsai plant wooden pot   add colour interior landscape   order artificial bonsai plant miracle retail   instantly brighten place   need minimal care   great gifting option friend relative   specification miracle retail bonsai wild plant artificial plant   pot      cm   yellow   general brand miracle retail model number bnsi     stem material plastic bonsai yes type wild plant plant material plastic color yellow pot feature pot material wood pot color brown pot include yes pot size medium dimension pot width     cm weight      g total height     cm pot height     cm total width     cm additional feature suitable home decor   garden decor   office decor number branch    box sale package    premium bonsai artificial plant wooden pot pack  ,3589e80e8f7f3f3a5b65447389b90c2e.jpg,"[[255 255 255 ... 255 255 255]
 [255 255 255 ... 255 255 255]
 [255 255 255 ... 255 254 254]
 ...
 [255 255 255 ... 255 255 255]
 [255 255 255 ... 255 255 255]
 [255 255 255 ... 255 255 255]]"
dde89969aecfa2c5245e8059c660b139,"Mayursflora Bonsai Aloe, Maple, Arecaceae, Palm, Maguey Artificial Plant  with Pot",home decor & festive needs,specification mayursflora bonsai aloe   maple   arecaceae   palm   maguey artificial plant   pot      cm   yellow   green   box sale package flower plant yellow bucket general brand mayursflora model number mfgi     color yellow   green type aloe   maple   arecaceae   palm   maguey bonsai yes pot feature pot include yes dimension total height     cm,dde89969aecfa2c5245e8059c660b139.jpg,"[[254 254 254 ... 252 253 253]
 [254 254 254 ... 252 252 252]
 [254 254 254 ... 252 252 252]
 ...
 [254 254 254 ... 253 253 253]
 [254 254 254 ... 253 254 254]
 [254 254 254 ... 254 254 254]]"
e4922f01eda047582cd72e9d1063ab7a,V Creations Bonsai Cactus Artificial Plant  with Pot,home decor & festive needs,specification v creation bonsai cactus artificial plant   pot      cm   green   box sale package set    general brand v creation model number red green cactus        color green type cactus bonsai yes pot feature pot include yes dimension total height     cm,e4922f01eda047582cd72e9d1063ab7a.jpg,"[[255 255 255 ... 255 255 255]
 [255 255 255 ... 255 255 255]
 [255 255 255 ... 255 255 255]
 ...
 [255 255 255 ... 255 255 255]
 [255 255 255 ... 255 255 255]
 [255 255 255 ... 255 255 255]]"
30ab693b54e99a469a1152b5db14aa40,LITTLE FEETZ Baby Girl's Solid Top & Skirt Set,baby care,key feature little feetz baby girl s solid    skirt set fabric   cotton brand color   blue   pink   green   orange   yellow little feetz baby girl s solid    skirt set price   rs       check multi coloured pack    t shirt    short little foot   great pick little   garment cotton   make little comfortable relaxed wear day long design perfection safety   stretchy elastic waist band short   allow change diaper easily   stretchy neck hole    one envelope like fold neckline great slide sensitive new bear s head   specification little feetz baby girl s solid    skirt set general detail pattern solid ideal baby girl s night suit detail number content sale package pack    fabric cotton type    skirt set neck round neck box    frock s    skirt s additional detail    color print assorted product vary show image   manufacture mixed batch     image represent actual product color image product slightly differ    product size age group indication varry depend    view    color print assorted product vary show image   manufacture mixed batch     image represent actual product color image product slightly differ    product size age group indication varry depend baby height weight,30ab693b54e99a469a1152b5db14aa40.jpg,"[[255 255 255 ... 255 255 255]
 [255 255 255 ... 255 255 255]
 [255 255 255 ... 255 255 255]
 ...
 [255 254 254 ... 255 255 255]
 [255 255 255 ... 255 255 255]
 [255 255 255 ... 255 255 255]]"
291d5ff1e50dac3058cf10578f692085,Saco Karbonn Smart Ta Fone A37 Hd Tablet Wired USB Tablet Keyboard,computers,buy saco karbonn smart ta fone    hd tablet wire usb tablet keyboard r       flipkart com   genuine product      day replacement guarantee   free shipping   cash delivery,291d5ff1e50dac3058cf10578f692085.jpg,"[[255 255 255 ... 255 255 255]
 [255 255 255 ... 255 255 255]
 [255 255 255 ... 255 255 255]
 ...
 [255 255 255 ... 255 255 255]
 [255 255 255 ... 255 255 255]
 [255 255 255 ... 255 255 255]]"
84b2e623a4a4327b88f7fe197a09be31,Next Steps Baby Girl's Layered Dress,baby care,"step baby girl s layered dress 
                          price   rs     
				
			 girl dress 
 girl dress",84b2e623a4a4327b88f7fe197a09be31.jpg,"[[255 255 255 ... 255 255 255]
 [255 255 255 ... 255 255 255]
 [255 255 255 ... 255 255 255]
 ...
 [255 255 255 ... 255 255 255]
 [255 255 255 ... 255 255 255]
 [255 255 255 ... 255 255 255]]"
20a06aad5f04727dd54bf13dd5923518,R&Mshoppee MDF Wall Shelf,home decor & festive needs,key feature r mshoppee mdf wall shelf trendy    stylish easy assemble r mshoppee mdf wall shelf   number shelf       black   price   rs       h shape wall shelf increase decoration wall use book shelf    dvd shelf piece    specification r mshoppee mdf wall shelf   number shelf       black   general brand r mshoppee suitable living room    bedroom model number r m      material mdf color black body    design feature number shelf    box sale package    shelf additional feature feature screw include,20a06aad5f04727dd54bf13dd5923518.jpg,"[[255 255 255 ... 255 255 255]
 [255 255 255 ... 255 255 255]
 [255 255 255 ... 255 255 255]
 ...
 [255 255 255 ... 255 255 255]
 [255 255 255 ... 255 255 255]
 [255 255 255 ... 255 255 255]]"
5e52d6ce133e5307814f9f3eedc5806d,posterchacha Ishita Personalised Custom Name Happy Birthday Gift Tea And Coffee  For Gift Use Ceramic Mug,kitchen & dining,key feature posterchacha ishita personalised custom happy birthday gift tea coffee   gift use ceramic mug print demand posterchacha ishita personalised custom happy birthday gift tea coffee   gift use ceramic mug       ml   price   r       trendy mug warm personal touch love present thier   dear sure love lovely surprise    specification posterchacha ishita personalised custom happy birthday gift tea coffee   gift use ceramic mug       ml   general type mug mug capacity      ml freezer safe yes material ceramic microwave safe yes warranty replacement waranty manufacturing defect dimension diameter     mm weight      g height     mm width     mm depth     mm box sale package    mug,5e52d6ce133e5307814f9f3eedc5806d.jpg,"[[255 255 255 ... 255 255 255]
 [255 255 255 ... 255 255 255]
 [255 255 255 ... 255 255 255]
 ...
 [255 255 255 ... 255 255 255]
 [255 255 255 ... 255 255 255]
 [255 255 255 ... 255 255 255]]"
c91f9dc1fdd8b4d60c6b2a2b607e3e8f,"Curren Nx Blue Dial Stiched Strap Analog Watch  - For Men, Boys",watches,key feature curren nx blue dial stiche strap analog watch     man   boy dial color   blue dial shape   round strap color   blue specification curren nx blue dial stiche strap analog watch     man   boy function chronograph light chronograph feature non functional general type analog style code blue dial stiche strap occasion casual   party wedding ideal man   boy power source battery power warranty    month manufacturer domestic warranty body feature dial shape round strap color blue dial color blue,c91f9dc1fdd8b4d60c6b2a2b607e3e8f.jpg,"[[255 255 255 ... 255 255 255]
 [255 255 255 ... 255 255 255]
 [255 255 255 ... 255 255 255]
 ...
 [255 255 255 ... 255 255 255]
 [255 255 255 ... 255 255 255]
 [255 255 255 ... 255 255 255]]"
baa093d149982b010ab72ecbeec6110f,Kosher Kadhai 1 L,kitchen & dining,buy kosher kadhai    l rs      online   kosher kadhai    l good price free shipping    cash delivery   genuine product      day replacement guarantee,baa093d149982b010ab72ecbeec6110f.jpg,"[[254 254 254 ... 254 254 254]
 [254 254 254 ... 254 254 254]
 [254 254 254 ... 254 254 254]
 ...
 [254 254 254 ... 254 254 254]
 [254 254 254 ... 254 254 254]
 [254 254 254 ... 254 254 254]]"
85aec4bf3185da7ebcc45003429cbfe2,HP 15-ac116TX (Notebook) (Core i3 (5th Gen)/ 4GB/ 1TB/ Win10/ 2GB Graph) (N8M19PA),computers,buy hp     ac    tx   notebook    core     th gen     gb    tb   win      gb graph    n m   pa   online r          hp     ac    tx   notebook    core     th gen     gb    tb   win      gb graph    n m   pa   specification    feature   genuine product      day replacement guarantee   free shipping   cash delivery,85aec4bf3185da7ebcc45003429cbfe2.jpg,"[[255 255 255 ... 255 255 255]
 [255 255 255 ... 255 255 255]
 [255 255 255 ... 255 255 255]
 ...
 [190 144  74 ...  64 130 177]
 [237 210 146 ... 136 201 232]
 [255 241 197 ... 191 239 255]]"
bcb8e456728013a90ba66ab3b1b783ad,HP 15-ac121tu (Notebook) (Core i3 (5th Gen)/ 4GB/ 1TB/ Win10) (N8M17PA),computers,buy hp     ac    tu   notebook    core     th gen     gb    tb   win      n m   pa   online r          hp     ac    tu   notebook    core     th gen     gb    tb   win      n m   pa   specification    feature   genuine product      day replacement guarantee   free shipping   cash delivery,bcb8e456728013a90ba66ab3b1b783ad.jpg,"[[255 255 255 ... 255 255 255]
 [255 255 255 ... 255 255 255]
 [255 255 255 ... 255 255 255]
 ...
 [155 111  55 ...  61 118 161]
 [226 187 117 ... 129 194 228]
 [255 229 171 ... 183 235 255]]"
afc829d45be38102afaa20f4bce2f627,Soulful Threads Red Thread Aari Embroidered Black Net Clips Vanity Multi Purpose,beauty and personal care,key feature soulful thread red thread aari embroider black net clip vanity multi purpose aari embroidery popular delicate fine threadwork enhance essence hand embroidery elegant decorative box soulful thread red thread aari embroider black net clip vanity multi purpose   black   price   rs         beautiful accessory    clip box net fabric shade orange    green thread aari embroidery work   boring accessory box embroider box   ideal wedding gifting purpose   art fascinate   like ethnic work like empower woman entrepreneur artist   right place   soulful thread promote woman entrepreneur rural artist showcase art world    specification soulful thread red thread aari embroider black net clip vanity multi purpose   black   case dimension weight      kg height     cm width     cm depth    cm box sale package    decorative box body feature body material fabric number drawer    drawer number compartment    compartment,afc829d45be38102afaa20f4bce2f627.jpg,"[[255 255 255 ... 255 255 255]
 [255 255 255 ... 255 255 255]
 [255 255 255 ... 255 255 255]
 ...
 [255 254 254 ... 251 251 251]
 [255 254 254 ... 251 251 251]
 [255 255 254 ... 251 251 251]]"
1fb0fc88acf0dc6ab9528c26252447e6,Aapno Rajasthan Lovely Jewellery Vanity Jewellery,beauty and personal care,key feature aapno rajasthan lovely jewellery vanity jewellery body material   stoneware number compartment     aapno rajasthan lovely jewellery vanity jewellery   beige   price   rs       beautifully carve jewellery box pure sand stone    natural creation utility perfect showpiece   size      x    x    inch    brand    aapno rajasthan   specification aapno rajasthan lovely jewellery vanity jewellery   beige   case dimension height      cm width       cm depth       cm box sale package    box body feature body material stoneware number compartment    compartment additional feature finely carve stone,1fb0fc88acf0dc6ab9528c26252447e6.jpg,"[[255 255 255 ... 255 255 255]
 [255 255 255 ... 255 255 255]
 [255 255 255 ... 255 255 255]
 ...
 [255 255 255 ... 255 255 255]
 [255 255 255 ... 255 255 255]
 [255 255 255 ... 255 255 255]]"
42a8fef62716772c391fbdd148cc9c16,MohanJodero Jewellery Box Jewellery Vanity Jewellery,beauty and personal care,specification mohanjodero jewellery box jewellery vanity jewellery   multicolor   case dimension weight       kg height    cm width     cm depth     cm box sale package jewellery box body feature body material wood,42a8fef62716772c391fbdd148cc9c16.jpg,"[[254 254 254 ... 254 254 254]
 [254 254 254 ... 254 254 254]
 [254 254 254 ... 254 254 254]
 ...
 [254 254 254 ... 224 223 222]
 [254 254 254 ... 219 218 217]
 [253 253 254 ... 216 214 214]]"
08bdf59c9dcb241e3a57eb4f3729ec70,Rrsskids Swing King Cotton Hammock,home decor & festive needs,key feature rrsskid swing king cotton hammock comfortable durable attractive design rrsskid swe king cotton hammock   white   price   rs         perfect moment feel like sway breeze   white color hammock rrsskids ultimate comfort   craft soft cotton material   hammock provide comforting feel breathable lie ease relaxation   soft rope   hammock conform body rest   specification rrsskid swing king cotton hammock   white   general brand rrsskids maximum load      kg model number sbe     type hammock shade sober white material cotton model swing king color white dimension weight      kg length        inch width        inch disclaimer    color product vary slightly compare picture display screen   lighting   pixel quality color setting    check product s dimension ensure product fit desire location     check product fit    view    color product vary slightly compare picture display screen   lighting   pixel quality color setting    check product s dimension ensure product fit desire location     check product fit entrance s   door s   premise    expect unevenness    mm product difference surface floor level    flipkart   seller deliver product   type civil work   drilling hole wall mount product   product assemble case carpentry assembly require    case product appear lack shine   wipe surface cloth help clear surface dust particle body    design feature foldable yes portable yes pillow provide box sale package    hammock pack  ,08bdf59c9dcb241e3a57eb4f3729ec70.jpg,"[[255 255 255 ... 255 255 255]
 [255 255 255 ... 255 255 255]
 [255 255 255 ... 255 255 255]
 ...
 [255 255 255 ... 255 255 255]
 [255 255 255 ... 255 255 255]
 [255 255 255 ... 255 255 255]]"
2414e4b7e5948263b8dbb4843557be4d,Smart Wall Guru Large Adhesive Sticker Sticker,home decor & festive needs,key feature smart wall guru large adhesive sticker sticker smart bedroom study room look awesome living room bath room attractive guest room kitchen easy install easy remove easy clean wall decal matte finish   water resistant    package layer   smart wall guru large adhesive sticker sticker   pack     price   rs        smart wall guru    give u pure beautiful house decoration wall sticker wall decal    kind design home decoration sticker self adhesive pvc vinyl easy apply plane surface   great suppliment wallpaper wall color decoration method   thnkss   specification smart wall guru large adhesive sticker sticker   pack     box number content sale package pack    sale package    sticker general ideal use home   child bedroom   bedroom brand smart wall guru scratch resistant yes laminated yes type adhesive sticker number sticker    size number         cm material self adhesive pvc vinyl size large dimension height     cm width      cm,2414e4b7e5948263b8dbb4843557be4d.jpg,"[[ 86  87  89 ... 144 143 142]
 [ 85  86  88 ... 145 144 143]
 [ 83  84  86 ... 148 146 145]
 ...
 [ 21  20  19 ... 173 172 172]
 [ 20  20  19 ... 172 171 171]
 [ 19  19  20 ... 171 171 171]]"
e0e261a0d4fd2ffdcbcad324e91a0dd4,Ally The Creations Printed Cushions Cover,home furnishing,key feature ally creation print cushion cover style cushion filler ally creation print cushion cover   pack        cm     cm   multicolor   price   rs       ally creation bring cushion cover decorate house different way   beautiful cushion cover enhance beauty glamour reflect style home furnish   cushion cover dimension    x    inch dupion silk feel comfortable   bring home cushion cover new life colourful interior   specification ally creation print cushion cover   pack        cm     cm   multicolor   general closure zipper brand ally creation suitable cushion design code bsf type square material dupion silk style code bsf       pattern print color multicolor dimension height     inch       cm width     inch       cm additional feature reversible fabric care normal wash box number content sale package pack    sale package    cushion     filler,e0e261a0d4fd2ffdcbcad324e91a0dd4.jpg,"[[254 254 254 ... 254 254 254]
 [254 254 254 ... 254 254 254]
 [254 254 254 ... 254 254 254]
 ...
 [252 252 252 ... 252 252 252]
 [252 252 252 ... 252 252 252]
 [252 252 252 ... 252 252 252]]"
44218245b37581c534038cc27d081093,Cheeky Chompers The Neckerchew - Simple Classic,baby care,specification cheeky chomper neckerchew    simple classic   sky   general brand cheeky chomper loop type knot   button material cotton model neckerchew    simple classic ideal boy   girl model d cc     color sky design strip imprint box number content sale package    sale package    bib,44218245b37581c534038cc27d081093.jpg,"[[255 255 255 ... 255 255 255]
 [255 255 255 ... 255 255 255]
 [255 255 255 ... 255 255 255]
 ...
 [255 255 255 ... 255 255 255]
 [255 255 255 ... 255 255 255]
 [255 255 255 ... 255 255 255]]"
4e03d4e81e6a876f512536f6a57c053e,Piyo Piyo Four Stage Waterproof Bib,baby care,specification piyo piyo stage waterproof bib   yellow   general brand piyo piyo loop type velcro material plastic model stage waterproof bib ideal boy   girl model d cp color yellow design animal box number content sale package    sale package    bib,4e03d4e81e6a876f512536f6a57c053e.jpg,"[[255 255 255 ... 255 255 255]
 [255 255 255 ... 255 255 255]
 [255 255 255 ... 255 255 255]
 ...
 [255 255 255 ... 249 250 251]
 [255 255 255 ... 253 253 254]
 [255 255 255 ... 255 255 255]]"
4589c5021b21525b4779260f7e86f355,Innovative Single Corner Stainless Steel Wall Shelf,home decor & festive needs,key feature innovative single corner stainless steel wall shelf suitable   living room    bedroom wall mountable rust proof innovative single corner stainless steel wall shelf   number shelf       silver   price   rs       shelf corner single specification innovative single corner stainless steel wall shelf   number shelf       silver   general brand innovative suitable living room    bedroom model number       model single corner material stainless steel color silver dimension height    inch width    inch body    design feature number shelf    box sale package    shelf pack    additional feature rust proof yes,4589c5021b21525b4779260f7e86f355.jpg,"[[255 255 255 ... 255 255 255]
 [255 255 255 ... 255 255 255]
 [255 255 255 ... 255 255 255]
 ...
 [255 255 255 ... 255 255 255]
 [255 255 255 ... 255 255 255]
 [255 255 255 ... 255 255 255]]"
5ea8ddb8a5104c5d47c708e8a351e701,Boreal Plastic rectangular hair brush 633D,baby care,specification boreal plastic rectangular hair brush     d brush trait brush type flat brush brush set content small brush bristle type nylon bristle round tip bristle yes handle type plastic handle brush application groom   curl   detangle ideal boysiigirls brush size small brush set suitable hair type medium long hair   wet hair box hair brush additional trait reduce snag tangle,5ea8ddb8a5104c5d47c708e8a351e701.jpg,"[[255 255 255 ... 255 255 255]
 [255 255 255 ... 255 255 255]
 [255 255 255 ... 255 255 255]
 ...
 [255 255 255 ... 255 255 255]
 [255 255 255 ... 255 255 255]
 [255 255 255 ... 255 255 255]]"
99b5905a1079edc2744b06a4049719e0,Pokizo Baby Girl's A-line Dress,baby care,key feature pokizo baby girl s line dress multicolour line specification pokizo baby girl s line dress dimension length midi knee length general detail ideal baby girl s occasion party dress detail fabric cotton type line,99b5905a1079edc2744b06a4049719e0.jpg,"[[255 255 255 ... 255 255 255]
 [255 255 255 ... 255 255 255]
 [255 255 255 ... 255 255 255]
 ...
 [255 255 255 ... 255 255 255]
 [255 255 255 ... 255 255 255]
 [255 255 255 ... 255 255 255]]"
6e812fbc03331ab363789b0f2d6b3ff2,Titrit Baby Girl's Gathered Dress,baby care,key feature titrit baby girl s gather dress baby frock shrug legging material cotton layer pattern allover print soft fabric sleeve titrit baby girl s gather dress price   rs         outfit lovely piece set daughter touch vibrant pink   dress define comfort style   specification titrit baby girl s gather dress box    frock     shrug     legging dimension length midi knee length general detail pattern print ideal baby girl s occasion casual dress detail sleeve sleeve number content sale package pack    fabric cotton type gather neck round fabric care wash similar colour,6e812fbc03331ab363789b0f2d6b3ff2.jpg,"[[254 254 254 ... 255 255 255]
 [255 255 255 ... 255 255 255]
 [255 255 255 ... 255 255 255]
 ...
 [255 255 255 ... 255 255 255]
 [255 255 255 ... 255 255 255]
 [255 255 255 ... 255 255 255]]"
aa41433dfba2c7561fa30be3fed1e8f0,Young Birds Baby Girl's Fit and Flare Dress,baby care,specification young bird baby girl s fit flare dress dimension length mini short general detail pattern solid   floral print occasion casual   formal ideal baby girl s dress detail line        cotton sleeve sleeveless fabric       cotton type fit flare neck square neck additional detail detail strap button attach fabric care normal wash,aa41433dfba2c7561fa30be3fed1e8f0.jpg,"[[255 255 255 ... 255 255 255]
 [255 255 255 ... 255 255 255]
 [255 255 255 ... 255 255 255]
 ...
 [255 255 255 ... 255 255 255]
 [255 255 255 ... 255 255 255]
 [255 255 255 ... 255 255 255]]"
4e5ebfc871992e7e22365c0c036a1b89,FS Mini Klub Baby Boy's Bodysuit,baby care,key feature fs mini klub baby boy s bodysuit fabric   cotton brand color   multi specification fs mini klub baby boy s bodysuit general detail sleeve short sleeve number content sale package pack    age group         month fabric cotton pattern print ideal baby boy s neck round neck,4e5ebfc871992e7e22365c0c036a1b89.jpg,"[[255 255 255 ... 255 255 255]
 [255 255 255 ... 255 255 255]
 [255 255 255 ... 255 255 255]
 ...
 [255 255 255 ... 255 255 255]
 [255 255 255 ... 255 255 255]
 [255 255 255 ... 255 255 255]]"
8a184fe2c82ba6a17fbe07f94d0dd875,"chota packet Baby Boy's, Baby Girl's Bodysuit",baby care,specification chota packet baby boy s   baby girl s bodysuit general detail sleeve half sleeve bootie closure button age group          month number content sale package pack    fabric cotton pattern solid ideal baby boy s   baby girl s hood fabric care normal wash   iron print,8a184fe2c82ba6a17fbe07f94d0dd875.jpg,"[[255 255 255 ... 255 255 255]
 [255 255 255 ... 255 255 255]
 [255 255 255 ... 255 255 255]
 ...
 [255 255 255 ... 255 255 255]
 [255 255 255 ... 255 255 255]
 [255 255 255 ... 255 255 255]]"
46ca672fdfff8a1b3641642a9795344a,"You Got Plan B Baby Boy's, Baby Girl's Romper",baby care,key feature get plan b baby boy s   baby girl s romper fabric   cotton brand color   orange get plan b baby boy s   baby girl s romper price   rs       await confident baby     know everyone wait s rare         cotton specification get plan b baby boy s   baby girl s romper dimension length     inch general detail age group          month fabric cotton pattern solid ideal baby boy s   baby girl s fabric care machine wash warm water   tumble dry   bleach   warm iron   wash dry dark colour seperately,46ca672fdfff8a1b3641642a9795344a.jpg,"[[255 255 255 ... 255 255 255]
 [255 255 255 ... 255 255 255]
 [255 255 255 ... 255 255 255]
 ...
 [255 255 255 ... 255 255 255]
 [255 255 255 ... 255 255 255]
 [255 255 255 ... 255 255 255]]"
672d1c3272eae4586eb5994fe408c12a,Mee Mee Multifunctional Nursery Diaper Bag,baby care,mee mee multifunctional nursery diaper bag   dark blue   price   rs       child safety health   mee mee nursery bag carefully high safety standard   nursery bag specially design help parent easily carry baby item product   time provide safe comfortable parent carry   easily attach pushchair handle pocket include easy access zipexterior pocket adjustable shoulder strap waterproof line suitable birth   specification mee mee multifunctional nursery diaper bag   dark blue   general brand mee mee model number mm     bag type diaper bag model multifunctional nursery ideal baby boy   baby girl color dark blue box sale package diaper bag,672d1c3272eae4586eb5994fe408c12a.jpg,"[[254 254 254 ... 254 254 254]
 [254 254 254 ... 254 254 254]
 [254 254 254 ... 254 254 254]
 ...
 [254 254 254 ... 254 254 254]
 [254 254 254 ... 254 254 254]
 [254 254 254 ... 254 254 254]]"
0991e8d8f884003ab18890971191085d,Zero Baby Girl's Leggings,baby care,specification zero baby girl s legging   pack     general detail number content sale package pack    fabric cotton type legging pattern self design ideal baby girl s,0991e8d8f884003ab18890971191085d.jpg,"[[255 255 255 ... 255 255 255]
 [255 255 255 ... 255 255 255]
 [255 255 255 ... 255 255 255]
 ...
 [253 252 249 ... 255 255 255]
 [254 254 254 ... 255 255 255]
 [254 254 254 ... 255 255 255]]"
e10cbc680042d27fb747db2ac8e7a585,Oxolloxo Solid Single Breasted Casual Women's Blazer,baby care,specification oxolloxo solid single breasted casual woman s blazer general detail pattern solid ideal woman s occasion casual blazer detail sleeve sleeveless number content sale package pack    fabric linen type single breasted color orange fabric care machine wash   bleach   tumble dry   warm iron   dry cleanable   additional detail style code s      wbz   ,e10cbc680042d27fb747db2ac8e7a585.jpg,"[[255 255 255 ... 255 255 255]
 [255 255 255 ... 255 255 255]
 [255 255 255 ... 255 255 255]
 ...
 [255 255 255 ... 255 255 255]
 [255 255 255 ... 255 255 255]
 [255 255 255 ... 255 255 255]]"
0a3b5fdf77a361c2d7d9b29c259b8c4e,SHOPOJ Blue Paper Sky Lantern,home decor & festive needs,key feature shopoj blue paper sky lantern paper light source    candle shopoj blue paper sky lantern      cm x     cm   pack      price   rs         sky lantern   know kongme lantern chinese lantern   small hot air balloon paper   opening small fire suspend   write wish pray come true fly lantern great make wish valentine s day   christmas day   new year day   birthday   etc   specification shopoj blue paper sky lantern      cm x     cm   pack      general brand shopoj model number sj     blu       shade blue type sky lantern maximum altitude       m ideal outdoor color blue body design feature light source candle material paper finish glossy number light    design plain box pack     dimension diameter     cm weight      g height     cm dimension     x     x     width     cm,0a3b5fdf77a361c2d7d9b29c259b8c4e.jpg,"[[255 255 255 ... 255 255 255]
 [255 255 255 ... 255 255 255]
 [255 255 255 ... 255 255 255]
 ...
 [255 255 255 ... 255 255 255]
 [255 255 255 ... 255 255 255]
 [255 255 255 ... 255 255 255]]"
73901494efea71869576898c68b5eee4,Ville Style Polyester Maroon Floral Eyelet Door Curtain,home furnishing,key feature ville style polyester maroon floral eyelet door curtain height       cm width       cm opaque ville style polyester maroon floral eyelet door curtain       cm height   single curtain   price   rs       elegant design curtain possess premium quality fabric beautiful print pattern give unique appearance finish   curtain come standard width    foot   curtain easy traditional one   specification ville style polyester maroon floral eyelet door curtain       cm height   single curtain   convenience feature reversible general transparency opaque brand ville style design door type eyelet model floral kolaveri model d vscu    kv color maroon dimension length      cm additional feature wash care machine wash warm water body    design line material polyester box number content sale package pack    sale package single curtain,73901494efea71869576898c68b5eee4.jpg,"[[202 202 202 ... 214 215 215]
 [206 206 206 ... 214 215 215]
 [210 210 210 ... 214 215 215]
 ...
 [254 254 254 ...  98  94  93]
 [253 253 254 ...  94  92  91]
 [253 253 254 ...  92  91  91]]"
e47b9f88b773b3fd97ab3b51642ff6fb,Sarah Stylish Hair Claw,beauty and personal care,specification sarah stylish hair claw   brown   body    design material plastic finish glossy box number content sale package pack  ,e47b9f88b773b3fd97ab3b51642ff6fb.jpg,"[[255 255 255 ... 255 255 255]
 [255 255 255 ... 255 255 255]
 [255 255 255 ... 255 255 255]
 ...
 [255 255 255 ... 255 255 255]
 [255 255 255 ... 255 255 255]
 [255 255 255 ... 255 255 255]]"
6ed4eb71c0707f1d6fdddcf62562cb02,Wonderchef Windsor Roaster 26cm Pot 3.4 L,kitchen & dining,key feature wonderchef windsor roaster    cm pot      l induction pot pack    wonderchef windsor roaster    cm pot      l   aluminium   price   rs           classic elegance get define new die cast cook n serve series    dual tone finish add vibrancy kitchen dining table     special lid design vapour condensation allow well water retention    offer exceptional heat conductivity durability die cast aluminium    health friendly   chip resistant ceramic coating    easy clean maintain    multiple use roaster    cast stainless steel knob classy look    prepare delicious food slow cooking effect low gas    induction suitable heat source    gas   otg convection microwave    reliable wonderchef warranty specification wonderchef windsor roaster    cm pot      l   aluminium   general pan type roasting non stick brand wonderchef model number                induction yes type pot material aluminium model windsor roaster    cm lid include yes capacity      l color orange box sale package    roaster    cm pack    dimension diameter     cm additional feature dishwasher safe yes,6ed4eb71c0707f1d6fdddcf62562cb02.jpg,"[[255 255 255 ... 255 255 255]
 [255 255 255 ... 255 255 255]
 [255 255 255 ... 255 255 255]
 ...
 [255 255 255 ... 255 255 255]
 [255 255 255 ... 255 255 255]
 [255 255 255 ... 255 255 255]]"
9d3ca83f7017d6e9e129964e88503ff0,Kushies baby Baby Girl's Shrug,baby care,specification kushies baby baby girl s shrug general detail pattern stripe occasion casual ideal baby girl s shrug detail sleeve sleeve fabric cotton rib     gsm pattern stripe box    shrug,9d3ca83f7017d6e9e129964e88503ff0.jpg,"[[255 255 255 ... 255 255 255]
 [255 255 255 ... 255 255 255]
 [255 255 255 ... 255 255 255]
 ...
 [255 255 255 ... 255 255 255]
 [255 255 255 ... 255 255 255]
 [255 255 255 ... 255 255 255]]"
d774c05556d3de1f991d1a46e204a0ad,Wow! Baby Girl's Gathered Yellow Dress,baby care,key feature wow   baby girl s gather yellow dress summer cotton frock fully open easy suitable home wear suitable newborn easy layer wow   baby girl s gather yellow dress price   r       special garment wow   kid look stylish cute wow   garment follow late fashion trend   buy loved   specification wow   baby girl s gather yellow dress dimension length mini short general detail pattern print ideal baby girl s occasion casual dress detail sleeve sleeveless fabric cotton type gather neck round neck,d774c05556d3de1f991d1a46e204a0ad.jpg,"[[254 254 254 ... 254 254 254]
 [254 254 254 ... 254 254 254]
 [254 254 254 ... 254 254 254]
 ...
 [254 254 254 ... 254 254 254]
 [254 254 254 ... 254 254 254]
 [254 254 254 ... 254 254 254]]"
e40e9b4ae48e452dc407d299b467d0c3,"CHOCOBERRY Baby Girl's Printed White, Dark Blue Top, Capri & Shorts Set",baby care,key feature chocoberry baby girl s print white   dark blue   capri    short set brnaded premium quality product resonable price chocoberry baby girl s print white   dark blue   capri    short set price   rs       chocoberry premium lounge wear specification chocoberry baby girl s print white   dark blue   capri    short set general detail pattern print ideal baby girl s night suit detail sleeve half sleeve number content sale package pack    fabric cotton   spandex type   capri    short set neck round neck box        capri     short,e40e9b4ae48e452dc407d299b467d0c3.jpg,"[[250 250 250 ... 255 255 255]
 [251 251 251 ... 255 255 255]
 [253 253 254 ... 255 255 255]
 ...
 [254 255 255 ... 255 255 255]
 [254 255 255 ... 255 255 255]
 [254 255 255 ... 255 255 255]]"
96bc1fbb83ad5a2c0441d132fe8bcf97,Lilliput Solid Baby Boy's Blue Cargo Shorts,baby care,key feature lilliput solid baby boy s blue cargo short cotton blue light lilliput solid baby boy s blue cargo short price   rs       isaac capri new boywear hardcore collection    s feature    stylish scoop pocket   styling pocket   craft cotton twill fabric straight cut    branding logo button mock fly opening   elasticised waistband functional pocket detail    heavy stitching panel n    cool choice casual summer wear               specification lilliput solid baby boy s blue cargo short short detail fabric cotton type cargo short general detail pattern solid ideal baby boy s fabric care machine wash cold   wash separately like color gentle cycle   use non chlorine bleach need   tumble dry low   remove promptly   warm iron need   additional detail style code           box    cargo short,96bc1fbb83ad5a2c0441d132fe8bcf97.jpg,"[[255 255 255 ... 255 255 255]
 [255 255 255 ... 255 255 255]
 [255 255 255 ... 255 255 255]
 ...
 [255 254 254 ... 255 255 255]
 [255 255 255 ... 255 255 255]
 [255 255 255 ... 255 255 255]]"
a51b2c34b3d5a6e5d0591ee6e0b4d335,Jacadi Paris Baby Girl's Gathered Dark Blue Dress,baby care,key feature jacadi paris baby girl s gather dark blue dress cotton dress jacadi paris baby girl s gather dark blue dress price   rs         cotton dress finish flap neck detail   bow detail easy snap closure neck   specification jacadi paris baby girl s gather dark blue dress box    flap neck cotton dress dimension length midi knee length general detail pattern solid occasion casual ideal baby girl s dress detail number content sale package pack    fabric       cotton type gather,a51b2c34b3d5a6e5d0591ee6e0b4d335.jpg,"[[255 255 255 ... 255 255 255]
 [255 255 255 ... 255 255 255]
 [255 255 255 ... 255 255 255]
 ...
 [255 255 255 ... 246 253 255]
 [255 255 255 ... 255 255 255]
 [255 255 255 ... 255 255 255]]"
32da1bbf4f523bc8a8735701ce4b7726,Wow! Baby Girl's Gathered Pink Dress,baby care,key feature wow   baby girl s gather pink dress summer cotton frock soft jersey fabric suitable home party wear include diaper cover suitable newborn easy layer wow   baby girl s gather pink dress price   r       special garment wow   kid look stylish cute wow   garment follow late fashion trend   buy loved   specification wow   baby girl s gather pink dress dimension length mini short general detail pattern geometric print ideal baby girl s occasion formal dress detail sleeve sleeveless fabric cotton type gather neck round neck,32da1bbf4f523bc8a8735701ce4b7726.jpg,"[[254 254 254 ... 254 254 254]
 [254 254 254 ... 254 254 254]
 [254 254 254 ... 254 254 254]
 ...
 [254 254 254 ... 254 254 254]
 [254 254 254 ... 254 254 254]
 [254 254 254 ... 254 254 254]]"
e3ae62ed831fd8b4c20e1742c30d35b5,Wow! Baby Girl's Gathered Red Dress,baby care,key feature wow   baby girl s gather red dress summer cotton frock fully open easy suitable home party wear suitable newborn easy layer wow   baby girl s gather red dress price   r       special garment wow   kid look stylish cute wow   garment follow late fashion trend   buy loved   specification wow   baby girl s gather red dress dimension length mini short general detail pattern polka print ideal baby girl s occasion formal dress detail sleeve sleeveless fabric cotton type gather neck round neck,e3ae62ed831fd8b4c20e1742c30d35b5.jpg,"[[255 255 255 ... 255 255 255]
 [255 255 255 ... 255 255 255]
 [255 255 255 ... 255 255 255]
 ...
 [255 255 255 ... 255 255 255]
 [255 255 255 ... 255 255 255]
 [255 255 255 ... 255 255 255]]"
a378736c1510a13966b42c2d6462f526,Jacadi Paris Baby Girl's Gathered Blue Dress,baby care,key feature jacadi paris baby girl s gather blue dress pocket cotton dress jacadi paris baby girl s gather blue dress price   rs         jacadi s playful wool cotton ensemble finish bow detail left chest   feature detail neckline rick rack trim   patch pocket adorn   shell button fasten   specification jacadi paris baby girl s gather blue dress box    cotton wool dress dimension length midi knee length general detail pattern stripe occasion casual ideal baby girl s dress detail number content sale package pack    fabric      cotton    wool type gather,a378736c1510a13966b42c2d6462f526.jpg,"[[255 255 255 ... 255 255 255]
 [255 255 255 ... 255 255 255]
 [255 255 255 ... 255 255 255]
 ...
 [255 255 255 ... 255 255 255]
 [255 255 255 ... 255 255 255]
 [255 255 255 ... 255 255 255]]"
dc0b5ef48b4c132d0651613a9c1e8e40,FS Mini Klub Printed Baby Boy's Multicolor Basic Shorts,baby care,key feature fs mini klub print baby boy s multicolor basic short cotton multi specification fs mini klub print baby boy s multicolor basic short short detail number content sale package pack    fabric cotton type basic short general detail pattern print occasion casual ideal baby boy s box    short additional detail style code    ebbsb      multi,dc0b5ef48b4c132d0651613a9c1e8e40.jpg,"[[255 255 255 ... 255 255 255]
 [255 255 255 ... 255 255 255]
 [255 255 255 ... 255 255 255]
 ...
 [255 255 255 ... 255 255 255]
 [255 255 255 ... 255 255 255]
 [255 255 255 ... 255 255 255]]"
aa68675f50a0551b8dadb954017a50a1,Geol Wooden Wet and Dry Broom,kitchen & dining,specification geol wooden wet dry broom   brown   pack     general brand geol clean type wet dry model number g         type broom color brown body design feature brush material wooden handle material wood box pack  ,aa68675f50a0551b8dadb954017a50a1.jpg,"[[195 195 196 ... 177 176 176]
 [195 195 196 ... 177 176 175]
 [195 196 197 ... 177 176 175]
 ...
 [191 191 191 ... 178 176 175]
 [190 190 191 ... 177 176 176]
 [190 190 191 ... 176 176 176]]"
aeb421e416716d5f037d50e8c3b14cd7,Sunlast 16 inch Laptop Backpack,computers,key feature sunlast     inch laptop backpack laptop backpack solar panel comfortable panel air flow design adjustable sternum strap large outer elasticate mesh pocket carry handle padded adjustable shoulder strap charge mobile solar power mobile power backup option long life easy use sunlast     inch laptop backpack   yellow   price   rs         sunlast new laptop backpack solar panel ensure complete safety laptop high quality build wide range build feature   inside bag feature protective padding   rest assure laptop inside cushion accidental damage cause bump surface   nylon   laptop backpack withstand abrasion long last   sunlast backpack come unique solar panel allow charge mobile phone anytime   sunlast laptop backpack solar panel great innovation field mobile charging similar application   solar panel usb output pin suitable mobile phone   great solar charger bag available good price   good feature bag portability durability   solar charger suitable smart phone charge time depend battery mah   beautiful product   charge phone eco friendly way cost environment   durable   nylon ensure backpack survive rugged outdoor use   confidently wear bag camp   backpack water resistant keep laptop safe wet damp condition   sunlast laptop backpack perfect laptop   backpack feature loading accommodate large size laptop easily   lightweight comfortable laptop carry bag come padded strap distribute weight evenly shoulder stress shoulder   adjust cushion strap snug fit   sunlast backpack water resistant protect laptop accessory water   suit style college goer office goer   offer space carry essential laptop accessory   feature zippered compartment big hold laptop   feature pocket office organiser   use store charger   mouse   pen drive   notepad   pen essential   feature mesh pocket   water bottle item quick access   spacious store belonging day business trip   buy sunlast backpack carry laptop accessory safely style   specification sunlast     inch laptop backpack   yellow   general brand sunlast trolley expandable type laptop backpack model l     yellow solar mobile charger material nylon compatible laptop size     inch style code l     yellow closure type zip color code yellow color yellow dimension exterior width      mm weight      g exterior height      mm box laptop backpack solar panel body feature hip strap secret security compartment yes waterproof yes rain cover shoulder strap adjustable number compartment  ,aeb421e416716d5f037d50e8c3b14cd7.jpg,"[[255 255 255 ... 255 255 255]
 [255 255 255 ... 255 255 255]
 [255 255 255 ... 255 255 255]
 ...
 [255 255 255 ... 255 255 255]
 [255 255 255 ... 255 255 255]
 [255 255 255 ... 255 255 255]]"
6d460d2e12ff7c84cb6b9af783d465ae,NammaBaby Baby Girl's Animal Print Top & Pyjama Set,baby care,specification nammababy baby girl s animal print    pyjama set general detail pattern animal print ideal baby girl s night suit detail number content sale package pack    fabric cotton type    pyjama set box       ,6d460d2e12ff7c84cb6b9af783d465ae.jpg,"[[255 255 255 ... 255 255 255]
 [255 255 255 ... 255 255 255]
 [255 255 255 ... 255 255 255]
 ...
 [255 255 255 ... 255 255 255]
 [255 255 255 ... 255 255 255]
 [255 255 255 ... 255 255 255]]"
eaed0897074ee52230ff6c6d73c18dd4,Thakkar Baby Girl's Printed Top & Pyjama Set,baby care,specification thakkar baby girl s print    pyjama set general detail pattern print ideal baby girl s night suit detail number content sale package pack    fabric hosiery cotton type    pyjama set neck round neck box    tshirt    pyjama additional detail button closure,eaed0897074ee52230ff6c6d73c18dd4.jpg,"[[255 255 255 ... 255 255 255]
 [255 255 255 ... 255 255 255]
 [255 255 255 ... 255 255 255]
 ...
 [255 255 255 ... 255 255 255]
 [255 255 255 ... 255 255 255]
 [255 255 255 ... 255 255 255]]"
4d638f7a608a76db27cd7bab13582a93,next steps Baby Girl's Striped Top & Pyjama Set,baby care,specification step baby girl s stripe    pyjama set general detail pattern stripe ideal baby girl s night suit detail number content sale package pack    fabric cotton type    pyjama set neck round neck box       pyjama set,4d638f7a608a76db27cd7bab13582a93.jpg,"[[239 231 219 ... 255 255 255]
 [237 229 221 ... 255 255 255]
 [235 228 221 ... 255 255 255]
 ...
 [255 255 255 ... 255 255 255]
 [255 255 255 ... 255 255 255]
 [255 255 255 ... 255 255 255]]"
86a39f77de21aa9654e8ea03335244fc,Intel 3.2 GHz LGA 1150 3250 Processor,computers,specification intel      ghz lga            processor   black   box sale package intel dual core processor memory maximum memory size support     gb memory type support ddr         ddr l            v general speed      ghz maximum turbo speed     ghz maximum thermal design power    tdp      w number thread    thread number core    core warranty cover warranty warranty warranty summary    year service type site cover warranty damage graphic base frequency      mhz integrate graphic yes general feature brand intel architecture     bit model d       socket type lga     ,86a39f77de21aa9654e8ea03335244fc.jpg,"[[255 255 255 ... 255 255 255]
 [255 255 255 ... 255 255 255]
 [255 255 255 ... 255 255 255]
 ...
 [251 252 254 ... 255 255 255]
 [254 254 255 ... 255 255 255]
 [255 255 255 ... 255 255 255]]"
68b32e026c109c1bae017d024dd8f590,MKB Baby Girl's Empire Waist Dress,baby care,key feature mkb baby girl s empire waist dress material        cotton yellow flower print length      inch mkb baby girl s empire waist dress price   rs       yellow color flower print baby girl s clothing set       cotton material   s attractive comfortable   perfect ceremony wear baby girl beautiful dress little angel specification mkb baby girl s empire waist dress box    dress dimension length midi knee length general detail pattern print occasion casual ideal baby girl s dress detail line       cotton sleeve sleeveless number content sale package pack    fabric       cotton type empire waist fabric care gentle hand wash   bleach,68b32e026c109c1bae017d024dd8f590.jpg,"[[255 255 255 ... 255 255 255]
 [255 255 255 ... 255 255 255]
 [255 255 255 ... 255 255 255]
 ...
 [255 255 255 ... 255 255 255]
 [255 255 255 ... 255 255 255]
 [255 255 255 ... 255 255 255]]"
31376e77d4621c06a45440d42b9fe2ac,NeedyBee Baby Girl's Layered Dress,baby care,specification needybee baby girl s layered dress box    dress dimension length mini short general detail pattern print occasion casual ideal baby girl s dress detail sleeve sleeveless number content sale package pack    fabric net   polyester type layer neck round neck fabric care machine wash,31376e77d4621c06a45440d42b9fe2ac.jpg,"[[255 255 255 ... 255 255 255]
 [255 255 255 ... 255 255 255]
 [255 255 255 ... 255 255 255]
 ...
 [255 255 255 ... 255 255 255]
 [255 255 255 ... 255 255 255]
 [255 255 255 ... 255 255 255]]"
f79ad10ae634dcfdab6625790d5c5d54,Seals Baby Girl's A-line Dress,baby care,key feature seal baby girl s line dress multi line seal baby girl s line dress price   rs       girl party wear dress specification seal baby girl s line dress box    dress dimension length midi knee length general detail pattern polka print occasion party ideal baby girl s dress detail sleeve sleeveless number content sale package pack    belt include fabric synthetic type line neck square neck fabric care wash similar color   use detergent color,f79ad10ae634dcfdab6625790d5c5d54.jpg,"[[255 255 255 ... 255 255 255]
 [255 255 255 ... 255 255 255]
 [255 255 255 ... 255 255 255]
 ...
 [255 255 255 ... 254 255 255]
 [255 255 255 ... 253 255 255]
 [255 255 255 ... 254 255 255]]"
3dfd14b667357e26ff6d66761cdc203f,Chokree Baby Girl's A-line Dress,baby care,key feature chokree baby girl s line dress light green line specification chokree baby girl s line dress dimension length midi knee length general detail occasion party ideal baby girl s dress detail fabric synthetic type line,3dfd14b667357e26ff6d66761cdc203f.jpg,"[[255 255 255 ... 255 255 255]
 [255 255 255 ... 255 255 255]
 [255 255 255 ... 255 255 255]
 ...
 [255 255 255 ... 255 255 255]
 [255 255 255 ... 255 255 255]
 [255 255 255 ... 255 255 255]]"
9656b0a52d364da5eed38a4bb2d9f6e5,Esteem Baby Boy's Drawer,baby care,specification esteem baby boy s drawer general detail ideal baby boy s pattern print type drawer fabric cotton number content sale package pack     fabric care gentle hand wash   bleach   wash cold water   wring   iron elastic box sale package     drawer,9656b0a52d364da5eed38a4bb2d9f6e5.jpg,"[[255 255 255 ... 255 255 255]
 [255 255 255 ... 255 255 255]
 [255 255 255 ... 255 255 255]
 ...
 [255 255 255 ... 255 255 254]
 [255 255 255 ... 255 255 255]
 [255 255 255 ... 255 255 255]]"
7cf36a3f1f2bd785954cc876a941da40,KLOCX Analog Wall Clock,home decor & festive needs,key feature klocx analog wall clock black round width         cm height     cm specification klocx analog wall clock   black   glass   general model number klocx     dimension dimension       x       x      cm height    cm width        cm body feature dial shape round,7cf36a3f1f2bd785954cc876a941da40.jpg,"[[255 255 255 ... 255 255 255]
 [255 255 255 ... 255 255 255]
 [255 255 255 ... 255 255 255]
 ...
 [255 255 255 ... 255 255 255]
 [255 255 255 ... 255 255 255]
 [255 255 255 ... 255 255 255]]"
43f4a023dd92830ab5b26886c496f23e,HomeeHub Polyester Multicolor Self Design Eyelet Window Curtain,home furnishing,buy homeehub polyester multicolor self design eyelet window curtain rs       flipkart com   genuine product   free shipping   cash delivery,43f4a023dd92830ab5b26886c496f23e.jpg,"[[242 242 242 ... 250 251 251]
 [242 242 242 ... 251 250 250]
 [243 243 243 ... 251 250 250]
 ...
 [107 108 109 ... 148 148 148]
 [ 84  85  85 ... 119 117 117]
 [ 74  75  74 ... 106 104 103]]"
705b90361aeda1849a728d80625a78a9,Marvel Cotton Bath Towel,baby care,buy marvel cotton bath towel rs       flipkart com   genuine product   free shipping   cash delivery,705b90361aeda1849a728d80625a78a9.jpg,"[[252 238 209 ... 255 255 255]
 [243 220 178 ... 255 255 255]
 [228 195 137 ... 255 255 255]
 ...
 [255 255 255 ...  76 189 249]
 [255 255 255 ...  77 182 239]
 [255 255 255 ...  76 175 231]]"
0dc4d2767fe8424a3263ab141884f83d,"Romex Ultimate Urban Analog Watch  - For Boys, Men",watches,"romex ultimate urban analog watch     boy   man 
                          price   rs     
				
			 present classic fabulous satin color watch man house romex watch offer priceless look class want   adorn black colour strap silicon material   watch offer true craftsmanship people distinct taste identify   watch design technology innovation   wrap round silver dial encase sand blast case beautifully place wrist comfortable luxuriously finished leather strap   battery power   watch offer amazing long life durability look   sure watch go favorite business meeting   event   outing special occasion watch   identity 
 present classic fabulous satin color watch man house romex watch offer priceless look class want   adorn black colour strap silicon material   watch offer true craftsmanship people distinct taste identify   watch design technology innovation   wrap round silver dial encase sand blast case beautifully place wrist comfortable luxuriously finished leather strap   battery power   watch offer amazing long life durability look   sure watch go favorite business meeting   event   outing special occasion watch   identity",0dc4d2767fe8424a3263ab141884f83d.jpg,"[[255 255 255 ... 255 255 255]
 [255 255 255 ... 255 255 255]
 [255 255 255 ... 255 255 255]
 ...
 [255 255 255 ... 255 255 255]
 [255 255 255 ... 255 255 255]
 [255 255 255 ... 255 255 255]]"
f89ebd1d0889fbafa7c9453dbb0dfffd,Home Creations Polyester Blue Floral Eyelet Door Curtain,home furnishing,buy home creation polyester blue floral eyelet door curtain rs        flipkart com   genuine product   free shipping   cash delivery,f89ebd1d0889fbafa7c9453dbb0dfffd.jpg,"[[110 102  95 ... 157 157 155]
 [109 101  95 ... 155 154 153]
 [106 100  95 ... 153 151 151]
 ...
 [172 173 174 ...  20  16  15]
 [146 149 152 ...  52  48  46]
 [129 134 138 ...  77  73  69]]"
e1d8c5b60f9157f8e21c77cf795952f2,"The Intellect Bazaar Cotton Bath Towel, Baby Towel",baby care,buy intellect bazaar cotton bath towel   baby towel rs       flipkart com   genuine product   free shipping   cash delivery,e1d8c5b60f9157f8e21c77cf795952f2.jpg,"[[255 255 255 ... 255 255 255]
 [255 255 255 ... 255 255 255]
 [255 255 255 ... 255 255 255]
 ...
 [255 255 255 ... 255 255 255]
 [255 255 255 ... 255 255 255]
 [255 255 255 ... 255 255 255]]"
f79c9db3abd7faca714c92aeba9b6728,Wood Beauty Wood Photo Frame,baby care,buy wood beauty wood photo frame rs      online   wood beauty wood photo frame good price free shipping    cash delivery   genuine product      day replacement guarantee,f79c9db3abd7faca714c92aeba9b6728.jpg,"[[255 255 255 ... 255 255 255]
 [255 255 255 ... 255 255 255]
 [255 255 255 ... 255 255 255]
 ...
 [255 255 255 ... 255 255 255]
 [255 255 255 ... 255 255 255]
 [255 255 255 ... 255 255 255]]"
260c74b5a09272dec1a8207db3541a0d,BornBabyKids Cotton Bath Towel,baby care,buy bornbabykid cotton bath towel rs       flipkart com   genuine product   free shipping   cash delivery,260c74b5a09272dec1a8207db3541a0d.jpg,"[[255 255 255 ... 255 255 255]
 [255 255 255 ... 255 255 255]
 [255 255 255 ... 255 255 255]
 ...
 [255 255 255 ... 254 255 255]
 [255 255 255 ... 255 255 255]
 [255 255 255 ... 255 255 255]]"
51b6809d527ea36798bddc2bb8557bc2,Munchkin Mighty Grip Trainer Cup,baby care,buy munchkin mighty grip trainer cup rs      online   munchkin mighty grip trainer cup good price free shipping    cash delivery   genuine product      day replacement guarantee,51b6809d527ea36798bddc2bb8557bc2.jpg,"[[250 250 250 ... 250 250 250]
 [250 250 250 ... 250 250 250]
 [250 250 250 ... 250 250 250]
 ...
 [241 241 241 ... 241 241 241]
 [241 241 241 ... 241 241 241]
 [241 241 241 ... 241 241 241]]"
5ae4626271e8eefe5eb2aaf42c00724f,Creative Width Decor Medium Vinyl Sticker Sticker,home decor & festive needs,buy creative width decor medium vinyl sticker sticker rs      online   creative width decor medium vinyl sticker sticker good price free shipping    cash delivery   genuine product      day replacement guarantee,5ae4626271e8eefe5eb2aaf42c00724f.jpg,"[[220 219 218 ... 219 219 220]
 [220 219 219 ... 220 220 220]
 [220 220 220 ... 222 222 222]
 ...
 [ 93  93  92 ...  71  72  73]
 [ 88  88  86 ...  69  68  68]
 [ 84  83  81 ...  65  62  62]]"
90453db0386931707b256dfa1e32c404,Handloomhub Polyester Pink Self Design Eyelet Door Curtain,home furnishing,buy handloomhub polyester pink self design eyelet door curtain rs       flipkart com   genuine product   free shipping   cash delivery,90453db0386931707b256dfa1e32c404.jpg,"[[157 158 158 ... 129 128 128]
 [157 158 158 ... 130 129 129]
 [157 158 158 ... 131 131 131]
 ...
 [ 11  11  11 ...  32  31  31]
 [ 12  12  12 ...  32  32  32]
 [ 12  12  12 ...  34  34  33]]"
bd2a71a635bf307de0056b74205918b7,"Fabutex Polyester Black, White Abstract Eyelet Window & Door Curtain",home furnishing,"fabutex polyester black   white abstract eyelet window    door curtain       cm height   pack   
                          price   rs       
				
			 high quallity polyester jacquard curtain   add rich feel fill home warmth love coziness   exclusively house fabutex 
 high quallity polyester jacquard curtain   add rich feel fill home warmth love coziness   exclusively house fabutex",bd2a71a635bf307de0056b74205918b7.jpg,"[[254 254 254 ... 120 121 123]
 [254 254 254 ... 116 117 119]
 [254 254 254 ... 102 109 114]
 ...
 [ 85  85  86 ...  80  80  78]
 [ 88  87  86 ...  74  77  76]
 [ 89  88  85 ...  69  72  72]]"
8c90f3ca64ea1a8ce104c3c3f5fc173f,Divine Gifts & Artificial Jewellery Shanker Blue Showpiece  -  7.5 cm,home decor & festive needs,buy divine gift    artificial jewellery shanker blue showpiece          cm rs      online   divine gift    artificial jewellery shanker blue showpiece          cm good price free shipping    cash delivery   genuine product      day replacement guarantee,8c90f3ca64ea1a8ce104c3c3f5fc173f.jpg,"[[255 255 255 ... 255 255 255]
 [255 255 255 ... 255 255 255]
 [255 255 255 ... 255 255 255]
 ...
 [255 255 255 ... 255 255 255]
 [255 255 255 ... 255 255 255]
 [255 255 255 ... 255 255 255]]"
70d571a25d37e16d5d5f4e94faccf454,"Hargunz Polyester Brown, White Motif Eyelet Long Door Curtain",home furnishing,"hargunz polyester brown   white motif eyelet long door curtain       cm height   pack   
                          price   rs     
				
			 stiche eyelet style metal ring   anti wrinkle anti shrinkage   color fastness        polyester   quality fabric sober lively color varied pattern elegant design size    ft x    ft 
 stiche eyelet style metal ring   anti wrinkle anti shrinkage   color fastness        polyester   quality fabric sober lively color varied pattern elegant design size    ft x    ft",70d571a25d37e16d5d5f4e94faccf454.jpg,"[[201 201 202 ... 203 203 203]
 [202 202 203 ... 201 201 201]
 [202 202 203 ... 197 196 195]
 ...
 [103 103 103 ...  78  78  78]
 [ 99  98  97 ...  61  60  60]
 [ 97  96  95 ...  56  55  55]]"
dd9a5979c32bbdd836984529af862303,Galaxy Decorations Polyester Royalblue Plain Eyelet Door Curtain,home furnishing,buy galaxy decoration polyester royalblue plain eyelet door curtain rs        flipkart com   genuine product   free shipping   cash delivery,dd9a5979c32bbdd836984529af862303.jpg,"[[179 177 176 ... 177 178 180]
 [179 178 176 ... 177 178 180]
 [176 175 174 ... 173 174 175]
 ...
 [ 70  68  67 ...  67  69  71]
 [ 71  70  69 ...  70  71  73]
 [ 72  71  70 ...  72  73  75]]"
c9c4720bca91b8ce27d8190a7c4c139c,Blue Bell Popfun Sipper,baby care,buy blue bell popfun sipper rs      online   blue bell popfun sipper good price free shipping    cash delivery   genuine product      day replacement guarantee,c9c4720bca91b8ce27d8190a7c4c139c.jpg,"[[255 255 255 ... 255 255 255]
 [255 254 252 ... 255 255 255]
 [253 250 244 ... 251 255 255]
 ...
 [255 255 255 ... 255 255 255]
 [255 255 255 ... 255 255 255]
 [255 255 255 ... 255 255 255]]"
d6a50203fad654981605a70a7bde52b7,Welhouse Cotton Hand & Face Towel Set,baby care,buy welhouse cotton hand    face towel set rs       flipkart com   genuine product   free shipping   cash delivery,d6a50203fad654981605a70a7bde52b7.jpg,"[[255 255 255 ... 255 255 255]
 [255 255 255 ... 255 255 255]
 [255 255 255 ... 255 255 255]
 ...
 [255 255 255 ... 255 255 255]
 [255 255 255 ... 255 255 255]
 [255 255 255 ... 255 255 255]]"
f9a8320c182841024f47ebcba284085a,Portia Polka Print Trendy Cap,baby care,portia polka print trendy cap    buy multicolor portia polka print trendy cap r       online india   shop online apparel   huge collection brand clothe flipkart com,f9a8320c182841024f47ebcba284085a.jpg,"[[255 255 255 ... 255 255 255]
 [255 255 255 ... 255 255 255]
 [255 255 255 ... 255 255 255]
 ...
 [255 255 255 ... 255 255 255]
 [255 255 255 ... 255 255 255]
 [255 255 255 ... 255 255 255]]"
5eec66ec172ce096cd4e5c947686b56a,RTD Baby Girl's Kurta and Pyjama Set,baby care,rtd baby girl s kurta pyjama set    buy yellow rtd baby girl s kurta pyjama set rs        online india   shop online apparel   huge collection brand clothe flipkart com,5eec66ec172ce096cd4e5c947686b56a.jpg,"[[255 255 255 ... 255 255 255]
 [255 255 255 ... 255 255 255]
 [255 255 255 ... 255 255 255]
 ...
 [254 254 255 ... 255 255 255]
 [254 254 255 ... 255 255 255]
 [253 254 254 ... 254 255 255]]"
3f025b9dc8065fe5a155573e5b21a70d,Ornate 7 W LED Bulb,kitchen & dining,buy ornate    w lead bulb rs      online   ornate    w lead bulb good price free shipping    cash delivery   genuine product      day replacement guarantee,3f025b9dc8065fe5a155573e5b21a70d.jpg,"[[255 255 255 ... 255 255 255]
 [255 255 255 ... 255 255 255]
 [255 255 255 ... 255 255 255]
 ...
 [255 255 255 ... 255 255 255]
 [255 255 255 ... 255 255 255]
 [255 255 255 ... 255 255 255]]"
d0fee79693c7dc3132d30491323b6407,Shrikant Traders Cotton Bath Towel,baby care,buy shrikant trader cotton bath towel rs        flipkart com   genuine product   free shipping   cash delivery,d0fee79693c7dc3132d30491323b6407.jpg,"[[255 255 255 ... 255 255 255]
 [255 255 255 ... 255 255 255]
 [255 255 255 ... 255 255 255]
 ...
 [255 255 255 ... 255 255 255]
 [255 255 255 ... 255 255 255]
 [255 255 255 ... 255 255 255]]"
d06bb04b096c77dc3302eaf2db336f96,MH MDF Photo Frame,baby care,buy mh mdf photo frame rs      online   mh mdf photo frame good price free shipping    cash delivery   genuine product      day replacement guarantee,d06bb04b096c77dc3302eaf2db336f96.jpg,"[[254 243 219 ... 255 255 255]
 [249 226 182 ... 254 255 255]
 [232 190 118 ... 219 230 239]
 ...
 [255 238 171 ... 220 253 255]
 [255 247 204 ... 244 255 255]
 [255 252 223 ... 255 255 255]]"
0ca8e323551dd7107ef57ef7c3e77aee,NIKsales 7 W LED Bulb,kitchen & dining,buy niksales    w lead bulb rs      online   niksales    w lead bulb good price free shipping    cash delivery   genuine product      day replacement guarantee,0ca8e323551dd7107ef57ef7c3e77aee.jpg,"[[255 255 255 ... 255 255 255]
 [255 255 255 ... 255 255 255]
 [255 255 255 ... 255 255 255]
 ...
 [255 255 255 ... 255 255 255]
 [255 255 255 ... 255 255 255]
 [255 255 255 ... 255 255 255]]"
6eabdbbbffdfae86c3c5177ba0f96ea7,Indha Craft Cloth Photo Frame,baby care,"indha craft cloth photo frame   photo size         x       cm     photo 
                          price   rs     
				
			 outer shell frame polyster bland fabric hard board fabric inner material carbord   photo frame    x    inch 
 outer shell frame polyster bland fabric hard board fabric inner material carbord   photo frame    x    inch",6eabdbbbffdfae86c3c5177ba0f96ea7.jpg,"[[255 255 255 ... 255 255 255]
 [255 255 255 ... 255 255 255]
 [255 255 255 ... 255 255 255]
 ...
 [255 255 255 ... 255 255 255]
 [255 255 255 ... 255 255 255]
 [255 255 255 ... 255 255 255]]"
c997312abfa36281d41366cb4a3b908e,VRCT 5 W LED Bulb,kitchen & dining,buy vrct    w lead bulb rs      online   vrct    w lead bulb good price free shipping    cash delivery   genuine product      day replacement guarantee,c997312abfa36281d41366cb4a3b908e.jpg,"[[255 255 255 ... 255 255 255]
 [255 255 255 ... 255 255 255]
 [255 255 255 ... 255 255 255]
 ...
 [255 255 255 ... 255 255 255]
 [255 255 255 ... 255 255 255]
 [255 255 255 ... 255 255 255]]"
2bf0ca6d25501c067cd12a2a4939443f,Home Fashion Gallery Polyester Black Plain Eyelet Door Curtain,home furnishing,buy home fashion gallery polyester black plain eyelet door curtain rs        flipkart com   genuine product   free shipping   cash delivery,2bf0ca6d25501c067cd12a2a4939443f.jpg,"[[251 251 251 ... 244 245 246]
 [251 251 251 ... 244 244 245]
 [249 250 251 ... 245 244 244]
 ...
 [177 176 174 ... 117 116 116]
 [170 169 167 ...  82  82  81]
 [163 163 161 ...  71  71  72]]"
7f6678a6217c831b716feca796f689fd,BabyBucket Cotton Bath Towel,baby care,buy babybucket cotton bath towel rs       flipkart com   genuine product   free shipping   cash delivery,7f6678a6217c831b716feca796f689fd.jpg,"[[238 238 238 ... 228 228 228]
 [239 238 238 ... 227 227 228]
 [239 239 239 ... 227 227 227]
 ...
 [241 242 242 ... 223 224 224]
 [240 241 241 ... 223 224 224]
 [240 240 240 ... 223 224 224]]"
ce9cb60201f1cdc33e4b58d3583c7a5c,Handloomhub Polyester Baby Pink Self Design Eyelet Long Door Curtain,home furnishing,buy handloomhub polyester baby pink self design eyelet long door curtain rs        flipkart com   genuine product   free shipping   cash delivery,ce9cb60201f1cdc33e4b58d3583c7a5c.jpg,"[[184 185 186 ... 193 191 190]
 [185 186 187 ... 194 192 191]
 [188 188 190 ... 196 194 194]
 ...
 [156 157 157 ...  17  17  17]
 [158 158 158 ...  17  17  17]
 [159 158 158 ...  16  17  17]]"
5518124b75d6c6dfee4c2e4c0cfa716a,"Simoco 7 W, 9 W, 12 W LED Bulb",kitchen & dining,buy simoco    w     w      w lead bulb rs      online   simoco    w     w      w lead bulb good price free shipping    cash delivery   genuine product      day replacement guarantee,5518124b75d6c6dfee4c2e4c0cfa716a.jpg,"[[255 255 255 ... 255 255 255]
 [255 255 255 ... 255 255 255]
 [255 255 255 ... 255 255 255]
 ...
 [255 255 255 ... 255 255 255]
 [255 255 255 ... 255 255 255]
 [255 255 255 ... 255 255 255]]"
22ac36ba254a68d7dd6173f099771147,Neyth Cotton Set of Towels,baby care,buy neyth cotton set towel rs       flipkart com   genuine product   free shipping   cash delivery,22ac36ba254a68d7dd6173f099771147.jpg,"[[254 254 254 ... 254 254 254]
 [254 254 254 ... 254 254 254]
 [254 254 254 ... 254 254 254]
 ...
 [254 254 254 ... 254 254 254]
 [254 254 254 ... 254 254 254]
 [254 254 254 ... 254 254 254]]"
6c441a6ca8eb4e5ca882c9c0df03ff0c,AsiaCraft Goddess of Wealth Laxmi Brass Statue Showpiece  -  7.62 cm,home decor & festive needs,buy asiacraft goddess wealth laxmi brass statue showpiece           cm rs      online   asiacraft goddess wealth laxmi brass statue showpiece           cm good price free shipping    cash delivery   genuine product      day replacement guarantee,6c441a6ca8eb4e5ca882c9c0df03ff0c.jpg,"[[255 255 255 ... 255 255 255]
 [255 255 255 ... 255 255 255]
 [255 255 255 ... 255 255 255]
 ...
 [255 255 255 ... 255 255 255]
 [255 255 255 ... 255 255 255]
 [255 255 255 ... 255 255 255]]"
025a85a3d1cddc6307f7dc075d8d2132,Soy Impulse LED Bulb,kitchen & dining,buy soy impulse lead bulb rs      online   soy impulse lead bulb good price free shipping    cash delivery   genuine product      day replacement guarantee,025a85a3d1cddc6307f7dc075d8d2132.jpg,"[[255 255 255 ... 255 255 255]
 [255 255 255 ... 255 255 255]
 [255 255 255 ... 255 255 255]
 ...
 [255 255 255 ... 255 255 255]
 [255 255 255 ... 255 255 255]
 [255 255 255 ... 255 255 255]]"
fd10586bf7f01bc57e0c5364d4b2c3f7,Cocovey Metal Photo Frame,baby care,"cocovey metal photo frame   photo size           photo 
                          price   r     
				
			 add traditional stylish look house cocovey handcraft photo frame   beautifully craft photo frame brass   traditional tribal cultural design unique bring style home   indian home get stylish time excitement interior home décor company effort perceive excitement help choose favorite wide range painstakingly pursue beautiful handicraft item   find way skilled hand craftsman directly precious place abode 
 add traditional stylish look house cocovey handcraft photo frame   beautifully craft photo frame brass   traditional tribal cultural design unique bring style home   indian home get stylish time excitement interior home décor company effort perceive excitement help choose favorite wide range painstakingly pursue beautiful handicraft item   find way skilled hand craftsman directly precious place abode",fd10586bf7f01bc57e0c5364d4b2c3f7.jpg,"[[188 149 112 ... 140 134 132]
 [185 143 103 ... 139 132 128]
 [184 142  99 ... 129 127 124]
 ...
 [254 254 223 ... 185 232 252]
 [254 254 229 ... 232 247 254]
 [254 254 234 ... 254 254 254]]"
91795f4b0e4aac27314477a91b63bfb7,VLCC Natural Sciences Oil Free Sunscreen Gel SPF 15 (Pack of 2) - SPF 15,beauty and personal care,flipkart com   buy vlcc natural sciences oil free sunscreen gel spf      pack       spf     r       flipkart com     low price   genuine product      day replacement guarantee   free shipping   cash delivery,91795f4b0e4aac27314477a91b63bfb7.jpg,"[[238 230 221 ... 229 246 254]
 [233 222 210 ... 220 243 254]
 [227 214 199 ... 214 241 254]
 ...
 [255 255 255 ... 255 255 255]
 [255 255 255 ... 255 255 255]
 [255 255 255 ... 255 255 255]]"
ead122f4b1da293eb2d719baf104dfc9,Lotus Safe Sun UV Screen MatteGel - SPF 50 PA+++,beauty and personal care,flipkart com   buy lotus safe sun uv screen mattegel    spf     pa     r       flipkart com     low price   genuine product      day replacement guarantee   free shipping   cash delivery,ead122f4b1da293eb2d719baf104dfc9.jpg,"[[255 255 255 ... 255 255 255]
 [255 255 255 ... 255 255 255]
 [255 255 255 ... 255 255 255]
 ...
 [255 255 255 ... 255 255 255]
 [255 255 255 ... 255 255 255]
 [255 255 255 ... 255 255 255]]"
8396537a124f502d11ab99972c816129,Oshea Herbals UVSHIELD - Sunscreen Gel - SPF 20 PA+,beauty and personal care,flipkart com   buy oshea herbal uvshield    sunscreen gel    spf     pa   r       flipkart com     low price   genuine product      day replacement guarantee   free shipping   cash delivery,8396537a124f502d11ab99972c816129.jpg,"[[196 191 187 ... 186 197 209]
 [196 191 187 ... 186 198 210]
 [196 192 187 ... 187 198 210]
 ...
 [255 255 255 ... 255 255 255]
 [255 255 255 ... 255 255 255]
 [255 255 255 ... 255 255 255]]"
6b5cdfe68595fbcab0e05dc625d3d66a,Richfeel Sunshield - SPF 30 PA++,beauty and personal care,flipkart com   buy richfeel sunshield    spf     pa    r       flipkart com     low price   genuine product      day replacement guarantee   free shipping   cash delivery,6b5cdfe68595fbcab0e05dc625d3d66a.jpg,"[[255 255 255 ... 254 254 255]
 [255 255 255 ... 252 253 254]
 [255 255 255 ... 241 248 252]
 ...
 [253 253 253 ... 225 240 248]
 [255 255 255 ... 247 251 254]
 [255 255 255 ... 255 255 255]]"
911a6efe69bde398fbbddcb0b4bb466f,Keya Seth Umbrella Protex Heat Proof Sunscreen Solution - SPF 75 PA+++,beauty and personal care,flipkart com   buy keya seth umbrella protex heat proof sunscreen solution    spf     pa     r       flipkart com     low price   genuine product      day replacement guarantee   free shipping   cash delivery,911a6efe69bde398fbbddcb0b4bb466f.jpg,"[[255 255 255 ... 255 255 255]
 [255 255 255 ... 255 255 255]
 [255 255 255 ... 255 255 255]
 ...
 [255 255 255 ... 255 255 255]
 [255 255 255 ... 255 255 255]
 [255 255 255 ... 255 255 255]]"
d61b368146f83075937e144dab93c6a1,Jovees Anjeer & Carrot Sunblock (Pack of 2) - SPF 45,beauty and personal care,flipkart com   buy jovees anjeer    carrot sunblock   pack       spf     r       flipkart com     low price   genuine product      day replacement guarantee   free shipping   cash delivery,d61b368146f83075937e144dab93c6a1.jpg,"[[245 242 238 ... 250 251 252]
 [243 238 234 ... 245 248 250]
 [242 236 229 ... 237 242 247]
 ...
 [253 253 253 ... 255 255 255]
 [254 254 254 ... 255 255 254]
 [254 254 254 ... 254 254 254]]"
bc2aaae47829fd5825f6cc2ec51c2c5f,Whiteherbs Ultra Protection Sunscreen Lotion - SPF 30 PA+,beauty and personal care,flipkart com   buy whiteherb ultra protection sunscreen lotion    spf     pa   r       flipkart com     low price   genuine product      day replacement guarantee   free shipping   cash delivery,bc2aaae47829fd5825f6cc2ec51c2c5f.jpg,"[[255 255 255 ... 248 251 253]
 [255 255 255 ... 247 250 253]
 [255 255 255 ... 245 249 252]
 ...
 [255 255 255 ... 255 255 255]
 [255 255 255 ... 255 255 255]
 [255 255 255 ... 255 255 255]]"
55195de3873fffaa9e37b041533d7305,Philips 9.5 W LED B22 3000K A55 IND Bulb,kitchen & dining,buy philips      w lead b        k    ind bulb rs      online   philips      w lead b        k    ind bulb good price free shipping    cash delivery   genuine product      day replacement guarantee,55195de3873fffaa9e37b041533d7305.jpg,"[[255 255 255 ... 255 255 255]
 [255 255 255 ... 255 255 255]
 [255 255 255 ... 255 255 255]
 ...
 [255 255 255 ... 255 255 255]
 [255 255 255 ... 255 255 255]
 [255 255 255 ... 255 255 255]]"
cdc33ed715261b08e315a2a19427bc23,Oriflame Sweden Sun Zone UV Protector Face and Exposed Areas High - SPF 50 PA++,beauty and personal care,flipkart com   buy oriflame sweden sun zone uv protector face expose area high    spf     pa    r       flipkart com     low price   genuine product      day replacement guarantee   free shipping   cash delivery,cdc33ed715261b08e315a2a19427bc23.jpg,"[[238 235 232 ... 231 229 229]
 [237 235 232 ... 230 227 227]
 [237 234 231 ... 229 226 227]
 ...
 [255 255 255 ... 255 255 255]
 [255 255 255 ... 255 255 255]
 [255 255 255 ... 255 255 255]]"
c65fa0b38ab99792630468bd7dd26416,Aveeno Protect + Hydrate Broad Spectrum Spf 70 Sunscreen Lotion - SPF 70 PA+,beauty and personal care,flipkart com   buy aveeno protect    hydrate broad spectrum spf     sunscreen lotion    spf     pa   r        flipkart com     low price   genuine product      day replacement guarantee   free shipping   cash delivery,c65fa0b38ab99792630468bd7dd26416.jpg,"[[255 255 255 ... 255 255 255]
 [255 255 255 ... 255 255 255]
 [255 255 255 ... 255 255 255]
 ...
 [255 255 255 ... 255 255 255]
 [255 255 255 ... 255 255 255]
 [255 255 255 ... 255 255 255]]"
142994b421c052a6193052c6c8c3d076,La Roche-Posay Anthelios XL Fluid Dry Touch Gel-Cream - SPF 50 PA+,beauty and personal care,flipkart com   buy la roche posay anthelios xl fluid dry touch gel cream    spf     pa   r        flipkart com     low price   genuine product      day replacement guarantee   free shipping   cash delivery,142994b421c052a6193052c6c8c3d076.jpg,"[[246 242 237 ... 235 236 239]
 [245 241 236 ... 235 235 238]
 [244 240 235 ... 235 234 236]
 ...
 [255 255 255 ... 255 255 255]
 [255 255 255 ... 255 255 255]
 [255 255 255 ... 255 255 255]]"
c6adf41cd378b1f6a7ac62675b060411,Wallmantra Christ The Redeemer Framed Print Canvas Painting,home decor & festive needs,"wallmantra christ redeemer frame print canvas painting      inch x     inch 
                          price   rs       
				
			 beautiful rendition redeemer jewel scheme interior   exclusive design print good quality photo paper frame perfection elegant frame keen attention detail decorate home taste pride   design create consultation designer keep mind contemporary trend   order   sit relax complement interior decor print   customisation frame design contact wallmantra 
 beautiful rendition redeemer jewel scheme interior   exclusive design print good quality photo paper frame perfection elegant frame keen attention detail decorate home taste pride   design create consultation designer keep mind contemporary trend   order   sit relax complement interior decor print   customisation frame design contact wallmantra",c6adf41cd378b1f6a7ac62675b060411.jpg,"[[35 35 35 ... 36 43 48]
 [34 33 32 ... 34 39 43]
 [34 31 27 ... 32 36 38]
 ...
 [14 14 14 ... 14 14 14]
 [14 14 14 ... 14 15 15]
 [14 14 14 ... 14 15 16]]"
0ae859a69c7608d8197c3ba8c37bc6ec,Tallenge Christmas Collection - Echoes Of Winter - Gallery Wrap Canvas Painting,home decor & festive needs,"tallenge christmas collection    echo winter    gallery wrap canvas painting      inch x     inch 
                          price   rs       
				
			 countdown   time select gift friend family   maybe   tallenge store bring christmas art collection season give awesome spread holiday cheer   cuddly puppy christmas colour abstract art   cover fresh collection   art leave lasting impression  

 beautiful photo print high quality      gsm coat import canvas gloss finish high resolution hp inkjet large format production printer deliver sophisticated elegant museum quality print   come convenient size      inch x     inch hook perfect keep office desk table  

 tallenge store lead affordable art marketplace curate artwork photograph artist world   buy original art   print   canvas   gift   artist photographer original work get pay purchase continue love    create beautiful art 
 countdown   time select gift friend family   maybe   tallenge store bring christmas art collection season give awesome spread holiday cheer   cuddly puppy christmas colour abstract art   cover fresh collection   art leave lasting impression  

 beautiful photo print high quality      gsm coat import canvas gloss finish high resolution hp inkjet large format production printer deliver sophisticated elegant museum quality print   come convenient size      inch x     inch hook perfect keep office desk table  

 tallenge store lead affordable art marketplace curate artwork photograph artist world   buy original art   print   canvas   gift   artist photographer original work get pay purchase continue love    create beautiful art",0ae859a69c7608d8197c3ba8c37bc6ec.jpg,"[[246 246 246 ... 241 241 241]
 [246 246 246 ... 241 241 241]
 [247 247 247 ... 241 241 241]
 ...
 [222 222 223 ... 217 218 218]
 [218 218 219 ... 225 226 226]
 [216 216 217 ... 228 228 229]]"
3bf09b28e3bf526c2dfebfe591921103,Wallmantra Golden Buddha On Red Background Framed Print Canvas Painting,home decor & festive needs,buy wallmantra golden buddha red background frame print canvas painting rs       online   wallmantra golden buddha red background frame print canvas painting good price free shipping    cash delivery   genuine product      day replacement guarantee,3bf09b28e3bf526c2dfebfe591921103.jpg,"[[35 33 32 ... 33 34 34]
 [34 32 30 ... 31 33 34]
 [34 33 29 ... 29 33 35]
 ...
 [16 16 16 ... 16 16 16]
 [15 16 16 ... 16 16 16]
 [15 16 17 ... 17 17 17]]"
82fbc93cd45ab747e7e606f2c52c7335,Tallenge Christmas Collection - Nativity Art - Gallery Wrap Canvas Painting,home decor & festive needs,"tallenge christmas collection    nativity art    gallery wrap canvas painting      inch x     inch 
                          price   rs       
				
			 countdown   time select gift friend family   maybe   tallenge store bring christmas art collection season give awesome spread holiday cheer   cuddly puppy christmas colour abstract art   cover fresh collection   art leave lasting impression  

 beautiful photo print high quality      gsm coat import canvas gloss finish high resolution hp inkjet large format production printer deliver sophisticated elegant museum quality print   come convenient size      inch x     inch hook perfect keep office desk table  

 tallenge store lead affordable art marketplace curate artwork photograph artist world   buy original art   print   canvas   gift   artist photographer original work get pay purchase continue love    create beautiful art 
 countdown   time select gift friend family   maybe   tallenge store bring christmas art collection season give awesome spread holiday cheer   cuddly puppy christmas colour abstract art   cover fresh collection   art leave lasting impression  

 beautiful photo print high quality      gsm coat import canvas gloss finish high resolution hp inkjet large format production printer deliver sophisticated elegant museum quality print   come convenient size      inch x     inch hook perfect keep office desk table  

 tallenge store lead affordable art marketplace curate artwork photograph artist world   buy original art   print   canvas   gift   artist photographer original work get pay purchase continue love    create beautiful art",82fbc93cd45ab747e7e606f2c52c7335.jpg,"[[246 246 246 ... 241 241 241]
 [246 246 246 ... 241 241 241]
 [247 247 247 ... 241 241 241]
 ...
 [222 222 223 ... 217 218 218]
 [218 218 219 ... 225 226 226]
 [216 216 217 ... 228 228 229]]"
07912328f580cf080d721e6466287896,Wallmantra Abstract Colors Modern Art Wall Hanging Canvas Painting,home decor & festive needs,buy wallmantra abstract color modern art wall hang canvas painting rs       online   wallmantra abstract color modern art wall hang canvas painting good price free shipping    cash delivery   genuine product      day replacement guarantee,07912328f580cf080d721e6466287896.jpg,"[[59 57 55 ... 56 58 59]
 [56 53 48 ... 47 51 54]
 [54 50 40 ... 35 44 50]
 ...
 [ 1  0  1 ...  1  0  0]
 [ 1  0  0 ...  0  0  0]
 [ 1  1  0 ...  0  0  0]]"
10b6738d7058738a9a7d107bbb2833f4,HouseAttire Abstract Cushions Cover,home furnishing,buy houseattire abstract cushion cover rs       flipkart com   genuine product   free shipping   cash delivery,10b6738d7058738a9a7d107bbb2833f4.jpg,"[[245 240 229 ... 255 255 255]
 [240 232 220 ... 254 255 255]
 [232 221 209 ... 242 253 255]
 ...
 [255 252 233 ... 254 255 255]
 [255 254 247 ... 255 255 255]
 [255 255 252 ... 255 255 255]]"
59247d4024d85bfaf9e48368cba6d870,Moonleaf Geometric Cushions Cover,home furnishing,buy moonleaf geometric cushion cover rs       flipkart com   genuine product   free shipping   cash delivery,59247d4024d85bfaf9e48368cba6d870.jpg,"[[255 255 255 ... 228 186 170]
 [255 255 242 ... 176 142 135]
 [255 255 222 ... 111 111 120]
 ...
 [124 143 172 ... 116 147 194]
 [183 203 229 ... 123 170 227]
 [226 240 255 ... 141 198 255]]"
7d99ac27ad194bc62000c46779c42732,Vgstore Rectangular Pack of 6 Table Placemat,home furnishing,specification vgstore rectangular pack    table placemat   dark blue   pvc   general brand vgstore shape rectangular design code blstri material pvc style code strblue color dark blue box number content sale package pack  ,7d99ac27ad194bc62000c46779c42732.jpg,"[[255 255 255 ... 255 255 255]
 [255 255 255 ... 255 255 255]
 [255 255 255 ... 255 255 255]
 ...
 [255 255 255 ... 255 255 255]
 [255 255 255 ... 255 255 255]
 [255 255 255 ... 255 255 255]]"
14bc693d9b86c58696e5917045e9d4de,Sapatos Plain Single Duvet White,home furnishing,buy sapatos plain single duvet white rs        flipkart com   genuine product   free shipping   cash delivery,14bc693d9b86c58696e5917045e9d4de.jpg,"[[255 255 255 ... 255 255 255]
 [255 255 255 ... 255 255 255]
 [255 255 255 ... 255 255 255]
 ...
 [255 255 255 ... 254 254 254]
 [255 255 255 ... 255 255 255]
 [255 255 255 ... 255 255 255]]"
1218fd9be42d45a81846db9f65a983bd,Jaipur Raga Lord Krishna Showpiece  -  14 cm,home decor & festive needs,buy jaipur raga lord krishna showpiece         cm rs      online   jaipur raga lord krishna showpiece         cm good price free shipping    cash delivery   genuine product      day replacement guarantee,1218fd9be42d45a81846db9f65a983bd.jpg,"[[253 253 253 ... 253 253 253]
 [253 253 253 ... 253 253 253]
 [253 253 253 ... 253 253 253]
 ...
 [253 253 253 ... 253 253 253]
 [253 253 253 ... 253 253 253]
 [253 253 253 ... 253 253 253]]"
3f9f12fa8fc6d7ebef136040f179a201,Sapatos Plain Single Dohar Fushia,home furnishing,"sapatos plain single dohar fushia     piece brown single dohar 
                          price   r       
				
			 add spunk home decor beautifully design dohar sapatos   craft provide utmost comfort   exquisite quilt ensure look forward crash bed tiring day 
 add spunk home decor beautifully design dohar sapatos   craft provide utmost comfort   exquisite quilt ensure look forward crash bed tiring day",3f9f12fa8fc6d7ebef136040f179a201.jpg,"[[255 255 255 ... 255 255 255]
 [255 255 255 ... 255 255 255]
 [255 255 255 ... 255 255 255]
 ...
 [255 255 255 ... 254 254 254]
 [255 255 255 ... 255 255 255]
 [255 255 255 ... 255 255 255]]"
7915f1c0703450d4b1446c06066d9a59,"Home Originals Abstract, Abstract Double Blanket Multicolor",home furnishing,buy home original abstract   abstract double blanket multicolor rs        flipkart com   genuine product   free shipping   cash delivery,7915f1c0703450d4b1446c06066d9a59.jpg,"[[216 219 229 ... 223 225 226]
 [214 219 227 ... 223 225 226]
 [219 221 224 ... 224 226 227]
 ...
 [160 163 166 ... 142 145 147]
 [164 165 166 ... 138 139 140]
 [167 167 166 ... 137 136 136]]"
595f508cdfbfa162d0fe7b97cc99ef42,RajasthaniKart Floral Double Quilts & Comforters Multicolor,home furnishing,buy rajasthanikart floral double quilt    comforter multicolor rs        flipkart com   genuine product   free shipping   cash delivery,595f508cdfbfa162d0fe7b97cc99ef42.jpg,"[[255 255 255 ... 255 255 255]
 [255 255 255 ... 255 255 255]
 [255 255 255 ... 255 255 255]
 ...
 [255 255 255 ... 255 255 255]
 [255 255 255 ... 255 255 255]
 [255 255 255 ... 255 255 255]]"
8a306758531cffad41e7a28e41576c49,Golmaalshop Showpiece  -  27.9 cm,home decor & festive needs,buy golmaalshop showpiece           cm rs      online   golmaalshop showpiece           cm good price free shipping    cash delivery   genuine product      day replacement guarantee,8a306758531cffad41e7a28e41576c49.jpg,"[[255 255 255 ... 255 255 255]
 [255 255 255 ... 255 255 255]
 [255 255 255 ... 255 255 255]
 ...
 [255 255 255 ... 255 255 255]
 [255 255 255 ... 255 255 255]
 [255 255 255 ... 255 255 255]]"
ff24511994fc459d04145231c8876d6c,"Home Originals Polka, Abstract Double Blanket Multicolor",home furnishing,buy home original polka   abstract double blanket multicolor rs        flipkart com   genuine product   free shipping   cash delivery,ff24511994fc459d04145231c8876d6c.jpg,"[[165 169 175 ...  70 131 174]
 [164 167 173 ...  70 132 176]
 [163 168 166 ...  71 135 181]
 ...
 [161 164 166 ... 138 141 143]
 [165 166 166 ... 135 136 137]
 [167 166 165 ... 134 134 135]]"
ce9207944cedeaa82e4ea6269586af2a,Indigocart Plain Double Dohar Grey,home furnishing,buy indigocart plain double dohar grey rs        flipkart com   genuine product   free shipping   cash delivery,ce9207944cedeaa82e4ea6269586af2a.jpg,"[[255 255 255 ... 255 255 255]
 [255 255 255 ... 255 255 255]
 [255 255 255 ... 255 255 255]
 ...
 [255 255 255 ... 251 254 255]
 [255 255 255 ... 254 255 255]
 [255 255 255 ... 255 255 255]]"
dbca6ab4ebf827884073e2890388b744,U & ME Cotton Plastic Diaper Reuseable Pad Small -Blue,baby care,"u    cotton plastic diaper reuseable pad small   blue 
                          price   r     
				
			 cotton plastic diaper tell nappy lil cotton fabric outside plastic inside pad baby feel comfortable suitable size child      month   hand wash recommend 
 cotton plastic diaper tell nappy lil cotton fabric outside plastic inside pad baby feel comfortable suitable size child      month   hand wash recommend",dbca6ab4ebf827884073e2890388b744.jpg,"[[255 255 255 ... 255 255 255]
 [255 255 255 ... 255 255 255]
 [255 255 255 ... 255 255 255]
 ...
 [255 255 255 ... 255 255 255]
 [255 255 255 ... 255 255 255]
 [255 255 255 ... 255 255 255]]"
7729e54756a60aecb2067a747c890913,Golmaalshop Showpiece  -  12.7 cm,home decor & festive needs,buy golmaalshop showpiece           cm rs      online   golmaalshop showpiece           cm good price free shipping    cash delivery   genuine product      day replacement guarantee,7729e54756a60aecb2067a747c890913.jpg,"[[255 255 255 ... 255 255 255]
 [255 255 255 ... 255 255 255]
 [255 255 255 ... 255 255 255]
 ...
 [255 255 255 ... 255 255 255]
 [255 255 255 ... 255 255 255]
 [255 255 255 ... 255 255 255]]"
28401ff0dbc191d34c2f1103e78e082a,Frabjous Floral Single Quilts & Comforters Multicolor,home furnishing,"frabjous floral single quilt    comforter multicolor     quit 
                          price   rs       
				
			 lightweight absorbent   blanket ideal cold winter night   print side delay have wash 
 lightweight absorbent   blanket ideal cold winter night   print side delay have wash",28401ff0dbc191d34c2f1103e78e082a.jpg,"[[ 87 104 150 ... 255 255 255]
 [ 86 103 158 ... 255 255 255]
 [ 91  97 136 ... 255 255 255]
 ...
 [255 255 255 ... 208 208 207]
 [255 255 255 ... 207 208 209]
 [255 255 255 ... 206 208 209]]"
227fc5c4fca14c424ff33e40941d22fa,MyKid Nappy,baby care,flipkart com offer mykid nappy rs        flipkart com   genuine product   free shipping   cash delivery,227fc5c4fca14c424ff33e40941d22fa.jpg,"[[255 255 255 ... 255 255 255]
 [255 255 255 ... 255 255 255]
 [255 255 255 ... 253 254 255]
 ...
 [255 255 255 ... 231 245 255]
 [255 255 255 ... 246 252 255]
 [255 255 255 ... 253 255 255]]"
841b14271aa4c29f291f600c9556145c,"Home Originals Abstract, Geometric Double Blanket Multicolor",home furnishing,buy home original abstract   geometric double blanket multicolor rs        flipkart com   genuine product   free shipping   cash delivery,841b14271aa4c29f291f600c9556145c.jpg,"[[235 235 237 ... 180 137  99]
 [235 236 239 ... 176 144 112]
 [233 235 239 ... 180 167 150]
 ...
 [166 165 164 ... 146 149 149]
 [167 167 166 ... 139 142 142]
 [169 168 167 ... 134 138 139]]"
6acca991d2353781779b866e4f96edd9,"Home Originals Abstract, Checkered Double Blanket Multicolor",home furnishing,buy home original abstract   checker double blanket multicolor rs        flipkart com   genuine product   free shipping   cash delivery,6acca991d2353781779b866e4f96edd9.jpg,"[[235 235 237 ... 180 137  99]
 [235 236 239 ... 176 144 112]
 [233 235 239 ... 180 167 150]
 ...
 [164 165 167 ... 142 144 146]
 [167 167 166 ... 138 138 139]
 [168 167 165 ... 138 136 136]]"
d68b774e9529a4b94a5c6c8943a1b8b3,Pioneer Pragati Floral Single Duvet Orange,home furnishing,"pioneer pragati floral single duvet orange     duvet 
                          price   rs       
				
			 world famous jaipuri pure cotton single bed comforter   populary call dohar   traditional sanganeri gold print rajasthan   comforter    layer cover fluffy middle layer high grade flannel sheet layer cotton fabric   light weight   ideal travel 

 product usage 
 envelop fold unique decorative comforter drift exotic land   ensconce fold buttery soft cotton comforter sleep sweet deep   choose spend night cocoon warm cozy slumber choose indulge restful afternoon siesta 

 specification 

 product dimension   lxb     x    inch 
 item type   single bed comforter 
 color   multicolor 
 material   cloth 
 specialty   gold print floral design quilt 
 fill   high grade flannel sheet 
 fabric gsm     
 wash care 
 dryclean 

 disclaimer 
 item handmade   fine design   pattern color tone product vary slightly show image     compromise quality 

 return policy 
 question ask    day return   replacement   satisfied product 

 brand 
 pioneer pragati 
 world famous jaipuri pure cotton single bed comforter   populary call dohar   traditional sanganeri gold print rajasthan   comforter    layer cover fluffy middle layer high grade flannel sheet layer cotton fabric   light weight   ideal travel 

 product usage 
 envelop fold unique decorative comforter drift exotic land   ensconce fold buttery soft cotton comforter sleep sweet deep   choose spend night cocoon warm cozy slumber choose indulge restful afternoon siesta 

 specification 

 product dimension   lxb     x    inch 
 item type   single bed comforter 
 color   multicolor 
 material   cloth 
 specialty   gold print floral design quilt 
 fill   high grade flannel sheet 
 fabric gsm     
 wash care 
 dryclean 

 disclaimer 
 item handmade   fine design   pattern color tone product vary slightly show image     compromise quality 

 return policy 
 question ask    day return   replacement   satisfied product 

 brand 
 pioneer pragati",d68b774e9529a4b94a5c6c8943a1b8b3.jpg,"[[255 255 255 ... 255 255 255]
 [255 255 255 ... 255 255 255]
 [255 255 255 ... 255 255 255]
 ...
 [255 255 255 ... 255 255 255]
 [255 255 255 ... 255 255 255]
 [255 255 255 ... 255 255 255]]"
83b7c331ebdd018bea7cecb6171eda96,"Home Originals Geometric, Striped Double Blanket Multicolor",home furnishing,buy home original geometric   stripe double blanket multicolor rs        flipkart com   genuine product   free shipping   cash delivery,83b7c331ebdd018bea7cecb6171eda96.jpg,"[[202 211 227 ... 226 227 227]
 [203 213 227 ... 226 227 227]
 [211 217 226 ... 226 227 227]
 ...
 [159 161 164 ... 141 143 146]
 [164 165 166 ... 137 139 140]
 [168 168 166 ... 137 138 138]]"
a371cfcae8c6ec3b82ae37a83a8ae9b9,Sapatos Plain Single Duvet Blue,home furnishing,"sapatos plain single duvet blue     piece brown single duvet 
                          price   r       
				
			 add spunk home decor beautifully design duvet sapatos   craft provide utmost comfort   exquisite quilt ensure look forward crash bed tiring day 
 add spunk home decor beautifully design duvet sapatos   craft provide utmost comfort   exquisite quilt ensure look forward crash bed tiring day",a371cfcae8c6ec3b82ae37a83a8ae9b9.jpg,"[[255 255 255 ... 255 255 255]
 [255 255 255 ... 255 255 255]
 [255 255 255 ... 255 255 255]
 ...
 [255 255 255 ... 254 254 254]
 [255 255 255 ... 255 255 255]
 [255 255 255 ... 255 255 255]]"
b33d82c619bf88c3e3bb8f53beab0c4b,Home Originals Abstract Double Quilts & Comforters Multicolor,home furnishing,buy home original abstract double quilt    comforter multicolor rs        flipkart com   genuine product   free shipping   cash delivery,b33d82c619bf88c3e3bb8f53beab0c4b.jpg,"[[224 228 238 ... 225 226 226]
 [217 222 233 ... 225 226 226]
 [202 212 227 ... 225 226 226]
 ...
 [165 166 166 ... 133 136 138]
 [165 166 168 ... 131 133 136]
 [166 167 170 ... 129 131 134]]"
3dfdf277bccb74532c0387adfed2897d,Pompom Sweethearts Velcro U Shape Nappy Set Of 5,baby care,flipkart com offer pompom sweetheart velcro u shape nappy set    rs        flipkart com   genuine product   free shipping   cash delivery,3dfdf277bccb74532c0387adfed2897d.jpg,"[[255 255 255 ... 255 255 255]
 [255 255 255 ... 255 255 255]
 [255 255 255 ... 255 255 255]
 ...
 [255 255 254 ... 255 255 255]
 [255 255 254 ... 255 255 255]
 [255 255 255 ... 255 255 255]]"
5cd3d274d71e1e0d6bf075421461b2d5,Sapatos Geometric Single Duvet Purple & Pink,home furnishing,"sapatos geometric single duvet purple    pink   single duvet 
                          price   r       
				
			 add spunk home decor beautifully design duvet sapatos   craft provide utmost comfort   exquisite duvet ensure look forward crash bed tiring day 
 add spunk home decor beautifully design duvet sapatos   craft provide utmost comfort   exquisite duvet ensure look forward crash bed tiring day",5cd3d274d71e1e0d6bf075421461b2d5.jpg,"[[244 244 246 ...  46  46  46]
 [240 241 244 ...  46  46  46]
 [236 238 244 ...  46  46  46]
 ...
 [114 113 109 ... 181 181 182]
 [113 112 108 ... 181 182 182]
 [112 111 108 ... 181 182 183]]"
52a8d66e466da645e413d2cecc294bd9,SPANGLE Floral King Blanket CC0070001,home furnishing,"spangle floral king blanket cc          mink blanket   blanket storage bag 
                          price   rs       
				
			 soft mink blanket yarn warm 
 soft mink blanket yarn warm",52a8d66e466da645e413d2cecc294bd9.jpg,"[[248 248 248 ... 248 248 248]
 [248 248 248 ... 248 248 248]
 [248 248 248 ... 248 248 248]
 ...
 [248 248 248 ... 248 248 248]
 [248 248 248 ... 248 248 248]
 [248 248 248 ... 248 248 248]]"
7091af252a785131c5a124fb90705fda,Sapatos Plain Single Duvet Red,home furnishing,"sapatos plain single duvet red   single duvet 
                          price   r       
				
			 add spunk home decor beautifully design duvet sapatos   craft provide utmost comfort   exquisite duvet ensure look forward crash bed tiring day 
 add spunk home decor beautifully design duvet sapatos   craft provide utmost comfort   exquisite duvet ensure look forward crash bed tiring day",7091af252a785131c5a124fb90705fda.jpg,"[[244 244 246 ...  54  54  54]
 [240 241 244 ...  54  54  54]
 [236 238 243 ...  54  54  54]
 ...
 [116 115 111 ... 182 183 183]
 [114 113 110 ... 183 184 184]
 [113 112 110 ... 183 184 184]]"
7c785e9e26092c0b6ed038085e90d89d,House This Yellow 150 cm Table Runner,home furnishing,buy house yellow      cm table runner rs       flipkart com   genuine product   free shipping   cash delivery,7c785e9e26092c0b6ed038085e90d89d.jpg,"[[235 224 211 ... 252 252 251]
 [221 204 183 ... 236 237 240]
 [203 178 150 ... 192 202 216]
 ...
 [253 253 253 ... 243 242 244]
 [254 254 254 ... 255 254 254]
 [254 254 255 ... 255 255 255]]"
00cbbc837d340fa163d11e169fbdb952,Flazee Home Trends Beige 144.78 cm Table Runner,home furnishing,buy flazee home trend beige         cm table runner rs       flipkart com   genuine product   free shipping   cash delivery,00cbbc837d340fa163d11e169fbdb952.jpg,"[[255 240 212 ... 254 254 255]
 [255 240 211 ... 254 254 254]
 [255 240 213 ... 236 240 245]
 ...
 [255 255 255 ... 182 182 182]
 [255 255 255 ... 181 182 183]
 [255 255 255 ... 181 183 185]]"
282102897daa1c2513cf76837a8d5a4c,Craftartz Buddha Brass Idol Dhyan Mudra Showpiece  -  14 cm,home decor & festive needs,"craftartz buddha brass idol dhyan mudra showpiece         cm   brass   gold 
                          price   r     
				
			 home feel serenity brass sculpture lord buddha   god hinduism buddhism   lord buddha   accord hindu mythology   know bring enlightenment believer worshipper   buddha mean   awaken     enlightened     buddha   title awakened era   yellow brass metal make home décor vibrant 
 place statue vantage point home office draw inner strength   install statue home temple perform puja upasana hindu way   idol fine work art help enhance home décor   exquisite piece brass   buddha home décor office   excellent gift item house warming festive occassion   excellent corporate gift 
 home feel serenity brass sculpture lord buddha   god hinduism buddhism   lord buddha   accord hindu mythology   know bring enlightenment believer worshipper   buddha mean   awaken     enlightened     buddha   title awakened era   yellow brass metal make home décor vibrant 
 place statue vantage point home office draw inner strength   install statue home temple perform puja upasana hindu way   idol fine work art help enhance home décor   exquisite piece brass   buddha home décor office   excellent gift item house warming festive occassion   excellent corporate gift",282102897daa1c2513cf76837a8d5a4c.jpg,"[[255 255 255 ... 255 255 255]
 [255 255 255 ... 255 255 255]
 [255 255 255 ... 255 255 255]
 ...
 [254 255 255 ... 255 255 255]
 [253 254 255 ... 255 255 255]
 [253 254 255 ... 255 255 255]]"
eda00df2c5e1d006a8608e881bfcf300,HoA Baby Nappy Set of 6 - Plain Pure Cotton - Assorted,baby care,flipkart com offer hoa baby nappy set      plain pure cotton    assort rs        flipkart com   genuine product   free shipping   cash delivery,eda00df2c5e1d006a8608e881bfcf300.jpg,"[[255 255 255 ... 255 255 255]
 [255 255 255 ... 255 255 255]
 [255 255 255 ... 255 255 255]
 ...
 [252 243 220 ... 255 255 255]
 [254 254 252 ... 255 255 255]
 [255 255 255 ... 255 255 255]]"
fd75569f00649bda69d490d54e01378c,Gift Studios Ganesha Stone Showpiece  -  17.6 cm,home decor & festive needs,buy gift studio ganesha stone showpiece           cm rs      online   gift studio ganesha stone showpiece           cm good price free shipping    cash delivery   genuine product      day replacement guarantee,fd75569f00649bda69d490d54e01378c.jpg,"[[201 200 198 ... 141 141 141]
 [201 200 199 ... 142 141 141]
 [201 200 201 ... 144 141 140]
 ...
 [231 231 230 ... 227 227 227]
 [231 231 230 ... 225 225 225]
 [231 231 230 ... 225 225 225]]"
cc2acb156df3202f172b280132ab459a,Dhrohar Red 72 cm Table Runner,home furnishing,buy dhrohar red     cm table runner rs       flipkart com   genuine product   free shipping   cash delivery,cc2acb156df3202f172b280132ab459a.jpg,"[[255 255 255 ... 255 255 255]
 [255 255 255 ... 255 255 255]
 [255 255 255 ... 255 255 255]
 ...
 [255 255 255 ... 255 255 255]
 [255 255 255 ... 255 255 255]
 [255 255 255 ... 255 255 255]]"
984983d05e18e63d1a314e86cb362ae5,VRCT 196 inch Green Rice Lights,home decor & festive needs,key feature vrct      inch green rice light number bulb       multifunction   flickre bulb type   lead specification vrct      inch green rice light   pack     general brand vrct multi function flickre model number green s      bulb type lead length      inch number bulb      color green box sale package    rice light     adaptor pack  ,984983d05e18e63d1a314e86cb362ae5.jpg,"[[255 255 255 ... 255 255 255]
 [255 255 255 ... 255 255 255]
 [255 255 255 ... 255 255 255]
 ...
 [255 255 255 ... 255 255 255]
 [255 255 255 ... 255 255 255]
 [255 255 255 ... 255 255 255]]"
cabeeb2c7f68a833964bf7329d360886,Foolzy Pack of 24 Lipsticks 84 g,beauty and personal care,flipkart com   buy foolzy pack     lipstick     g r        flipkart com     low price   genuine product      day replacement guarantee   free shipping   cash delivery,cabeeb2c7f68a833964bf7329d360886.jpg,"[[255 255 255 ... 255 255 255]
 [255 255 255 ... 255 255 255]
 [255 255 255 ... 255 255 255]
 ...
 [255 255 255 ... 255 255 255]
 [255 255 255 ... 255 255 255]
 [255 255 255 ... 255 255 255]]"
ed1a2a831475966a779524ba67ae2ac7,Tidy Green Cotton Kitchen Linen Set,home furnishing,specification tidy green cotton kitchen linen set   pack     general brand tidy design code rmhg material cotton style code rmhg     design print glove color green dimension weight      g additional feature fabric care gentle wash box number content sale package pack    sale package hand glove   pc   pot holder   piece,ed1a2a831475966a779524ba67ae2ac7.jpg,"[[255 255 255 ... 255 255 255]
 [255 255 255 ... 255 255 255]
 [255 255 255 ... 255 255 255]
 ...
 [255 255 255 ... 255 255 255]
 [255 255 255 ... 255 255 255]
 [255 255 255 ... 255 255 255]]"
2bf95e5f8c4d7d0126de92e476d4fc8b,Sonpra Baby Boy's Bodysuit,baby care,"sonpra baby boy s bodysuit 
                          price   rs     
				
			      cotton baby romper bodysuit    combination solid    stripe    bodysuit   pack      good gift baby 
   kid safety    premium quality soft fabric 
   save little cutie pie    surely avoid baby worry kid s safety    house sonpra set available online website protect kid 
      cotton baby romper bodysuit    combination solid    stripe    bodysuit   pack      good gift baby 
   kid safety    premium quality soft fabric 
   save little cutie pie    surely avoid baby worry kid s safety    house sonpra set available online website protect kid",2bf95e5f8c4d7d0126de92e476d4fc8b.jpg,"[[255 255 255 ... 255 255 255]
 [255 255 255 ... 255 255 255]
 [255 255 255 ... 255 255 255]
 ...
 [255 255 255 ... 255 255 255]
 [255 255 255 ... 255 255 255]
 [255 255 255 ... 255 255 255]]"
470ff3c4e22d237f5a75ac07225e513e,Canon Toner Cartridge 416 Black,computers,buy canon toner cartridge      black r          flipkart com   genuine product      day replacement guarantee   free shipping   cash delivery,470ff3c4e22d237f5a75ac07225e513e.jpg,"[[255 255 255 ... 254 254 253]
 [255 255 255 ... 254 253 253]
 [255 255 255 ... 254 252 251]
 ...
 [254 254 254 ... 253 246 238]
 [254 254 254 ... 253 248 244]
 [254 254 254 ... 254 251 247]]"
f28dbe6996336f063e804f353d7de4ce,Radhika's World of Crafts Ganesha with Prabhavali Showpiece  -  19 cm,home decor & festive needs,"radhika s world craft ganesha prabhavali showpiece         cm   brass   yellow 
                          price   rs       
				
			 beautiful idol lord ganesha prabhavali   simple design n elegant n magnificent balanced feature like correct body ratio n intricate carving   ideal objet d art pooja room decorative work place home   lord ganesha symbol prosperity n remover obstacle place   care 

 good quality brass antique finish master craftsman 

 size   length         width          height        
 weight        gram app 

 artifact maintenance free 
 beautiful idol lord ganesha prabhavali   simple design n elegant n magnificent balanced feature like correct body ratio n intricate carving   ideal objet d art pooja room decorative work place home   lord ganesha symbol prosperity n remover obstacle place   care 

 good quality brass antique finish master craftsman 

 size   length         width          height        
 weight        gram app 

 artifact maintenance free",f28dbe6996336f063e804f353d7de4ce.jpg,"[[254 254 254 ... 254 254 254]
 [254 254 254 ... 254 254 254]
 [254 254 254 ... 254 254 254]
 ...
 [255 255 255 ... 255 255 255]
 [255 255 255 ... 255 255 255]
 [255 255 255 ... 255 255 255]]"
aa82b75da7579007963e53b6f818281b,AntiqueShop ABKL_GRN_GRN_GRN,beauty and personal care,key feature antiqueshop abkl grn grn grn soft skin rope loop easy hang durable   long last material great liquid soap body wash soft sponge   comforting relax warm shower antiqueshop abkl grn grn grn price   rs       brand new nylon body shower bath puff sponge loofah wash   reach scrubber reach   product soft mesh   craft perfectly think exfoliate gently skin   body scrub away dead skin   soft skin   rope loop easy hang   durable   long last material   great liquid soap body wash   soft sponge   comforting relax warm shower   range antiqueshop   kindly type   antiqueshop   flipkart search   note colour picture product receive varry depend availability stock   specification antiqueshop abkl grn grn grn box    loofah loofah trait material nylon size medium additional trait great liquid soap body wash,aa82b75da7579007963e53b6f818281b.jpg,"[[255 255 255 ... 255 255 255]
 [255 255 255 ... 255 255 255]
 [255 255 255 ... 255 255 255]
 ...
 [255 255 255 ... 255 255 255]
 [255 255 255 ... 255 255 255]
 [255 255 255 ... 255 255 255]]"
e33795f66b2a42ac56095ae704ab25b6,AntiqueShop ABKL_PL_PNK_PNK,beauty and personal care,key feature antiqueshop abkl pl pnk pnk soft skin rope loop easy hang durable   long last material great liquid soap body wash soft sponge   comforting relax warm shower antiqueshop abkl pl pnk pnk price   rs       brand new nylon body shower bath puff sponge loofah wash   reach scrubber reach   product soft mesh   craft perfectly think exfoliate gently skin   body scrub away dead skin   soft skin   rope loop easy hang   durable   long last material   great liquid soap body wash   soft sponge   comforting relax warm shower   range antiqueshop   kindly type   antiqueshop   flipkart search   note colour picture product receive varry depend availability stock   specification antiqueshop abkl pl pnk pnk box    loofah loofah trait material nylon size medium additional trait great liquid soap body wash,e33795f66b2a42ac56095ae704ab25b6.jpg,"[[255 255 255 ... 255 255 255]
 [255 255 249 ... 255 255 255]
 [252 249 230 ... 255 255 255]
 ...
 [255 255 255 ... 255 255 255]
 [255 255 255 ... 255 255 255]
 [255 255 255 ... 255 255 255]]"
1dbe1f3ba28460dffef4a1d664549621,AntiqueShop ABKL_PL_PL_PNK,beauty and personal care,key feature antiqueshop abkl pl pl pnk soft skin rope loop easy hang durable   long last material great liquid soap body wash soft sponge   comforting relax warm shower antiqueshop abkl pl pl pnk price   rs       brand new nylon body shower bath puff sponge loofah wash   reach scrubber reach   product soft mesh   craft perfectly think exfoliate gently skin   body scrub away dead skin   soft skin   rope loop easy hang   durable   long last material   great liquid soap body wash   soft sponge   comforting relax warm shower   range antiqueshop   kindly type   antiqueshop   flipkart search   note colour picture product receive varry depend availability stock   specification antiqueshop abkl pl pl pnk box    loofah loofah trait material nylon size medium additional trait great liquid soap body wash,1dbe1f3ba28460dffef4a1d664549621.jpg,"[[255 255 255 ... 255 255 255]
 [255 255 255 ... 255 255 255]
 [255 255 255 ... 255 255 255]
 ...
 [255 255 255 ... 255 255 255]
 [255 255 255 ... 255 255 255]
 [255 255 255 ... 255 255 255]]"
5fdb912462da9891e5b21c677ceb15e4,brass gift center Showpiece  -  48 cm,home decor & festive needs,key feature brass gift center showpiece         cm brass height       cm width       cm weight         g specification brass gift center showpiece         cm   brass   multicolor   general brand brass gift center model number lady statu showpiece type human figurine material brass color multicolor dimension weight       g height     cm width     cm depth     cm box sale package piece statu,5fdb912462da9891e5b21c677ceb15e4.jpg,"[[255 255 255 ... 255 255 255]
 [255 255 255 ... 255 255 255]
 [255 255 255 ... 255 255 255]
 ...
 [255 255 255 ... 255 255 255]
 [255 255 255 ... 255 255 255]
 [255 255 255 ... 255 255 255]]"
52877a6306aef18af67ab54c8233c931,Buyer's Beach BB349,kitchen & dining,buyer s beach bb      brown   price   rs       stylish discernment   multicolor cup procure individual boundless compliment companion   likewise   specific artistic altered light convenient   chip resistant additionally dishwasher danger free   specification buyer s beach bb      brown   general brand buyer s beach model number bb     type tea dishwasher safe yes material ceramic color brown box sale package    cup,52877a6306aef18af67ab54c8233c931.jpg,"[[255 255 255 ... 255 255 255]
 [255 255 255 ... 255 255 255]
 [255 255 255 ... 255 255 255]
 ...
 [255 255 255 ... 255 255 255]
 [255 255 255 ... 255 255 255]
 [255 255 255 ... 255 255 255]]"
fd53c8ed19e77c3e65d767e6aee5fad7,Pindia Apple Macbook Pro 13 13.3 Inch Mb990hn/A & Mb990ll/A USB Yellow Anti-dust Plug,computers,buy pindia apple macbook pro          inch mb    hn    mb    ll usb yellow anti dust plug r      online   pindia apple macbook pro          inch mb    hn    mb    ll usb yellow anti dust plug good price free shipping    cash delivery   genuine product      day replacement guarantee,fd53c8ed19e77c3e65d767e6aee5fad7.jpg,"[[244 237 222 ... 254 255 255]
 [239 229 213 ... 253 254 255]
 [232 218 203 ... 250 253 254]
 ...
 [254 252 249 ... 255 255 255]
 [254 254 252 ... 255 255 255]
 [255 254 253 ... 255 255 255]]"
62cbea6012792cdbe5ff7cac2a6b76d0,Fogg Fashion Store 3003-PK Modish Analog Watch  - For Women,watches,fogg fashion store       pk modish analog watch     woman    buy fogg fashion store       pk modish analog watch     woman        pk online rs      india flipkart com     great discount   genuine product      day replacement guarantee   free shipping   cash delivery,62cbea6012792cdbe5ff7cac2a6b76d0.jpg,"[[255 255 255 ... 255 255 255]
 [255 255 255 ... 255 255 255]
 [255 255 255 ... 255 255 255]
 ...
 [255 255 255 ... 255 255 255]
 [255 255 255 ... 255 255 255]
 [255 255 255 ... 255 255 255]]"
a97b85d31d715c65b2970c4177eb0fda,Nutcase Sticker Wrap Design - North 800 ml Bottle,kitchen & dining,"nutcase sticker wrap design    north      ml bottle   pack     multicolor 
                          price   r     
				
			 nutcase bring designer water bottle    nutcase bottle reflect style   attitude   aluminium water bottle come harness hook    waterproof sticker wrap fresh    quirky playful design  
 nutcase bring designer water bottle    nutcase bottle reflect style   attitude   aluminium water bottle come harness hook    waterproof sticker wrap fresh    quirky playful design  ",a97b85d31d715c65b2970c4177eb0fda.jpg,"[[255 255 255 ... 255 255 255]
 [255 255 255 ... 255 255 255]
 [255 255 255 ... 255 255 255]
 ...
 [255 255 255 ... 255 255 255]
 [255 255 255 ... 255 255 255]
 [255 255 255 ... 255 255 255]]"
d47f1cb78db4a23e2516e2d34da34c8a,Nutcase Sticker Wrap Design - Pineapple 800 ml Bottle,kitchen & dining,"nutcase sticker wrap design    pineapple      ml bottle   pack     multicolor 
                          price   r     
				
			 nutcase bring designer water bottle    nutcase bottle reflect style   attitude   aluminium water bottle come harness hook    waterproof sticker wrap fresh    quirky playful design  
 nutcase bring designer water bottle    nutcase bottle reflect style   attitude   aluminium water bottle come harness hook    waterproof sticker wrap fresh    quirky playful design  ",d47f1cb78db4a23e2516e2d34da34c8a.jpg,"[[255 255 255 ... 255 255 255]
 [255 255 255 ... 255 255 255]
 [255 255 255 ... 255 255 255]
 ...
 [255 255 255 ... 255 255 255]
 [255 255 255 ... 255 255 255]
 [255 255 255 ... 255 255 255]]"
73523a8cc9a5c04a010d0307f2f2827a,Nutcase Sticker Wrap Design - Gummy Bears 800 ml Bottle,kitchen & dining,"nutcase sticker wrap design    gummy bear      ml bottle   pack     multicolor 
                          price   r     
				
			 nutcase bring designer water bottle    nutcase bottle reflect style   attitude   aluminium water bottle come harness hook    waterproof sticker wrap fresh    quirky playful design  
 nutcase bring designer water bottle    nutcase bottle reflect style   attitude   aluminium water bottle come harness hook    waterproof sticker wrap fresh    quirky playful design  ",73523a8cc9a5c04a010d0307f2f2827a.jpg,"[[255 255 255 ... 255 255 255]
 [255 255 255 ... 255 255 255]
 [255 255 255 ... 255 255 255]
 ...
 [254 254 254 ... 253 253 254]
 [255 255 255 ... 255 255 255]
 [255 255 255 ... 255 255 255]]"
daf06eb2b9613900299539558e287701,Nutcase Sticker Wrap Design - Mint & Grey Chevron 800 ml Bottle,kitchen & dining,"nutcase sticker wrap design    mint    grey chevron      ml bottle   pack     multicolor 
                          price   r     
				
			 nutcase bring designer water bottle    nutcase bottle reflect style   attitude   aluminium water bottle come harness hook    waterproof sticker wrap fresh    quirky playful design  
 nutcase bring designer water bottle    nutcase bottle reflect style   attitude   aluminium water bottle come harness hook    waterproof sticker wrap fresh    quirky playful design  ",daf06eb2b9613900299539558e287701.jpg,"[[255 255 255 ... 255 255 255]
 [255 255 255 ... 255 255 255]
 [255 255 255 ... 255 255 255]
 ...
 [255 255 255 ... 255 255 255]
 [255 255 255 ... 255 255 255]
 [255 255 255 ... 255 255 255]]"
037c2402fee39fbc80433935711d1383,eCraftIndia Floral Cushions Cover,home furnishing,buy ecraftindia floral cushion cover rs       flipkart com   genuine product   free shipping   cash delivery,037c2402fee39fbc80433935711d1383.jpg,"[[255 233 207 ... 255 255 255]
 [255 223 176 ... 255 255 255]
 [255 208 129 ... 254 255 255]
 ...
 [255 255 255 ... 255 255 255]
 [255 255 255 ... 255 255 255]
 [255 255 255 ... 255 255 255]]"
5321f76936848ccc0003f6c11e923fb5,Mxofere Combo Papaya Aloevera Jasmine Rose Almond Honey Soap Kit,beauty and personal care,buy mxofere combo papaya aloevera jasmine rise almond honey soap kit rs      online   mxofere combo papaya aloevera jasmine rise almond honey soap kit good price free shipping    cash delivery   genuine product      day replacement guarantee,5321f76936848ccc0003f6c11e923fb5.jpg,"[[255 255 255 ... 255 255 255]
 [255 255 255 ... 239 243 247]
 [255 255 255 ... 208 220 231]
 ...
 [255 255 255 ... 255 255 255]
 [255 255 255 ... 255 255 255]
 [255 255 255 ... 255 255 255]]"
532fd66d24261d77d9d8b18cfd1ca0f2,Mxofere Combo Lavender Rose Jasmine Papaya Aloevera Soap Kit,beauty and personal care,buy mxofere combo lavender rise jasmine papaya aloevera soap kit rs      online   mxofere combo lavender rise jasmine papaya aloevera soap kit good price free shipping    cash delivery   genuine product      day replacement guarantee,532fd66d24261d77d9d8b18cfd1ca0f2.jpg,"[[255 255 255 ... 255 254 254]
 [255 255 255 ... 239 243 247]
 [255 255 255 ... 207 219 231]
 ...
 [255 255 255 ... 255 255 255]
 [255 255 255 ... 255 255 255]
 [255 255 255 ... 255 255 255]]"
b2e4a7feb6bbca9cca2c0c1e18acbcfc,Rajasthan Crafts Abstract Single Quilts & Comforters Maroon,home furnishing,buy rajasthan craft abstract single quilt    comforter maroon rs       flipkart com   genuine product   free shipping   cash delivery,b2e4a7feb6bbca9cca2c0c1e18acbcfc.jpg,"[[255 255 255 ... 255 255 255]
 [255 255 255 ... 255 255 255]
 [255 255 255 ... 255 255 255]
 ...
 [255 255 255 ... 255 255 255]
 [255 255 255 ... 255 255 255]
 [255 255 255 ... 255 255 255]]"
a18d4ddb1a1c3463d6719e526573c4ba,Rajasthan Crafts Abstract Single Quilts & Comforters Multicolor,home furnishing,buy rajasthan craft abstract single quilt    comforter multicolor rs       flipkart com   genuine product   free shipping   cash delivery,a18d4ddb1a1c3463d6719e526573c4ba.jpg,"[[255 255 255 ... 255 255 255]
 [255 255 255 ... 255 255 255]
 [255 255 255 ... 255 255 255]
 ...
 [255 255 255 ... 255 255 255]
 [255 255 255 ... 255 255 255]
 [255 255 255 ... 255 255 255]]"
a5e1b49a1ddf038888e6de3523b475fb,Rajasthan Crafts Abstract Single Quilts & Comforters Pink,home furnishing,buy rajasthan craft abstract single quilt    comforter pink rs       flipkart com   genuine product   free shipping   cash delivery,a5e1b49a1ddf038888e6de3523b475fb.jpg,"[[255 255 255 ... 255 255 255]
 [255 255 255 ... 255 255 255]
 [255 255 255 ... 255 255 255]
 ...
 [255 255 255 ... 255 255 255]
 [255 255 255 ... 255 255 255]
 [255 255 255 ... 255 255 255]]"
83cef279f0ea5d772523d0d8b2923fbe,Rajasthan Crafts Abstract Single Quilts & Comforters Green,home furnishing,buy rajasthan craft abstract single quilt    comforter green rs       flipkart com   genuine product   free shipping   cash delivery,83cef279f0ea5d772523d0d8b2923fbe.jpg,"[[255 255 255 ... 255 255 255]
 [255 255 255 ... 255 255 255]
 [255 255 255 ... 255 255 255]
 ...
 [255 255 255 ... 255 255 255]
 [255 255 255 ... 255 255 255]
 [255 255 255 ... 255 255 255]]"
998a39dca0ef610c3a0ea4e9cc6e1681,Tuktuk Abstract Single Dohar Black,home furnishing,buy tuktuk abstract single dohar black rs       flipkart com   genuine product   free shipping   cash delivery,998a39dca0ef610c3a0ea4e9cc6e1681.jpg,"[[184 185 186 ... 187 186 186]
 [184 185 186 ... 186 186 186]
 [185 185 186 ... 186 186 186]
 ...
 [ 68  65  63 ...  40  42  43]
 [ 69  67  61 ...  35  38  40]
 [ 70  69  63 ...  33  35  37]]"
08e8af585235d7403ca2b7b56a51a6d4,Onlinemaniya Abstract Single Quilts & Comforters Multicolor,home furnishing,buy onlinemaniya abstract single quilt    comforter multicolor rs       flipkart com   genuine product   free shipping   cash delivery,08e8af585235d7403ca2b7b56a51a6d4.jpg,"[[254 254 254 ... 254 254 254]
 [254 254 254 ... 254 254 254]
 [254 254 254 ... 254 254 254]
 ...
 [254 254 254 ... 254 254 254]
 [254 254 254 ... 254 254 254]
 [254 254 254 ... 254 254 254]]"
8872dd7ca802f56c1c3ee07e22e84cfd,Buy Clues Abstract Single Quilts & Comforters Gold,home furnishing,buy buy clue abstract single quilt    comforter gold rs        flipkart com   genuine product   free shipping   cash delivery,8872dd7ca802f56c1c3ee07e22e84cfd.jpg,"[[255 255 255 ... 255 255 255]
 [255 255 255 ... 255 255 255]
 [255 255 255 ... 255 255 255]
 ...
 [255 255 255 ... 254 255 255]
 [255 255 255 ... 255 255 255]
 [255 255 255 ... 255 255 255]]"
8ed6faebe087745cc1a3ed5aec2a57cf,Rajlaxmi Checkered Single Quilts & Comforters Multicolor,home furnishing,buy rajlaxmi checker single quilt    comforter multicolor rs       flipkart com   genuine product   free shipping   cash delivery,8ed6faebe087745cc1a3ed5aec2a57cf.jpg,"[[255 255 255 ... 255 255 255]
 [255 255 255 ... 255 255 255]
 [255 255 255 ... 255 255 255]
 ...
 [255 255 255 ... 255 255 255]
 [255 255 255 ... 255 255 255]
 [255 255 255 ... 255 255 255]]"
44a6d9f64668b004c3254f3904142064,"SVM Navratri Special 7 Analog Watch  - For Girls, Women",watches,svm navratri special    analog watch     girl   woman    buy svm navratri special    analog watch     girl   woman   navratri special    online rs      india flipkart com     great discount   genuine product      day replacement guarantee   free shipping   cash delivery,44a6d9f64668b004c3254f3904142064.jpg,"[[255 255 255 ... 255 255 255]
 [255 255 255 ... 255 255 255]
 [255 255 255 ... 255 255 255]
 ...
 [255 255 255 ... 255 255 255]
 [255 255 255 ... 255 255 255]
 [255 255 255 ... 255 255 255]]"
49852d7f69839e0b1006adc55d56938a,Bajya Abstract Single Quilts & Comforters MultiColour,home furnishing,buy bajya abstract single quilt    comforter multicolour rs       flipkart com   genuine product   free shipping   cash delivery,49852d7f69839e0b1006adc55d56938a.jpg,"[[255 255 255 ... 255 255 255]
 [255 255 255 ... 255 255 255]
 [255 255 255 ... 255 255 255]
 ...
 [255 255 255 ... 216 242 252]
 [255 255 255 ... 252 254 254]
 [255 255 255 ... 254 254 254]]"
e80e5151787eb21b0cca0d7dc3b0c338,Fighter FIGH_008 Digital Watch  - For Couple,watches,fighter figh      digital watch     couple    buy fighter figh      digital watch     couple   figh      online rs      india flipkart com     great discount   genuine product      day replacement guarantee   free shipping   cash delivery,e80e5151787eb21b0cca0d7dc3b0c338.jpg,"[[255 255 255 ... 255 255 255]
 [255 255 255 ... 255 255 255]
 [255 255 255 ... 255 255 255]
 ...
 [255 255 255 ... 255 255 255]
 [255 255 255 ... 255 255 255]
 [255 255 255 ... 255 255 255]]"
79e6b64a09ec7d393be193430ea732fe,Luba rk526 Rked Analog Watch  - For Women,watches,luba rk     rke analog watch     woman    buy luba rk     rke analog watch     woman   rk     online rs      india flipkart com     great discount   genuine product      day replacement guarantee   free shipping   cash delivery,79e6b64a09ec7d393be193430ea732fe.jpg,"[[255 255 255 ... 255 255 255]
 [255 255 255 ... 255 255 255]
 [255 255 255 ... 255 255 255]
 ...
 [255 255 255 ... 255 255 255]
 [255 255 255 ... 255 255 255]
 [255 255 255 ... 255 255 255]]"
294a26262643797cb07f72f1b55262ae,Perucci PC-301 Analog Watch  - For Men,watches,perucci pc      analog watch     man    buy perucci pc      analog watch     man   pc      online rs       india flipkart com     great discount   genuine product      day replacement guarantee   free shipping   cash delivery,294a26262643797cb07f72f1b55262ae.jpg,"[[255 255 255 ... 255 255 255]
 [255 255 255 ... 255 255 255]
 [255 255 255 ... 255 255 255]
 ...
 [255 255 255 ... 255 255 255]
 [255 255 255 ... 255 255 255]
 [255 255 255 ... 255 255 255]]"
53b9357d16d4db0a1f9ec4e8ac91e743,Perucci PC-303 Analog Watch  - For Men,watches,perucci pc      analog watch     man    buy perucci pc      analog watch     man   pc      online rs       india flipkart com     great discount   genuine product      day replacement guarantee   free shipping   cash delivery,53b9357d16d4db0a1f9ec4e8ac91e743.jpg,"[[255 255 255 ... 255 255 255]
 [255 255 255 ... 255 255 255]
 [255 255 255 ... 255 255 255]
 ...
 [255 255 255 ... 255 255 255]
 [255 255 255 ... 255 255 255]
 [255 255 255 ... 255 255 255]]"
fc93a41f31c4e997fbfcc5bd0a63ee65,Perucci PC-310 Analog Watch  - For Men,watches,perucci pc      analog watch     man    buy perucci pc      analog watch     man   pc      online rs       india flipkart com     great discount   genuine product      day replacement guarantee   free shipping   cash delivery,fc93a41f31c4e997fbfcc5bd0a63ee65.jpg,"[[255 255 255 ... 255 255 255]
 [255 255 255 ... 255 255 255]
 [255 255 255 ... 255 255 255]
 ...
 [255 255 255 ... 255 255 255]
 [255 255 255 ... 255 255 255]
 [255 255 255 ... 255 255 255]]"
e24ef34ede03630207f0d367f633d8ea,Chappin & Nellson CNL-50-White-RG Analog Watch  - For Women,watches,chappin    nellson cnl     white rg analog watch     woman    buy chappin    nellson cnl     white rg analog watch     woman   cnl     white rg online rs      india flipkart com     great discount   genuine product      day replacement guarantee   free shipping   cash delivery,e24ef34ede03630207f0d367f633d8ea.jpg,"[[247 247 247 ... 247 247 247]
 [247 247 247 ... 247 247 247]
 [247 247 247 ... 247 247 247]
 ...
 [247 247 247 ... 247 247 247]
 [247 247 247 ... 247 247 247]
 [247 247 247 ... 247 247 247]]"
3d8222014ec36292c1c143c5f5e12c29,Nutcase Sticker Wrap Design - Teal & Pink Watercolors 800 ml Bottle,kitchen & dining,nutcase sticker wrap design    teal    pink watercolor      ml bottle r        buy online    flipkart com   genuine product   free shipping   cash delivery,3d8222014ec36292c1c143c5f5e12c29.jpg,"[[255 255 255 ... 255 255 255]
 [255 255 255 ... 255 255 255]
 [255 255 255 ... 255 255 255]
 ...
 [255 255 255 ... 255 255 255]
 [255 255 255 ... 255 255 255]
 [255 255 255 ... 255 255 255]]"
503bb08f7bdf6a395ec564dd1dc83619,Nutcase Sticker Wrap Design - Lucky Elements 800 ml Bottle,kitchen & dining,"nutcase sticker wrap design    lucky element      ml bottle   pack     multicolor 
                          price   r     
				
			 nutcase bring designer water bottle    nutcase bottle reflect style   attitude   aluminium water bottle come harness hook    waterproof sticker wrap fresh    quirky playful design  
 nutcase bring designer water bottle    nutcase bottle reflect style   attitude   aluminium water bottle come harness hook    waterproof sticker wrap fresh    quirky playful design  ",503bb08f7bdf6a395ec564dd1dc83619.jpg,"[[255 255 255 ... 255 255 255]
 [255 255 255 ... 255 255 255]
 [255 255 255 ... 255 255 255]
 ...
 [255 255 255 ... 255 255 255]
 [255 255 255 ... 255 255 255]
 [255 255 255 ... 255 255 255]]"
2abb35d6affd2796e664349a747bd302,Oxyglow Fruit Massage Cream With Vitamin-E & Almond Under Eye Repair Care,beauty and personal care,"oxyglow fruit massage cream vitamin e    almond eye repair care   set   
                          price   rs     
				
			 oxyglow bring stop solution beauty cosmetic product cater need wide range beauty care product like face wash   bleach   face pack   oil   lotion   gel   conditioner   lip eye care product   beat beauty problem help oxy glow s range beauty product ease order immediately 
 oxyglow bring stop solution beauty cosmetic product cater need wide range beauty care product like face wash   bleach   face pack   oil   lotion   gel   conditioner   lip eye care product   beat beauty problem help oxy glow s range beauty product ease order immediately",2abb35d6affd2796e664349a747bd302.jpg,"[[255 255 255 ... 255 255 255]
 [255 255 255 ... 255 255 255]
 [255 255 255 ... 255 255 255]
 ...
 [255 255 255 ... 255 255 255]
 [255 255 255 ... 255 255 255]
 [255 255 255 ... 255 255 255]]"
4f8f64f93f789af51bb07296639acbd2,Oxyglow Saffron with vitamin-E Gold Massage Cream & Almond Under Eye Repair Care,beauty and personal care,buy oxyglow saffron vitamin e gold massage cream    almond eye repair care rs      online   oxyglow saffron vitamin e gold massage cream    almond eye repair care good price free shipping    cash delivery   genuine product      day replacement guarantee,4f8f64f93f789af51bb07296639acbd2.jpg,"[[255 255 255 ... 255 255 255]
 [255 255 255 ... 255 255 255]
 [255 255 255 ... 255 255 255]
 ...
 [255 255 255 ... 255 255 255]
 [255 255 255 ... 255 255 255]
 [255 255 255 ... 255 255 255]]"
8aa19c1f26ee1f256d4c3ab5f2f849be,Xemex ST1025SL07 New Generation Analog Watch  - For Women,watches,xemex st     sl    new generation analog watch     woman    buy xemex st     sl    new generation analog watch     woman   st     sl    online rs      india flipkart com     great discount   genuine product      day replacement guarantee   free shipping   cash delivery,8aa19c1f26ee1f256d4c3ab5f2f849be.jpg,"[[255 255 255 ... 255 255 255]
 [255 255 255 ... 255 255 255]
 [255 255 255 ... 255 255 255]
 ...
 [255 255 255 ... 255 255 255]
 [255 255 255 ... 255 255 255]
 [255 255 255 ... 255 255 255]]"
63523a600ab69f276664d0eade9d076e,Offspring Solid Single Blanket Pink,baby care,buy offspre solid single blanket pink rs       flipkart com   genuine product   free shipping   cash delivery,63523a600ab69f276664d0eade9d076e.jpg,"[[255 255 255 ... 235 238 241]
 [255 255 255 ... 221 221 221]
 [255 255 255 ... 205 197 190]
 ...
 [246 221 178 ... 255 255 255]
 [253 232 187 ... 255 255 255]
 [254 238 197 ... 255 255 255]]"
42643c1c9403f67921a18654bcf45ead,Offspring Printed Single Blanket Blue,baby care,"offspring print single blanket blue     blanket 
                          price   rs     
				
			 soft material baby warm cozy 
 soft material baby warm cozy",42643c1c9403f67921a18654bcf45ead.jpg,"[[230 222 215 ... 255 255 255]
 [228 219 214 ... 255 255 255]
 [226 218 212 ... 255 255 255]
 ...
 [255 229 184 ... 255 255 255]
 [255 235 194 ... 255 255 255]
 [255 241 204 ... 255 255 255]]"
8818424349b75a67775353d1feef2635,Offspring Printed Single Wrapper Multicolor,baby care,buy offspring print single wrapper multicolor rs       flipkart com   genuine product   free shipping   cash delivery,8818424349b75a67775353d1feef2635.jpg,"[[255 255 255 ... 255 255 255]
 [255 255 255 ... 255 255 255]
 [255 255 255 ... 255 255 255]
 ...
 [255 255 255 ... 135 166 195]
 [255 255 255 ... 128 159 192]
 [255 255 255 ... 124 155 190]]"
109e235d4838002246599f987d935c21,Ireeya Abstract Single Coral Blanket Blue,baby care,buy ireeya abstract single coral blanket blue rs       flipkart com   genuine product   free shipping   cash delivery,109e235d4838002246599f987d935c21.jpg,"[[255 255 255 ... 255 255 255]
 [255 255 255 ... 255 255 255]
 [255 255 255 ... 255 255 255]
 ...
 [255 255 255 ... 255 255 255]
 [255 255 255 ... 255 255 255]
 [255 255 255 ... 255 255 255]]"
093bcad64d11c0aed903a8dd787ef069,"Offspring Embroidered, Solid Single Wrapper White, Pink",baby care,"offspring embroider   solid single wrapper white   pink     wrap 
                          price   rs     
				
			 hooded wrap soft material gentle baby s skin wrap swaddle wrap   burp cloth 
 hooded wrap soft material gentle baby s skin wrap swaddle wrap   burp cloth",093bcad64d11c0aed903a8dd787ef069.jpg,"[[255 255 255 ... 234 241 245]
 [255 255 255 ... 226 231 237]
 [255 255 255 ... 212 219 228]
 ...
 [255 255 255 ... 255 255 255]
 [255 255 255 ... 255 255 255]
 [255 255 255 ... 255 255 255]]"
93618b8a998782d4d847ee5cba5c7de2,Carter'S Self Design Single Blanket Multicolor,baby care,buy carter s self design single blanket multicolor rs       flipkart com   genuine product   free shipping   cash delivery,93618b8a998782d4d847ee5cba5c7de2.jpg,"[[255 255 255 ... 255 255 255]
 [255 255 255 ... 252 255 255]
 [255 255 255 ... 233 253 255]
 ...
 [255 255 255 ... 255 255 255]
 [255 255 255 ... 255 255 255]
 [255 255 255 ... 255 255 255]]"
c1e9b5875e442203073211c522072973,My NewBorn Solid Single Wrapper Assorted Muti Colors,baby care,buy newborn solid single wrapper assorted muti color rs       flipkart com   genuine product   free shipping   cash delivery,c1e9b5875e442203073211c522072973.jpg,"[[255 255 255 ... 255 255 255]
 [255 255 255 ... 255 255 255]
 [255 255 255 ... 255 255 255]
 ...
 [255 255 255 ... 255 255 255]
 [255 255 255 ... 255 255 255]
 [255 255 255 ... 255 255 255]]"
46c7cb82a768ad8811db821d8649f6e0,RRTC RRTC1105SM00 Basic Analog Watch  - For Women,watches,rrtc rrtc     sm    basic analog watch     woman    buy rrtc rrtc     sm    basic analog watch     woman   rrtc     sm    online rs      india flipkart com     great discount   genuine product      day replacement guarantee   free shipping   cash delivery,46c7cb82a768ad8811db821d8649f6e0.jpg,"[[255 255 255 ... 255 255 255]
 [255 255 255 ... 255 255 255]
 [255 255 255 ... 255 255 255]
 ...
 [255 255 255 ... 255 255 255]
 [255 255 255 ... 255 255 255]
 [255 255 255 ... 255 255 255]]"
dbb55b8da8c30cb67014d81405d98a41,Mxofere Combo Orange Papaya Jasmine Lemongrass Almond Honey Soap Kit,beauty and personal care,buy mxofere combo orange papaya jasmine lemongrass almond honey soap kit rs      online   mxofere combo orange papaya jasmine lemongrass almond honey soap kit good price free shipping    cash delivery   genuine product      day replacement guarantee,dbb55b8da8c30cb67014d81405d98a41.jpg,"[[255 255 255 ... 248 250 252]
 [255 255 255 ... 232 238 244]
 [255 255 255 ... 203 216 228]
 ...
 [255 255 255 ... 255 255 255]
 [255 255 255 ... 255 255 255]
 [255 255 255 ... 255 255 255]]"
141ab1fbe0f943463d4971098647000c,Mxofere Combo Rose Jasmine Almond Honey Aloevera Mixfruit Soap Kit,beauty and personal care,buy mxofere combo rise jasmine almond honey aloevera mixfruit soap kit rs      online   mxofere combo rise jasmine almond honey aloevera mixfruit soap kit good price free shipping    cash delivery   genuine product      day replacement guarantee,141ab1fbe0f943463d4971098647000c.jpg,"[[255 255 255 ... 255 255 255]
 [255 255 255 ... 239 243 247]
 [255 255 255 ... 207 219 231]
 ...
 [255 255 255 ... 255 255 255]
 [255 255 255 ... 255 255 255]
 [255 255 255 ... 255 255 255]]"
35b5dfdda9214c94ab15bf5390e07de9,Perucci PCC-501C Decker Analog Watch  - For Men,watches,perucci pcc     c decker analog watch     man    buy perucci pcc     c decker analog watch     man   pcc     c online rs       india flipkart com   corporate watch   special wrist watch   official watch   watch man    great discount   genuine product      day replacement guarantee   free shipping   cash delivery,35b5dfdda9214c94ab15bf5390e07de9.jpg,"[[255 255 255 ... 255 255 255]
 [255 255 255 ... 255 255 255]
 [255 255 255 ... 255 255 255]
 ...
 [255 255 255 ... 255 255 255]
 [255 255 255 ... 255 255 255]
 [255 255 255 ... 255 255 255]]"
9924fba9b2a738e5a141995952e73104,Perucci PC-222 Decker Analog Watch  - For Men,watches,perucci pc      decker analog watch     man    buy perucci pc      decker analog watch     man   pc      online rs      india flipkart com   beautifull watch   comfortable watch   fancy watche   stylish watch    great discount   genuine product      day replacement guarantee   free shipping   cash delivery,9924fba9b2a738e5a141995952e73104.jpg,"[[255 255 255 ... 255 255 255]
 [255 255 255 ... 255 255 255]
 [255 255 255 ... 255 255 255]
 ...
 [255 255 255 ... 255 255 255]
 [255 255 255 ... 255 255 255]
 [255 255 255 ... 255 255 255]]"
30305ade337a4dde171afb90141bcaaa,Perucci Pc-122 & Pc-126 Decker Analog Watch  - For Men,watches,perucci pc        pc      decker analog watch     man    buy perucci pc        pc      decker analog watch     man   pc        pc      online rs      india flipkart com   beautifull watch   comfortable watch   fancy watche   stylish watch   watch man   dyno watch    great discount   genuine product      day replacement guarantee   free shipping   cash delivery,30305ade337a4dde171afb90141bcaaa.jpg,"[[255 255 255 ... 255 255 255]
 [255 255 255 ... 255 255 255]
 [255 255 255 ... 255 255 255]
 ...
 [255 255 255 ... 255 255 255]
 [255 255 255 ... 255 255 255]
 [255 255 255 ... 255 255 255]]"
9a0413117aa91c668ba5944770347cc5,Funcart Party Time  - Food Grade Plastic,baby care,flipkart com offer small funcart party time     food grade plastic rs        flipkart com   genuine product   free shipping   cash delivery,9a0413117aa91c668ba5944770347cc5.jpg,"[[255 255 255 ... 255 255 255]
 [255 255 255 ... 255 255 255]
 [255 255 255 ... 255 255 255]
 ...
 [255 255 255 ... 255 255 255]
 [255 255 255 ... 255 255 255]
 [255 255 255 ... 255 255 255]]"
fb435889d257c924c7bf77396a555e04,"EZ Life Funky 3-Pc Kids Cutlery Set-Pleasing Panda  - Stainless Steel, Food Grade Plastic",baby care,flipkart com offer ez life funky    pc kid cutlery set pleasing panda     stainless steel   food grade plastic rs        flipkart com   genuine product   free shipping   cash delivery,fb435889d257c924c7bf77396a555e04.jpg,"[[255 255 255 ... 255 255 255]
 [255 255 255 ... 254 255 255]
 [255 255 255 ... 254 254 254]
 ...
 [255 255 254 ... 254 254 255]
 [255 255 255 ... 254 255 255]
 [255 255 255 ... 255 255 255]]"
29d7a1b4d4f658fc3082905f65e1b009,Funcart Frolic Birthday  - Food Grade Plastic,baby care,flipkart com offer small funcart frolic birthday     food grade plastic rs        flipkart com   genuine product   free shipping   cash delivery,29d7a1b4d4f658fc3082905f65e1b009.jpg,"[[255 255 255 ... 255 255 255]
 [255 255 255 ... 255 255 255]
 [255 255 255 ... 255 255 255]
 ...
 [255 255 255 ... 255 255 255]
 [255 255 255 ... 255 255 255]
 [255 255 255 ... 255 255 255]]"
c705a5735a94aeee547d1798e3e46ec4,Perucci PC-122 Decker Analog Watch  - For Men,watches,perucci pc      decker analog watch     man    buy perucci pc      decker analog watch     man   pc      online rs      india flipkart com   beautifull watch   comfortable watch   fancy watche   stylish watch    great discount   genuine product      day replacement guarantee   free shipping   cash delivery,c705a5735a94aeee547d1798e3e46ec4.jpg,"[[255 255 255 ... 255 255 255]
 [255 255 255 ... 255 255 255]
 [255 255 255 ... 255 255 255]
 ...
 [255 255 255 ... 255 255 255]
 [255 255 255 ... 255 255 255]
 [255 255 255 ... 255 255 255]]"
7264f56639c8c54158b94ced769082c8,Perucci PC-218 Decker Analog Watch  - For Men,watches,perucci pc      decker analog watch     man    buy perucci pc      decker analog watch     man   pc      online rs       india flipkart com   beautifull watch   comfortable watch   fancy watche   stylish watch    great discount   genuine product      day replacement guarantee   free shipping   cash delivery,7264f56639c8c54158b94ced769082c8.jpg,"[[255 255 255 ... 255 255 255]
 [255 255 255 ... 255 255 255]
 [255 255 255 ... 255 255 255]
 ...
 [255 255 255 ... 255 255 255]
 [255 255 255 ... 255 255 255]
 [255 255 255 ... 255 255 255]]"
b5aafdb7cfde56f3e9e1364eb1efb691,Perucci PC-414W Decker Analog Watch  - For Men,watches,perucci pc     w decker analog watch     man    buy perucci pc     w decker analog watch     man   pc     w online rs      india flipkart com   beautifull watch   comfortable watch   fancy watche   stylish watch    great discount   genuine product      day replacement guarantee   free shipping   cash delivery,b5aafdb7cfde56f3e9e1364eb1efb691.jpg,"[[255 255 255 ... 255 255 255]
 [255 255 255 ... 255 255 255]
 [255 255 255 ... 255 255 255]
 ...
 [255 255 255 ... 255 255 255]
 [255 255 255 ... 255 255 255]
 [255 255 255 ... 255 255 255]]"
389197b67a189c703f3deb9ca6f1f678,Love Baby Cartoon Set of Towels,baby care,buy love baby cartoon set towel rs       flipkart com   genuine product   free shipping   cash delivery,389197b67a189c703f3deb9ca6f1f678.jpg,"[[161 159 156 ... 182 178 177]
 [154 153 151 ... 149 146 145]
 [145 146 148 ... 129 126 125]
 ...
 [230 232 237 ... 253 254 254]
 [233 236 239 ... 253 254 254]
 [240 242 244 ... 253 254 254]]"
75549ef6adc47e9b6dc2b69f530d9097,LUBA HF45 Stylo Analog Watch  - For Men,watches,luba hf    stylo analog watch     man    buy luba hf    stylo analog watch     man   hf    online rs      india flipkart com     great discount   genuine product      day replacement guarantee   free shipping   cash delivery,75549ef6adc47e9b6dc2b69f530d9097.jpg,"[[255 255 255 ... 255 255 255]
 [255 255 255 ... 255 255 255]
 [255 255 255 ... 255 255 255]
 ...
 [255 255 255 ... 255 255 255]
 [255 255 255 ... 255 255 255]
 [255 255 255 ... 255 255 255]]"
4676a8f96abb86c5d1dc5b06c7a11d95,Wild Ferns Manuka Honey Intensive Eye Creme,beauty and personal care,buy wild fern manuka honey intensive eye creme rs       online   wild fern manuka honey intensive eye creme good price free shipping    cash delivery   genuine product      day replacement guarantee,4676a8f96abb86c5d1dc5b06c7a11d95.jpg,"[[255 255 255 ... 254 254 255]
 [255 255 255 ... 253 254 255]
 [255 255 255 ... 248 254 255]
 ...
 [255 255 255 ... 255 255 255]
 [255 255 255 ... 255 255 255]
 [255 255 255 ... 255 255 255]]"
a67d4b8df18ac476cd1b0bbd80e589a4,"Wild Ferns Lanolin Eye Creme with Collagen, Vitamins A & E",beauty and personal care,buy wild fern lanolin eye creme collagen   vitamin    e rs       online   wild fern lanolin eye creme collagen   vitamin    e good price free shipping    cash delivery   genuine product      day replacement guarantee,a67d4b8df18ac476cd1b0bbd80e589a4.jpg,"[[255 255 255 ... 255 255 255]
 [255 255 255 ... 255 255 255]
 [255 255 255 ... 255 255 255]
 ...
 [255 255 255 ... 255 255 255]
 [255 255 255 ... 255 255 255]
 [255 255 255 ... 255 255 255]]"
fda0890dba67c93a7c80b0993651caec,Ollington St. Collection Baby Reusable Diaper With One Insert,baby care,"ollington st   collection baby reusable diaper insert 
                          price   rs     
				
			 form fitting reusable ollington st   diaper insert set baby 

 feature 
  reusable diaper 
  snap closure adjust fit size 
  trim   snug comfortable 
  keep little stain irritation free 
  panel insert disposable pad 
  include    reusable insert 
  material   polyester pu 
  size diaper 
  available colour   green pink red turquoise blue blue dark blue 
  size   diaper     x     cms   approx     insert      x     cms   approx  

 wash instruction 
  wash use 
  wash upto     degree celsius 
  avoid fabric softener bleach 
  tumble dry line dry 
  age group         month 
 form fitting reusable ollington st   diaper insert set baby 

 feature 
  reusable diaper 
  snap closure adjust fit size 
  trim   snug comfortable 
  keep little stain irritation free 
  panel insert disposable pad 
  include    reusable insert 
  material   polyester pu 
  size diaper 
  available colour   green pink red turquoise blue blue dark blue 
  size   diaper     x     cms   approx     insert      x     cms   approx  

 wash instruction 
  wash use 
  wash upto     degree celsius 
  avoid fabric softener bleach 
  tumble dry line dry 
  age group         month",fda0890dba67c93a7c80b0993651caec.jpg,"[[255 255 255 ... 255 255 255]
 [255 255 255 ... 255 255 255]
 [255 255 255 ... 255 255 255]
 ...
 [255 255 255 ... 255 255 255]
 [255 255 255 ... 255 255 255]
 [255 255 255 ... 255 255 255]]"
aba92798c4b2723e23131478d6c97293,Mxofere Combo Mix Fruit Soap And Aloevera Lemon Facewash Kit,beauty and personal care,buy mxofere combo mix fruit soap aloevera lemon facewash kit rs      online   mxofere combo mix fruit soap aloevera lemon facewash kit good price free shipping    cash delivery   genuine product      day replacement guarantee,aba92798c4b2723e23131478d6c97293.jpg,"[[255 255 255 ... 255 255 255]
 [255 255 255 ... 255 255 255]
 [255 255 255 ... 255 255 255]
 ...
 [255 255 255 ... 255 255 255]
 [255 255 255 ... 255 255 255]
 [255 255 255 ... 255 255 255]]"
22146eaca9aee0223a4302d87cb3e122,Rana Watches Bw-Prsmd Barbie Analog Watch  - For Girls,watches,rana watch bw prsmd barbie analog watch     girl    buy rana watch bw prsmd barbie analog watch     girl   bw prsmd online rs      india flipkart com     great discount   genuine product      day replacement guarantee   free shipping   cash delivery,22146eaca9aee0223a4302d87cb3e122.jpg,"[[255 255 255 ... 255 255 255]
 [255 255 255 ... 255 255 255]
 [255 255 255 ... 255 255 255]
 ...
 [255 255 255 ... 255 255 255]
 [255 255 255 ... 255 255 255]
 [255 255 255 ... 255 255 255]]"
170fdf050c7a1f8d30ef5a98c4216f9c,R.S D&G16 Analog Watch  - For Men,watches,r s d g    analog watch     man    buy r s d g    analog watch     man   d g    online rs      india flipkart com     great discount   genuine product      day replacement guarantee   free shipping   cash delivery,170fdf050c7a1f8d30ef5a98c4216f9c.jpg,"[[255 255 255 ... 255 255 255]
 [255 255 255 ... 255 255 255]
 [255 255 255 ... 255 255 255]
 ...
 [255 255 255 ... 255 255 255]
 [255 255 255 ... 255 255 255]
 [255 255 255 ... 255 255 255]]"
9d20743a61f62fe6f9cdc5ff24d46d23,Oxyglow Golden Glow Oxy Bleach & Fruit Massage Cream With Vitamin-E 200gm,beauty and personal care,"oxyglow golden glow oxy bleach    fruit massage cream vitamin e     gm   set   
                          price   rs     
				
			 oxyglow bring stop solution beauty cosmetic product cater need wide range beauty care product like face wash   bleach   face pack   oil   lotion   gel   conditioner   lip eye care product   beat beauty problem help oxy glow s range beauty product ease order immediately 
 oxyglow bring stop solution beauty cosmetic product cater need wide range beauty care product like face wash   bleach   face pack   oil   lotion   gel   conditioner   lip eye care product   beat beauty problem help oxy glow s range beauty product ease order immediately",9d20743a61f62fe6f9cdc5ff24d46d23.jpg,"[[255 255 255 ... 255 255 255]
 [255 255 255 ... 255 255 255]
 [255 255 255 ... 255 255 255]
 ...
 [255 255 255 ... 255 255 255]
 [255 255 255 ... 255 255 255]
 [255 255 255 ... 255 255 255]]"
9993de7e2bcced43dc9edb3b2c81f23d,Oxyglow Golden Glow Radiance Anti Acne Facial Kit & Fruit Massage Cream With Vitamin-E 200gm,beauty and personal care,buy oxyglow golden glow radiance anti acne facial kit    fruit massage cream vitamin e     gm rs      online   oxyglow golden glow radiance anti acne facial kit    fruit massage cream vitamin e     gm good price free shipping    cash delivery   genuine product      day replacement guarantee,9993de7e2bcced43dc9edb3b2c81f23d.jpg,"[[255 255 255 ... 255 255 255]
 [255 255 255 ... 255 255 255]
 [255 255 255 ... 255 255 255]
 ...
 [255 255 255 ... 255 255 255]
 [255 255 255 ... 255 255 255]
 [255 255 255 ... 255 255 255]]"
5188dd28a627807407d93549580afb74,Rajrang Animal Cushions Cover,home furnishing,buy rajrang animal cushion cover rs       flipkart com   genuine product   free shipping   cash delivery,5188dd28a627807407d93549580afb74.jpg,"[[255 255 255 ... 255 255 255]
 [255 255 255 ... 255 255 255]
 [255 255 255 ... 255 255 255]
 ...
 [255 255 255 ... 255 255 255]
 [255 255 255 ... 255 255 255]
 [255 255 255 ... 255 255 255]]"
93f45475c82bdee6df73c6e08011b7da,Lapguard SONY VAIO VGN-NW270DB_90 90 Adapter,computers,"lapguard sony vaio vgn nw    db        adapter   power cord include 
                          price   rs     
				
			 lapguard replacement adapter design provide reliable power charge laptop   high quality part lapguard replacement adapter conform specification similar original quality   adapter pass necessary authentication certification like ce   rohs etc   leave factory   rest assure quality   durability performance   note image indicative   actual product label vary   place order adapter   sure select correct adapter old charger specification   compare old adapter power rating e   volt   v    amp      watt   w   pin    tip    connector size 
 lapguard replacement adapter design provide reliable power charge laptop   high quality part lapguard replacement adapter conform specification similar original quality   adapter pass necessary authentication certification like ce   rohs etc   leave factory   rest assure quality   durability performance   note image indicative   actual product label vary   place order adapter   sure select correct adapter old charger specification   compare old adapter power rating e   volt   v    amp      watt   w   pin    tip    connector size",93f45475c82bdee6df73c6e08011b7da.jpg,"[[255 255 255 ... 255 255 255]
 [255 255 255 ... 255 255 255]
 [255 255 255 ... 255 255 255]
 ...
 [255 255 255 ... 255 255 255]
 [255 255 255 ... 255 255 255]
 [255 255 255 ... 255 255 255]]"
95ea40dc6c0e81407e13d70bd52a5c95,"Oxyglow Fruit Massage Cream With Vitamin-E & Aleo Vera, Apple Face Massage Gel",beauty and personal care,buy oxyglow fruit massage cream vitamin e    aleo vera   apple face massage gel rs      online   oxyglow fruit massage cream vitamin e    aleo vera   apple face massage gel good price free shipping    cash delivery   genuine product      day replacement guarantee,95ea40dc6c0e81407e13d70bd52a5c95.jpg,"[[255 255 255 ... 255 255 255]
 [255 255 255 ... 255 255 255]
 [255 255 255 ... 255 255 255]
 ...
 [255 255 255 ... 255 255 255]
 [255 255 255 ... 255 255 255]
 [255 255 255 ... 255 255 255]]"
020d2daba55a723128e4e07c0b0393a9,Oxyglow Fruit Massage Cream With Vitamin-E & Gold Facial Kit,beauty and personal care,buy oxyglow fruit massage cream vitamin e    gold facial kit rs      online   oxyglow fruit massage cream vitamin e    gold facial kit good price free shipping    cash delivery   genuine product      day replacement guarantee,020d2daba55a723128e4e07c0b0393a9.jpg,"[[255 255 255 ... 253 253 253]
 [255 255 255 ... 252 253 253]
 [255 255 255 ... 238 246 250]
 ...
 [255 255 255 ... 255 255 255]
 [255 255 255 ... 255 255 255]
 [255 255 255 ... 255 255 255]]"
9f141b3c3d9096f5a897d01b48e3b360,Rega IT Hp Pavilion G6-1240SG G6-1241EA (65) 65 Adapter,computers,buy rega hp pavilion g       sg g       ea          adapter r       flipkart com   genuine product      day replacement guarantee   free shipping   cash delivery,9f141b3c3d9096f5a897d01b48e3b360.jpg,"[[255 255 255 ... 255 255 255]
 [255 255 255 ... 255 255 255]
 [255 255 255 ... 255 255 255]
 ...
 [255 255 255 ... 255 255 255]
 [255 255 255 ... 255 255 255]
 [255 255 255 ... 255 255 255]]"
648b52926285610670a756923b8a6f99,Oxyglow Fruit Massage Cream With Vitamin-E & Lip Balm,beauty and personal care,buy oxyglow fruit massage cream vitamin e    lip balm rs      online   oxyglow fruit massage cream vitamin e    lip balm good price free shipping    cash delivery   genuine product      day replacement guarantee,648b52926285610670a756923b8a6f99.jpg,"[[255 255 255 ... 255 255 255]
 [255 255 255 ... 255 255 255]
 [255 255 255 ... 255 255 255]
 ...
 [255 255 255 ... 233 249 253]
 [255 255 255 ... 246 252 254]
 [255 255 255 ... 251 254 255]]"
0b793c1727ef52285a25dedf8b86626b,Oxyglow Bearberry Face Wash & Fruit Massage Cream With Vitamin-E,beauty and personal care,buy oxyglow bearberry face wash    fruit massage cream vitamin e rs      online   oxyglow bearberry face wash    fruit massage cream vitamin e good price free shipping    cash delivery   genuine product      day replacement guarantee,0b793c1727ef52285a25dedf8b86626b.jpg,"[[242 238 237 ... 255 255 255]
 [239 233 228 ... 255 255 255]
 [234 228 223 ... 255 255 255]
 ...
 [255 255 255 ... 255 255 255]
 [255 255 255 ... 255 255 255]
 [255 255 255 ... 255 255 255]]"
9c06a95a82c3bd6635b9fe6e92b15902,Mxofere Combo Papaya Mixfruit Almond Honey Orange Rose Soap Kit,beauty and personal care,buy mxofere combo papaya mixfruit almond honey orange rise soap kit rs      online   mxofere combo papaya mixfruit almond honey orange rise soap kit good price free shipping    cash delivery   genuine product      day replacement guarantee,9c06a95a82c3bd6635b9fe6e92b15902.jpg,"[[255 255 255 ... 249 251 253]
 [255 255 255 ... 233 239 245]
 [255 255 255 ... 203 217 230]
 ...
 [255 255 255 ... 255 255 255]
 [255 255 255 ... 255 255 255]
 [255 255 255 ... 255 255 255]]"
d0af95243e993331c4357fdf90dc4692,Mxofere Combo Sandal Turmeric Almond Honey Jasmine Aloevera Mixfruit Soap Kit,beauty and personal care,"mxofere combo sandal turmeric almond honey jasmine aloevera mixfruit soap kit   set   
                          price   rs     
				
			    make skin fresh youthful 
    astringent    anti septic affect 
    anti age anti depressant 
    soften skin 
    fight skin damage uv ray 
    remove blemish 
    antibacterial 
    essential oil 
    prevent skin dry 
    cell renewal 
    rejuvenate property 
    skin supple 
    condition renew skin 
    clear skin congestion 
    tone purifie skin 
    provide fareness 

 note       

   soap handmade   color size different picture 

   variant available stock exchange variant price prior notice 

   skin sensitive consult doctor 

   packing damage product kind replacement refund 
    make skin fresh youthful 
    astringent    anti septic affect 
    anti age anti depressant 
    soften skin 
    fight skin damage uv ray 
    remove blemish 
    antibacterial 
    essential oil 
    prevent skin dry 
    cell renewal 
    rejuvenate property 
    skin supple 
    condition renew skin 
    clear skin congestion 
    tone purifie skin 
    provide fareness 

 note       

   soap handmade   color size different picture 

   variant available stock exchange variant price prior notice 

   skin sensitive consult doctor 

   packing damage product kind replacement refund",d0af95243e993331c4357fdf90dc4692.jpg,"[[255 255 255 ... 248 250 252]
 [255 255 255 ... 232 238 244]
 [255 255 255 ... 202 217 230]
 ...
 [255 255 255 ... 255 255 255]
 [255 255 255 ... 255 255 255]
 [255 255 255 ... 255 255 255]]"
f9f9cd4297b6667488785c2794a754f5,Mxofere Combo Jasmine Papaya Almond Honey Orange Mixfruit Soap Kit,beauty and personal care,"mxofere combo jasmine papaya almond honey orange mixfruit soap kit   set   
                          price   rs     
				
			    make skin fresh youthful 
    astringent    anti septic affect 
    anti age anti depressant 
    soften skin 
    fight skin damage uv ray 
    remove blemish 
    antibacterial 
    essential oil 
    prevent skin dry 
    cell renewal 
    rejuvenate property 
    skin supple 
    condition renew skin 
    clear skin congestion 
    tone purifie skin 
    provide fareness 

 note       

   soap handmade   color size different picture 

   variant available stock exchange variant price prior notice 

   skin sensitive consult doctor 

   packing damage product kind replacement refund 
    make skin fresh youthful 
    astringent    anti septic affect 
    anti age anti depressant 
    soften skin 
    fight skin damage uv ray 
    remove blemish 
    antibacterial 
    essential oil 
    prevent skin dry 
    cell renewal 
    rejuvenate property 
    skin supple 
    condition renew skin 
    clear skin congestion 
    tone purifie skin 
    provide fareness 

 note       

   soap handmade   color size different picture 

   variant available stock exchange variant price prior notice 

   skin sensitive consult doctor 

   packing damage product kind replacement refund",f9f9cd4297b6667488785c2794a754f5.jpg,"[[255 255 255 ... 248 250 252]
 [255 255 255 ... 233 239 244]
 [255 255 255 ... 203 217 230]
 ...
 [255 255 255 ... 255 255 255]
 [255 255 255 ... 255 255 255]
 [255 255 255 ... 255 255 255]]"
1d1be744e491ed61e705c20e4a72320d,Oxyglow Lacto Bleach & Fruit Massage Cream With Vitamin-E,beauty and personal care,"oxyglow lacto bleach    fruit massage cream vitamin e   set   
                          price   rs     
				
			 oxyglow bring stop solution beauty cosmetic product cater need wide range beauty care product like face wash   bleach   face pack   oil   lotion   gel   conditioner   lip eye care product   beat beauty problem help oxy glow s range beauty product ease order immediately 
 oxyglow bring stop solution beauty cosmetic product cater need wide range beauty care product like face wash   bleach   face pack   oil   lotion   gel   conditioner   lip eye care product   beat beauty problem help oxy glow s range beauty product ease order immediately",1d1be744e491ed61e705c20e4a72320d.jpg,"[[254 254 254 ... 255 255 255]
 [254 254 254 ... 255 255 255]
 [254 254 254 ... 255 255 255]
 ...
 [255 255 255 ... 255 255 255]
 [255 255 255 ... 255 255 255]
 [255 255 255 ... 255 255 255]]"
a1fa0e24b2249ffa81f688c4840f1eb8,Oxyglow Fruit Massage Cream With Vitamin-E & Shea Butter & Kokum Butter,beauty and personal care,buy oxyglow fruit massage cream vitamin e    shea butter    kokum butter rs      online   oxyglow fruit massage cream vitamin e    shea butter    kokum butter good price free shipping    cash delivery   genuine product      day replacement guarantee,a1fa0e24b2249ffa81f688c4840f1eb8.jpg,"[[255 255 255 ... 211 222 232]
 [255 255 255 ... 210 221 232]
 [255 255 255 ... 209 221 232]
 ...
 [255 255 255 ... 255 255 255]
 [255 255 255 ... 255 255 255]
 [255 255 255 ... 255 255 255]]"
285075cfac3036e8d51591dfe5ba24ab,Raymond Abstract Double Blanket Pink,home furnishing,buy raymond abstract double blanket pink rs        flipkart com   genuine product   free shipping   cash delivery,285075cfac3036e8d51591dfe5ba24ab.jpg,"[[210 214 222 ... 252 252 252]
 [205 211 222 ... 253 253 253]
 [199 210 227 ... 253 253 253]
 ...
 [211 211 211 ... 206 206 207]
 [211 211 211 ... 208 208 208]
 [212 211 211 ... 208 208 209]]"
ffc2e1fc7c886ec09a331040ada038aa,Raymond Abstract Double Blanket Grey,home furnishing,buy raymond abstract double blanket grey rs        flipkart com   genuine product   free shipping   cash delivery,ffc2e1fc7c886ec09a331040ada038aa.jpg,"[[145 145 146 ... 118 110 107]
 [145 145 146 ... 118 110 108]
 [142 144 148 ... 119 112 109]
 ...
 [124 131 133 ... 228 226 226]
 [133 134 132 ... 227 226 226]
 [139 138 132 ... 226 226 226]]"
39242e5488cf65d8d59eccb2b80e4a65,Raymond Abstract Double Blanket Green,home furnishing,buy raymond abstract double blanket green rs        flipkart com   genuine product   free shipping   cash delivery,39242e5488cf65d8d59eccb2b80e4a65.jpg,"[[164 166 175 ... 151 164 173]
 [163 166 175 ... 152 165 175]
 [162 165 175 ... 152 166 176]
 ...
 [152 152 152 ... 149 149 148]
 [154 154 153 ... 147 147 146]
 [156 156 156 ... 145 146 146]]"
414d2065e1aed847064bcf14538eabc8,Raymond Abstract Double Blanket Blue,home furnishing,buy raymond abstract double blanket blue rs        flipkart com   genuine product   free shipping   cash delivery,414d2065e1aed847064bcf14538eabc8.jpg,"[[170 135 124 ... 232 246 253]
 [175 141 131 ... 232 246 253]
 [183 154 141 ... 232 246 253]
 ...
 [222 221 220 ... 206 206 207]
 [222 222 221 ... 205 206 206]
 [222 222 222 ... 204 205 206]]"
ee6d5fe464237e85f61cc9128710ce32,Regent Analog 28 cm Dia Wall Clock,home decor & festive needs,buy regent analog     cm dia wall clock rs      online   regent analog     cm dia wall clock good price free shipping    cash delivery   genuine product      day replacement guarantee,ee6d5fe464237e85f61cc9128710ce32.jpg,"[[255 255 255 ... 255 255 255]
 [255 255 255 ... 255 255 255]
 [255 255 255 ... 255 255 255]
 ...
 [255 255 255 ... 255 255 255]
 [255 255 255 ... 255 255 255]
 [255 255 255 ... 255 255 255]]"
b362b56f7ee80dcfe9d8bb643df87007,eCraftIndia Analog 2.5 cm Dia Wall Clock,home decor & festive needs,buy ecraftindia analog      cm dia wall clock rs       online   ecraftindia analog      cm dia wall clock good price free shipping    cash delivery   genuine product      day replacement guarantee,b362b56f7ee80dcfe9d8bb643df87007.jpg,"[[255 255 255 ... 255 255 255]
 [255 255 255 ... 255 255 255]
 [255 255 255 ... 255 255 255]
 ...
 [255 255 255 ... 255 255 255]
 [255 255 255 ... 255 255 255]
 [255 255 255 ... 255 255 255]]"
fc59187b2e011cf098ce420a0ee02e10,Raymond Abstract Double Blanket Red,home furnishing,buy raymond abstract double blanket red rs        flipkart com   genuine product   free shipping   cash delivery,fc59187b2e011cf098ce420a0ee02e10.jpg,"[[15 15 15 ... 71  9  8]
 [15 15 15 ... 71  8  7]
 [14 15 15 ... 71  8  7]
 ...
 [69 67 66 ... 32 22 20]
 [70 70 70 ... 27 21 24]
 [74 74 73 ... 20 22 29]]"
7436c011ebdfd24b56a77893f210ed3b,Raymond Abstract Single Blanket Orange,home furnishing,buy raymond abstract single blanket orange rs        flipkart com   genuine product   free shipping   cash delivery,7436c011ebdfd24b56a77893f210ed3b.jpg,"[[ 39  39  40 ... 245 246 247]
 [ 39  39  40 ... 245 246 247]
 [ 39  40  40 ... 244 245 246]
 ...
 [ 36  36  37 ... 134 136 136]
 [ 38  38  39 ... 132 133 134]
 [ 40  41  41 ... 132 133 136]]"
dcab5c08ed8e6c2fa039e01367390071,Raymond Abstract Single Blanket Purple,home furnishing,buy raymond abstract single blanket purple rs        flipkart com   genuine product   free shipping   cash delivery,dcab5c08ed8e6c2fa039e01367390071.jpg,"[[ 15  15  15 ... 192  70   9]
 [ 15  15  15 ... 192  70   8]
 [ 14  14  14 ... 192  69   7]
 ...
 [ 68  67  67 ...  50  34  16]
 [ 69  69  69 ...  42  29  15]
 [ 71  71  69 ...  28  22  15]]"
00d84a518e0550612fcfcba3b02b6255,Mxofere Combo Rose Soap And Aloevera Lemon Facewash Kit,beauty and personal care,buy mxofere combo rise soap aloevera lemon facewash kit rs      online   mxofere combo rise soap aloevera lemon facewash kit good price free shipping    cash delivery   genuine product      day replacement guarantee,00d84a518e0550612fcfcba3b02b6255.jpg,"[[255 255 255 ... 255 255 255]
 [255 255 255 ... 255 255 255]
 [255 255 255 ... 255 255 255]
 ...
 [255 255 255 ... 255 255 255]
 [255 255 255 ... 255 255 255]
 [255 255 255 ... 255 255 255]]"
ca82e1f23bb6cac66a32fce1c22534a3,Raymond Abstract Single Blanket Brown,home furnishing,buy raymond abstract single blanket brown rs        flipkart com   genuine product   free shipping   cash delivery,ca82e1f23bb6cac66a32fce1c22534a3.jpg,"[[ 38  38  38 ... 244 245 246]
 [ 38  38  38 ... 244 245 246]
 [ 39  39  39 ... 243 244 245]
 ...
 [ 35  35  36 ... 124 128 129]
 [ 37  37  38 ... 119 121 122]
 [ 39  39  40 ... 115 116 117]]"
3fd4d7ea04624ada39fde3957c7b9b7c,Bharatcraft Wall Hanging Of Lord Ganesha On A Creative Leaf Showpiece  -  34.29 cm,home decor & festive needs,key feature bharatcraft wall hang lord ganesha creative leaf showpiece            cm brass height          cm width          cm bharatcraft wall hang lord ganesha creative leaf showpiece            cm   brass   copper   price   rs         enlighten home auspicious wall hang lord ganesha brass reflect artistic brilliance add elegance decor   style home office brass statue   sure admire guest   serve great gift   especially religious celebration festivity   brass handicraft skilled artisan house jaipurcrafts traditional technique   specification bharatcraft wall hang lord ganesha creative leaf showpiece            cm   brass   copper   general brand bharatcraft model number h       type religious idol material brass model wall hang lord ganesha creative leaf color copper dimension height        cm width        cm depth       cm box sale package    showpiece figurine pack  ,3fd4d7ea04624ada39fde3957c7b9b7c.jpg,"[[255 255 255 ... 255 255 255]
 [255 255 255 ... 255 255 255]
 [255 255 255 ... 255 255 255]
 ...
 [255 255 255 ... 255 255 255]
 [255 255 255 ... 255 255 255]
 [255 255 255 ... 255 255 255]]"
697ad1d2e45c1af54cab7847cbe324d8,Firstrace 101-107 Analog Watch  - For Couple,watches,firstrace          analog watch     couple    buy firstrace          analog watch     couple           online rs      india flipkart com     great discount   genuine product      day replacement guarantee   free shipping   cash delivery,697ad1d2e45c1af54cab7847cbe324d8.jpg,"[[255 255 255 ... 208 229 229]
 [255 255 255 ... 208 227 228]
 [255 255 255 ... 230 239 239]
 ...
 [255 255 255 ... 255 255 255]
 [255 255 255 ... 255 255 255]
 [255 255 255 ... 255 255 255]]"
0ec47240feda42c63e42f1e9cee60f7a,SWHF Cotton Maroon Striped Eyelet Window & Door Curtain,home furnishing,"swhf cotton maroon stripe eyelet window    door curtain       cm height   single curtain 
                          price   rs     
				
			 swhf cotton door curtain come vibrant print       cotton   come single piece act great accent uplift room   machine washable come curtain ring easy hang 
 swhf cotton door curtain come vibrant print       cotton   come single piece act great accent uplift room   machine washable come curtain ring easy hang",0ec47240feda42c63e42f1e9cee60f7a.jpg,"[[175 174 174 ... 199 201 202]
 [175 174 174 ... 199 201 201]
 [175 174 174 ... 200 201 201]
 ...
 [ 89  86  85 ... 149 153 155]
 [ 89  86  85 ... 152 154 154]
 [ 88  87  88 ... 155 154 152]]"
3a7b224bf1bc9cee9052f9c9df0355f6,CB Fashion 108-121 Analog Watch  - For Women,watches,cb fashion          analog watch     woman    buy cb fashion          analog watch     woman           online rs      india flipkart com     great discount   genuine product      day replacement guarantee   free shipping   cash delivery,3a7b224bf1bc9cee9052f9c9df0355f6.jpg,"[[255 255 255 ... 255 255 255]
 [255 255 255 ... 255 255 255]
 [255 255 255 ... 255 255 255]
 ...
 [255 255 255 ... 255 255 255]
 [255 255 255 ... 255 255 255]
 [255 255 255 ... 255 255 255]]"
700dfd088162ea00deda33123cd7f2da,Timex TI000I70600 Analog Watch  - For Men,watches,timex ti          analog watch     man    buy timex ti          analog watch     man   ti          online rs       india flipkart com   stainless steel case   round dial   buckle clasp   black strap   water resistant    great discount   genuine product      day replacement guarantee   free shipping   cash delivery,700dfd088162ea00deda33123cd7f2da.jpg,"[[255 255 255 ... 255 255 255]
 [255 255 255 ... 255 255 255]
 [255 255 255 ... 255 255 255]
 ...
 [255 255 255 ... 255 255 255]
 [255 255 255 ... 255 255 255]
 [255 255 255 ... 255 255 255]]"
ad55b7ac6f7284b90d31a1a2f175df8d,meSleep Abstract Cushions Cover,home furnishing,buy mesleep abstract cushion cover rs       flipkart com   genuine product   free shipping   cash delivery,ad55b7ac6f7284b90d31a1a2f175df8d.jpg,"[[189 159 130 ... 164 225 254]
 [156 114  73 ... 120 209 254]
 [122  68  16 ...  74 193 254]
 ...
 [ 66  50  42 ...  62  74  84]
 [ 72  59  50 ...  43  70  89]
 [104  81  58 ...  31  76 110]]"
952a100cf3a5bdf2d655e9cdca0e9dd5,Casotec Lightning 272017A USB USB Cable,computers,"casotec lightning        usb usb cable   purple 
                          price   rs     
				
			 casotec     retractable universal cable ensure complete charger sync compatibility device   connect    pin connector micro usb connector io android device connect usb wall charger adapter usb hub charger computer sync datum   retractable design make cable ideal stow purse bag   simply pull end cable slowly release cable store neatly housing getting tangle 
 casotec     retractable universal cable ensure complete charger sync compatibility device   connect    pin connector micro usb connector io android device connect usb wall charger adapter usb hub charger computer sync datum   retractable design make cable ideal stow purse bag   simply pull end cable slowly release cable store neatly housing getting tangle",952a100cf3a5bdf2d655e9cdca0e9dd5.jpg,"[[254 254 254 ... 255 255 255]
 [254 254 254 ... 255 255 255]
 [254 254 254 ... 255 255 255]
 ...
 [255 255 255 ... 128 128 128]
 [223 223 223 ... 128 128 128]
 [192 192 192 ... 128 128 128]]"
d86f260ff28af531443f822c11746521,Fonokase SU100 SU100 USB USB Charger,computers,buy fonokase su     su     usb usb charger rs      online   fonokase su     su     usb usb charger good price free shipping    cash delivery   genuine product      day replacement guarantee,d86f260ff28af531443f822c11746521.jpg,"[[221 221 222 ... 224 225 225]
 [221 222 222 ... 225 225 225]
 [222 222 222 ... 225 225 226]
 ...
 [237 236 236 ... 237 237 237]
 [236 236 236 ... 237 237 237]
 [236 236 236 ... 237 237 237]]"
4354b7418ee0fab2fd9f8eb493556529,Memore Portable and Flexible MMULL-White USB Led Light,computers,"memore portable flexible mmull white usb lead light   white 
                          price   rs     
				
			         brand new high quality      perfect fit read      light weight durable cover      portable multiple choice color      flexible easy clean      rate voltage    v     rate power      w     size             mm     use power device usb port      ultra bright low power consumption      unique bendable design light weight      material   silicone 
         brand new high quality      perfect fit read      light weight durable cover      portable multiple choice color      flexible easy clean      rate voltage    v     rate power      w     size             mm     use power device usb port      ultra bright low power consumption      unique bendable design light weight      material   silicone",4354b7418ee0fab2fd9f8eb493556529.jpg,"[[255 255 255 ... 255 255 255]
 [255 255 255 ... 255 255 255]
 [255 255 255 ... 255 255 255]
 ...
 [255 255 255 ... 254 254 255]
 [255 255 255 ... 254 254 254]
 [255 255 255 ... 254 254 254]]"
95b0779b1a04ab70d62c72b53090c4b3,Orico USB 3.0 Hub with Card Reader H3TS-U3-BK USB USB Hub,computers,buy orico usb      hub card reader h ts u   bk usb usb hub rs       online   orico usb      hub card reader h ts u   bk usb usb hub good price free shipping    cash delivery   genuine product      day replacement guarantee,95b0779b1a04ab70d62c72b53090c4b3.jpg,"[[255 255 255 ... 255 255 255]
 [255 255 255 ... 255 255 255]
 [255 255 255 ... 255 255 255]
 ...
 [255 255 255 ... 255 255 255]
 [255 255 255 ... 255 255 255]
 [255 255 255 ... 255 255 255]]"
078b35be31e8ac99b0cbb817dab4c23f,Bigkik Flexible Lamp Mini Portable Designer USB Led Light,computers,buy bigkik flexible lamp mini portable designer usb lead light rs      online   bigkik flexible lamp mini portable designer usb lead light good price free shipping    cash delivery   genuine product      day replacement guarantee,078b35be31e8ac99b0cbb817dab4c23f.jpg,"[[255 255 255 ... 255 255 255]
 [255 255 255 ... 255 255 255]
 [255 255 255 ... 255 255 255]
 ...
 [255 255 255 ... 255 255 255]
 [255 255 255 ... 255 255 255]
 [255 255 255 ... 255 255 255]]"
6e7cc21610991cab64595af678e8eb5a,Tapawire Portable USB Flexible Stick Dimmable Touch Switch 10 Super Bright LED Reading Lamp B00 USB Led Light,computers,buy tapawire portable usb flexible stick dimmable touch switch     super bright lead read lamp b    usb lead light rs      online   tapawire portable usb flexible stick dimmable touch switch     super bright lead read lamp b    usb lead light good price free shipping    cash delivery   genuine product      day replacement guarantee,6e7cc21610991cab64595af678e8eb5a.jpg,"[[255 255 255 ... 255 255 255]
 [255 255 255 ... 255 255 255]
 [255 255 255 ... 255 255 255]
 ...
 [255 255 255 ... 255 255 255]
 [255 255 255 ... 255 255 255]
 [255 255 255 ... 255 255 255]]"
00ed03657cedbe4663eff2d7fa702a33,"Crystle Crystle01 CRSTL - Bluecensor USB Led Light, USB Cable",computers,buy crystle crystle    crstl    bluecensor usb lead light   usb cable rs      online   crystle crystle    crstl    bluecensor usb lead light   usb cable good price free shipping    cash delivery   genuine product      day replacement guarantee,00ed03657cedbe4663eff2d7fa702a33.jpg,"[[255 255 255 ... 255 255 255]
 [255 255 255 ... 255 255 255]
 [255 255 255 ... 255 255 255]
 ...
 [255 255 255 ... 140 188 221]
 [255 255 255 ... 127 154 179]
 [255 255 255 ... 122 137 154]]"
c5720509a67da707afcb6f4f0282d529,Amaze Fashion Universal Portable Lamp PL014AMAZWH USB Led Light,computers,buy amaze fashion universal portable lamp pl    amazwh usb lead light rs     online   amaze fashion universal portable lamp pl    amazwh usb lead light good price free shipping    cash delivery   genuine product      day replacement guarantee,c5720509a67da707afcb6f4f0282d529.jpg,"[[255 255 255 ... 255 255 255]
 [255 255 255 ... 255 255 255]
 [255 255 255 ... 255 255 255]
 ...
 [255 255 254 ... 255 255 255]
 [255 255 255 ... 255 255 255]
 [255 255 255 ... 255 255 255]]"
9a9402ad55d079c86c302521816b7b0e,RRP Alpha X002 USB Led Light,computers,"rrp alpha x     usb lead light   pink 
                          price   rs    
				
			 portable usb lead light portronic battery free usb light perfect laptop   adapter power bank   compact size flexible fit position base use utility   power consumption limited able light area 
 portable usb lead light portronic battery free usb light perfect laptop   adapter power bank   compact size flexible fit position base use utility   power consumption limited able light area",9a9402ad55d079c86c302521816b7b0e.jpg,"[[255 255 255 ... 255 255 255]
 [255 255 255 ... 255 255 255]
 [255 255 255 ... 255 255 255]
 ...
 [252 252 250 ... 255 255 255]
 [253 252 252 ... 255 255 255]
 [253 253 253 ... 255 255 255]]"
28e3f1e490cfc4b47bfb50671ff93283,Casotec Plexible LED Light 275012 Led Light USB Led Light,computers,buy casotec plexible lead light         lead light usb lead light rs      online   casotec plexible lead light         lead light usb lead light good price free shipping    cash delivery   genuine product      day replacement guarantee,28e3f1e490cfc4b47bfb50671ff93283.jpg,"[[254 254 253 ... 254 255 255]
 [254 253 253 ... 254 255 255]
 [253 253 252 ... 255 255 255]
 ...
 [254 254 254 ... 254 255 255]
 [254 254 254 ... 254 255 255]
 [255 255 254 ... 254 255 255]]"
e426290a8f57e82680275bb91df91ad1,Techone+ Flexible SE122103-GREEN USB Led Light,computers,"techone   flexible se        green usb lead light   green 
                          price   rs     
				
			 usable power bank   laptop   usb port adaptor   usb multi pin board    usb port device 
 usable power bank   laptop   usb port adaptor   usb multi pin board    usb port device",e426290a8f57e82680275bb91df91ad1.jpg,"[[255 255 255 ... 255 255 255]
 [255 255 255 ... 255 255 255]
 [255 255 255 ... 255 255 255]
 ...
 [255 255 255 ... 255 255 255]
 [255 255 255 ... 255 255 255]
 [255 255 255 ... 255 255 255]]"
fc9a650d545a50c72556bed0df59efa1,Himtek light led 1 USB Led Light,computers,buy himtek light lead    usb lead light rs      online   himtek light lead    usb lead light good price free shipping    cash delivery   genuine product      day replacement guarantee,fc9a650d545a50c72556bed0df59efa1.jpg,"[[255 255 255 ... 255 255 255]
 [255 255 255 ... 255 255 255]
 [255 255 255 ... 255 255 255]
 ...
 [255 255 255 ... 255 255 255]
 [255 255 255 ... 255 255 255]
 [255 255 255 ... 255 255 255]]"
812bfd40e47dfde2ff5326e899b42577,RRP Born To Have Lxs-001 USB Led Light,computers,"rrp bear lx      usb lead light   purple 
                          price   rs    
				
			 portable usb lead light portronic battery free usb light perfect laptop   adapter power bank   compact size flexible fit position base use utility   power consumption limited able light area 
 portable usb lead light portronic battery free usb light perfect laptop   adapter power bank   compact size flexible fit position base use utility   power consumption limited able light area",812bfd40e47dfde2ff5326e899b42577.jpg,"[[255 255 255 ... 254 254 255]
 [255 255 255 ... 254 254 254]
 [255 255 255 ... 254 254 255]
 ...
 [253 253 253 ... 254 254 254]
 [253 253 253 ... 254 254 254]
 [254 253 253 ... 254 254 254]]"
01089dc3618a0ab7304d784ef400b83d,KLIQVIK SIX PORT USB HUB FOR I PHONE 4 MOBILES TR-256 USB USB Hub,computers,buy kliqvik port usb hub phone    mobile tr      usb usb hub rs       online   kliqvik port usb hub phone    mobile tr      usb usb hub good price free shipping    cash delivery   genuine product      day replacement guarantee,01089dc3618a0ab7304d784ef400b83d.jpg,"[[248 249 249 ... 255 255 255]
 [249 249 249 ... 255 255 255]
 [249 249 249 ... 255 255 255]
 ...
 [242 245 251 ... 255 255 255]
 [241 244 251 ... 255 255 255]
 [240 244 251 ... 255 255 255]]"
de47d0cc0c4875fb97530f66d934c894,KLIQVIK SIX PORT USB HUB FOR SAMSUNG MOBILES TR-252 USB USB Hub,computers,buy kliqvik port usb hub samsung mobiles tr      usb usb hub rs       online   kliqvik port usb hub samsung mobiles tr      usb usb hub good price free shipping    cash delivery   genuine product      day replacement guarantee,de47d0cc0c4875fb97530f66d934c894.jpg,"[[248 249 249 ... 255 255 255]
 [249 249 249 ... 255 255 255]
 [249 249 249 ... 255 255 255]
 ...
 [242 245 251 ... 255 255 255]
 [241 244 251 ... 255 255 255]
 [240 244 251 ... 255 255 255]]"
e86daf9ebcdfc5c5dd088cdb7f8f8db6,Epresent Mfan 1 Fan USB USB Fan,computers,buy epresent mfan    fan usb usb fan rs      online   epresent mfan    fan usb usb fan good price free shipping    cash delivery   genuine product      day replacement guarantee,e86daf9ebcdfc5c5dd088cdb7f8f8db6.jpg,"[[255 255 255 ... 253 254 254]
 [255 255 255 ... 249 253 253]
 [254 254 254 ... 236 245 249]
 ...
 [255 255 255 ... 255 255 255]
 [255 255 255 ... 255 255 255]
 [255 255 255 ... 255 255 255]]"
2c475daafe597ed93c1e27fcaa38d8cc,Task Logistics Audio Receiver H-366 USB Bluetooth,computers,buy task logistics audio receiver h      usb bluetooth rs       online   task logistics audio receiver h      usb bluetooth good price free shipping    cash delivery   genuine product      day replacement guarantee,2c475daafe597ed93c1e27fcaa38d8cc.jpg,"[[255 255 255 ... 255 255 255]
 [255 255 255 ... 255 255 255]
 [255 255 255 ... 255 255 255]
 ...
 [255 255 255 ... 255 255 255]
 [255 255 255 ... 255 255 255]
 [255 255 255 ... 255 255 255]]"
9e90fb6c7870637b6f794e4b4c26bd7e,Feetje Trousers,baby care,feetje trouser    buy blue feetje trouser rs       online india   shop online apparel   huge collection brand clothe flipkart com,9e90fb6c7870637b6f794e4b4c26bd7e.jpg,"[[237 237 237 ... 228 228 228]
 [236 236 236 ... 227 227 227]
 [236 236 236 ... 226 227 227]
 ...
 [230 230 230 ... 223 223 223]
 [231 231 231 ... 223 223 223]
 [231 231 231 ... 223 223 223]]"
82466269245f199d7f850509307a497b,LUV LUV MP3 PLAYER MP3 RED PLAYER USB Sound Card,computers,buy luv luv mp   player mp   red player usb sound card rs      online   luv luv mp   player mp   red player usb sound card good price free shipping    cash delivery   genuine product      day replacement guarantee,82466269245f199d7f850509307a497b.jpg,"[[255 255 255 ... 255 255 255]
 [255 255 255 ... 255 255 255]
 [255 255 255 ... 255 255 255]
 ...
 [255 255 255 ... 255 255 255]
 [255 255 255 ... 255 255 255]
 [255 255 255 ... 255 255 255]]"
4f708bc74c4d29b2967dc38a1f5ae6d5,Rock Rocket Desktop Charger 6950290687051 USB USB Hub,computers,buy rock rocket desktop charger                usb usb hub rs       online   rock rocket desktop charger                usb usb hub good price free shipping    cash delivery   genuine product      day replacement guarantee,4f708bc74c4d29b2967dc38a1f5ae6d5.jpg,"[[254 225 168 ... 255 255 255]
 [254 211 140 ... 255 255 255]
 [250 194 125 ... 255 255 255]
 ...
 [255 255 255 ... 255 255 255]
 [255 255 255 ... 255 255 255]
 [255 255 255 ... 255 255 255]]"
41dccf212ff447cd7213a2b1e669e406,Generix HDMI Female To Female Coupler Jointer Adapter Extender Gender Changer gx-hdmi-coupler USB HDMI Connector,computers,buy generix hdmi female female coupler jointer adapter extender gender changer gx hdmi coupler usb hdmi connector r      online   generix hdmi female female coupler jointer adapter extender gender changer gx hdmi coupler usb hdmi connector good price free shipping    cash delivery   genuine product      day replacement guarantee,41dccf212ff447cd7213a2b1e669e406.jpg,"[[255 255 255 ... 255 255 255]
 [255 255 255 ... 255 255 255]
 [255 255 255 ... 255 255 255]
 ...
 [255 255 255 ... 255 255 255]
 [255 255 255 ... 255 255 255]
 [255 255 255 ... 255 255 255]]"
c612bdfa459e1e2f20d57348336c24be,QP360 Kid Fan 01 MLY2015 USB USB Fan,computers,buy qp     kid fan     mly      usb usb fan rs      online   qp     kid fan     mly      usb usb fan good price free shipping    cash delivery   genuine product      day replacement guarantee,c612bdfa459e1e2f20d57348336c24be.jpg,"[[255 255 255 ... 255 255 255]
 [255 255 255 ... 255 255 255]
 [255 255 255 ... 255 255 255]
 ...
 [255 255 255 ... 255 255 255]
 [255 255 255 ... 255 255 255]
 [255 255 255 ... 255 255 255]]"
fc009e0b404034e5ea065ba980917f33,"Techone+ Portable Power Bank, and Laptops_2 set USB Led Light",computers,buy techone   portable power bank   laptop    set usb lead light rs      online   techone   portable power bank   laptop    set usb lead light good price free shipping    cash delivery   genuine product      day replacement guarantee,fc009e0b404034e5ea065ba980917f33.jpg,"[[254 254 254 ... 254 255 255]
 [254 254 254 ... 254 255 255]
 [253 254 254 ... 254 254 255]
 ...
 [255 255 255 ... 255 255 255]
 [255 255 255 ... 255 255 255]
 [255 255 255 ... 255 255 255]]"
9da942796e9fac272db50b2f7546b94a,Zaicus Itag Bluetooth Tracer Anti Lost Alarm Remote Shutter Voice Recorder Connect With 10 Units 5692 USB Bluetooth,computers,"zaicus itag bluetooth tracer anti lose alarm remote shutter voice recorder connect     unit       usb bluetooth   green 
                          price   rs     
				
			 specification 
   bluetooth version   bluetooth      low energy 
   compatible phone   iphone s     s   c   ipad mini   itouch     ipad       ipad air andriod system bluetooth 
       smartphone andriod      version grade version 
   working distance       foot   barrier  
   suitable   wallet   car   kid   pet   bag suitcase belonging 
   battery    cr      lithium coin battery 
   standby time     month 
   net weight     gram 
    connect     itag unit 
    app language   english   chinese   french   spanish 
 box 

  xbluetooth tracker 
  xbattery 
  xuser manual 
 specification 
   bluetooth version   bluetooth      low energy 
   compatible phone   iphone s     s   c   ipad mini   itouch     ipad       ipad air andriod system bluetooth 
       smartphone andriod      version grade version 
   working distance       foot   barrier  
   suitable   wallet   car   kid   pet   bag suitcase belonging 
   battery    cr      lithium coin battery 
   standby time     month 
   net weight     gram 
    connect     itag unit 
    app language   english   chinese   french   spanish 
 box 

  xbluetooth tracker 
  xbattery 
  xuser manual",9da942796e9fac272db50b2f7546b94a.jpg,"[[255 255 255 ... 255 255 255]
 [255 255 255 ... 255 255 255]
 [255 255 255 ... 255 255 255]
 ...
 [255 255 255 ... 255 255 255]
 [255 255 255 ... 255 255 255]
 [255 255 255 ... 255 255 255]]"
70af4c3c05688d8400632e134f258b98,Memore Portable and Flexible LED Light Lamp MMULL-SkyBlue USB Led Light,computers,"memore portable flexible lead light lamp mmull skyblue usb lead light   blue 
                          price   rs     
				
			         brand new high quality      perfect fit read      light weight durable cover      portable multiple choice color      flexible easy clean      rate voltage    v     rate power      w     size             mm     use power device usb port      ultra bright low power consumption      unique bendable design light weight      material   silicone 
         brand new high quality      perfect fit read      light weight durable cover      portable multiple choice color      flexible easy clean      rate voltage    v     rate power      w     size             mm     use power device usb port      ultra bright low power consumption      unique bendable design light weight      material   silicone",70af4c3c05688d8400632e134f258b98.jpg,"[[255 255 255 ... 254 255 255]
 [255 255 255 ... 254 255 255]
 [255 255 255 ... 254 255 255]
 ...
 [255 255 255 ... 255 255 255]
 [255 255 255 ... 255 255 255]
 [255 255 255 ... 255 255 255]]"
146b0d570d5ab4e27629d48533b7680d,RRP Lamp For Computer Keyboard Tslplt02 USB Led Light,computers,"rrp lamp computer keyboard tslplt    usb lead light   green 
                          price   rs    
				
			 portable usb lead light portronic battery free usb light perfect laptop   adapter power bank   compact size flexible fit position base use utility   power consumption limited able light area 
 portable usb lead light portronic battery free usb light perfect laptop   adapter power bank   compact size flexible fit position base use utility   power consumption limited able light area",146b0d570d5ab4e27629d48533b7680d.jpg,"[[253 249 237 ... 255 255 255]
 [249 241 221 ... 255 255 255]
 [237 221 195 ... 255 255 255]
 ...
 [255 255 255 ... 255 255 255]
 [255 255 255 ... 255 255 255]
 [255 255 255 ... 255 255 255]]"
136f213080426c35520f1b1540c4a390,KLIQVIK SIX PORT USB HUB FOR ANDROID MOBILES TR-250 USB USB Hub,computers,buy kliqvik port usb hub android mobiles tr      usb usb hub rs       online   kliqvik port usb hub android mobiles tr      usb usb hub good price free shipping    cash delivery   genuine product      day replacement guarantee,136f213080426c35520f1b1540c4a390.jpg,"[[248 249 249 ... 255 255 255]
 [249 249 249 ... 255 255 255]
 [249 249 249 ... 255 255 255]
 ...
 [242 245 251 ... 255 255 255]
 [241 244 251 ... 255 255 255]
 [240 244 251 ... 255 255 255]]"
7cdc62f8d3f7ab8b9d2dddc14c86de83,"Akshaj Lightweight Flexible Portable Adjustable With 50000 Hours Life For Keyboard Laptop Pc Notebook Power Bank, Book Reading Work Bed USB Led Light",computers,buy akshaj lightweight flexible portable adjustable        hour life keyboard laptop pc notebook power bank   book read work bed usb lead light rs      online   akshaj lightweight flexible portable adjustable        hour life keyboard laptop pc notebook power bank   book read work bed usb lead light good price free shipping    cash delivery   genuine product      day replacement guarantee,7cdc62f8d3f7ab8b9d2dddc14c86de83.jpg,"[[255 255 255 ... 255 255 255]
 [255 255 255 ... 255 255 255]
 [255 255 255 ... 255 255 255]
 ...
 [255 255 255 ... 255 255 255]
 [255 255 255 ... 255 255 255]
 [255 255 255 ... 255 255 255]]"
568f331e1039bf2e0635b899c2b3248f,Lifestyle-You IG43_04 USB USB Fan,computers,"lifestyle ig       usb usb fan   yellow 
                          price   rs     
				
			 portable usb operate fan air cool fan flexible blade   strong wind   suitable home office table   usb plug design   easily power pc desktop work study   power usb port computer    pc aa pencil battery   battery include    use ac electric power common usb mobile charger   include    blade safe touch fan run   fan provide instant personal cooling   switch turn fan   nice addition desk summer   colour design exactly picture   picture take actual product stock 
 portable usb operate fan air cool fan flexible blade   strong wind   suitable home office table   usb plug design   easily power pc desktop work study   power usb port computer    pc aa pencil battery   battery include    use ac electric power common usb mobile charger   include    blade safe touch fan run   fan provide instant personal cooling   switch turn fan   nice addition desk summer   colour design exactly picture   picture take actual product stock",568f331e1039bf2e0635b899c2b3248f.jpg,"[[255 255 255 ... 255 255 255]
 [255 255 255 ... 255 255 255]
 [255 255 255 ... 255 255 255]
 ...
 [243 226 200 ... 255 255 255]
 [254 246 234 ... 255 255 255]
 [255 255 254 ... 255 255 255]]"
a41371b2f8859b015031f0d5eda5184c,99Gems Smart OTG Connection kit USB USB Cable,computers,"   gem smart otg connection kit usb usb cable   black 
                          price   rs     
				
			 feature   work microusb smart phone device function   otg     allow connect usb device keyboard   mouse usb flash drive otg compatible phone tablet small light   easy carry plug play compatible   device otg support 
 feature   work microusb smart phone device function   otg     allow connect usb device keyboard   mouse usb flash drive otg compatible phone tablet small light   easy carry plug play compatible   device otg support",a41371b2f8859b015031f0d5eda5184c.jpg,"[[254 254 254 ... 251 253 255]
 [254 254 254 ... 248 251 254]
 [255 254 254 ... 211 217 230]
 ...
 [255 255 255 ... 254 254 254]
 [255 255 255 ... 254 254 254]
 [255 255 255 ... 254 254 254]]"
fffa2117a4006d4a848eb7d5b80d4816,De TechInn Flexible wire powered by 13 USB Led Light,computers,buy de techinn flexible wire power     usb lead light rs      online   de techinn flexible wire power     usb lead light good price free shipping    cash delivery   genuine product      day replacement guarantee,fffa2117a4006d4a848eb7d5b80d4816.jpg,"[[255 255 255 ... 255 255 255]
 [255 255 255 ... 255 255 255]
 [255 255 255 ... 255 255 255]
 ...
 [255 255 255 ... 255 255 255]
 [255 255 255 ... 255 255 255]
 [255 255 255 ... 255 255 255]]"
eedee8680f0ed35dcf612c6774affe83,Crystle Crstl - Pink Crystle01 USB Led Light,computers,buy crystle crstl    pink crystle    usb lead light rs      online   crystle crstl    pink crystle    usb lead light good price free shipping    cash delivery   genuine product      day replacement guarantee,eedee8680f0ed35dcf612c6774affe83.jpg,"[[255 255 255 ... 255 255 255]
 [255 255 255 ... 255 255 255]
 [255 255 255 ... 255 255 255]
 ...
 [252 218 139 ... 255 255 255]
 [255 243 198 ... 255 255 255]
 [255 255 232 ... 255 255 255]]"
6136976dc5a433cdf8e2559b8510bdce,Dizionario Mini Perfume Fan Cooling Fancoolerbl USB USB Fan,computers,buy dizionario mini perfume fan cooling fancoolerbl usb usb fan rs      online   dizionario mini perfume fan cooling fancoolerbl usb usb fan good price free shipping    cash delivery   genuine product      day replacement guarantee,6136976dc5a433cdf8e2559b8510bdce.jpg,"[[255 255 255 ... 255 255 255]
 [255 255 255 ... 255 255 255]
 [255 255 255 ... 255 255 255]
 ...
 [255 255 255 ... 255 255 255]
 [255 255 255 ... 255 255 255]
 [255 255 255 ... 255 255 255]]"
ad08a6efe82576ab162a9336feff647f,Kensington 33399EU USB USB Hub,computers,buy kensington       eu usb hub rs      online   kensington       eu usb hub good price free shipping    cash delivery   genuine product      day replacement guarantee,ad08a6efe82576ab162a9336feff647f.jpg,"[[255 255 255 ... 255 255 255]
 [255 255 255 ... 255 255 255]
 [255 255 255 ... 255 255 255]
 ...
 [255 255 255 ... 255 255 255]
 [255 255 255 ... 255 255 255]
 [255 255 255 ... 255 255 255]]"
832a66ce379b4c98fd3d748eebd7ae4c,Techone+ Portable SE122103-WHITE USB Led Light,computers,"techone   portable se        white usb lead light   white 
                          price   rs     
				
			 usable power bank   laptop   usb port adaptor   usb multi pin board    usb port device 
 usable power bank   laptop   usb port adaptor   usb multi pin board    usb port device",832a66ce379b4c98fd3d748eebd7ae4c.jpg,"[[255 255 255 ... 255 255 255]
 [255 255 255 ... 255 255 255]
 [255 255 255 ... 255 255 255]
 ...
 [255 255 255 ... 255 255 255]
 [255 255 255 ... 255 255 255]
 [255 255 255 ... 255 255 255]]"
112a8a56ee40ee31ea06fb7ff23b5c25,meSleep Animal Cushions Cover,home furnishing,buy mesleep animal cushion cover rs       flipkart com   genuine product   free shipping   cash delivery,112a8a56ee40ee31ea06fb7ff23b5c25.jpg,"[[214 192 167 ... 233 254 255]
 [193 162 127 ... 221 254 255]
 [170 131  94 ... 208 253 255]
 ...
 [111  88  77 ...  62 123 175]
 [100  80  65 ...  77 132 178]
 [111  85  60 ...  99 162 205]]"
19d2dbc1789653c58bce08c169662cf2,RCE HP ProBook 4430s 6 Cell Laptop Battery,computers,buy rce hp probook      s    cell laptop battery r        flipkart com   genuine product      day replacement guarantee   free shipping   cash delivery,19d2dbc1789653c58bce08c169662cf2.jpg,"[[255 255 255 ... 255 255 255]
 [255 255 255 ... 255 255 255]
 [255 255 255 ... 255 255 255]
 ...
 [255 255 255 ... 255 255 255]
 [255 255 255 ... 255 255 255]
 [255 255 255 ... 255 255 255]]"
8f41c6931b5220c2bb34d1cab21cb220,kawal fashion Pyjama Baby Girl's  Combo,baby care,specification kawal fashion pyjama baby girl s   combo apparel combo detail primary product size          month ideal baby girl s additional detail style code mnbt     ,8f41c6931b5220c2bb34d1cab21cb220.jpg,"[[255 255 255 ... 255 255 255]
 [255 255 255 ... 255 255 255]
 [255 255 255 ... 255 255 255]
 ...
 [255 255 255 ... 255 255 255]
 [255 255 255 ... 255 255 255]
 [255 255 255 ... 255 255 255]]"
a11773bc4188f1c6226b941ec61c2024,Sivanna Baking Powder Rouge  Highlighter,beauty and personal care,specification sivanna bake powder rouge   highlighter   dark pink brown shimmer      general trait organic type mineral quantity     shade dark pink brown shimmer     ideal girl   woman container type compact case highlighter trait multi shade yes texture powder base box highlighter,a11773bc4188f1c6226b941ec61c2024.jpg,"[[255 231 197 ... 247 255 255]
 [255 233 202 ... 247 255 255]
 [248 231 209 ... 246 255 255]
 ...
 [134 158 185 ... 202 205 207]
 [188 181 172 ... 222 229 233]
 [219 195 163 ... 237 244 248]]"
2c8912b849cf73676d025aa99203b6d1,Lula Baby Girl's Dark Blue Bodysuit,baby care,key feature lula baby girl s dark blue bodysuit fabric   cotton spandex brand color   royal blue lula baby girl s dark blue bodysuit price   rs       lula babywear design caress baby like rise petal   softest safe cotton wear comfort baby   produce fine comb cotton material meet international standard safety suitable delicate skin baby   lula babywear beautiful gentle   hook potentially hurt component   plaquet envelope arrangement provide drape baby remove garment troublesome   specification lula baby girl s dark blue bodysuit box    bodysuit sleepsuit general detail closure snap button bootie sleeve sleeve number content sale package pack    age group          month fabric cotton spandex pattern solid ideal baby girl s neck round neck hood design signature embroidery fabric care gentle machine wash hand wash lukewarm water   use mild detergent   bleach   line dry shade   medium iron   wash dark colour separately,2c8912b849cf73676d025aa99203b6d1.jpg,"[[255 255 254 ... 255 255 255]
 [255 255 247 ... 255 255 255]
 [255 255 229 ... 255 255 255]
 ...
 [255 255 255 ... 255 255 255]
 [255 255 255 ... 255 255 255]
 [255 255 255 ... 255 255 255]]"
4f6006b716c6546033fbaf9ff32de577,Jums Cotton Bath Towel,home furnishing,"jum cotton bath towel     premium luxury bath towel   multicolor 
                          price   rs     
				
			 set    smooth    luxury bath towel house jum havein bath linen collection 
 set    smooth    luxury bath towel house jum havein bath linen collection",4f6006b716c6546033fbaf9ff32de577.jpg,"[[255 255 255 ... 255 255 255]
 [255 255 255 ... 255 255 255]
 [255 255 255 ... 255 255 255]
 ...
 [250 242 217 ... 255 255 255]
 [255 254 247 ... 255 255 255]
 [255 255 255 ... 255 255 255]]"
d218c32df572e82db50faecd62179db2,Homec Geometric Cushions Cover,home furnishing,"homec geometric cushion cover   pack         cm     cm   green 
                          price   rs     
				
			 homec trandy cushion cover set         cm x     cm   color    green 
 homec trandy cushion cover set         cm x     cm   color    green",d218c32df572e82db50faecd62179db2.jpg,"[[252 245 237 ... 238 248 254]
 [246 232 211 ... 213 235 248]
 [226 202 168 ... 168 205 229]
 ...
 [255 255 255 ... 255 255 255]
 [255 255 255 ... 255 255 255]
 [255 255 255 ... 255 255 255]]"
9e81a24714e06b0ca9b4fed8cae42611,Bianca Cotton Face Towel Set,home furnishing,"bianca cotton face towel set   face towel set   yellow   navy 
                          price   rs     
				
			   pc face towel set indulge luxury soft cotton hand wash   premium quality cotton hand towel perfect décor 
   pc face towel set indulge luxury soft cotton hand wash   premium quality cotton hand towel perfect décor",9e81a24714e06b0ca9b4fed8cae42611.jpg,"[[249 249 249 ... 249 251 252]
 [249 249 249 ... 249 251 252]
 [249 249 249 ... 249 250 252]
 ...
 [249 248 248 ... 248 250 252]
 [249 248 248 ... 249 250 252]
 [249 249 248 ... 249 250 252]]"
736191946aaeaa637a0865a42c18b580,Zikrak Exim Floral Cushions Cover,home furnishing,buy zikrak exim floral cushion cover rs       flipkart com   genuine product   free shipping   cash delivery,736191946aaeaa637a0865a42c18b580.jpg,"[[255 255 255 ... 255 255 255]
 [255 255 255 ... 255 255 255]
 [255 255 255 ... 255 255 255]
 ...
 [255 255 255 ... 255 255 255]
 [255 255 255 ... 255 255 255]
 [255 255 255 ... 255 255 255]]"
7b1dd192151777c246a1c4e1fe0ddb4c,Trident Cotton Set of Towels,home furnishing,"trident cotton set towel     bath towel   blue   pink 
                          price   rs     
				
			
	 trident hnh   bath towel great buy pamper skin refreshing shower   pack    towel different color bathroom decor   upgrade bath linen collection towel 

	 easily washable 

	 towel durable easy wash   lightweight highly absorbent   high absorbency   towel provide comfort warmth body  

	 durable material 

	 cotton   towel soft complete care skin   wrap comfort towel bath towel 
 trident hnh   bath towel great buy pamper skin refreshing shower   pack    towel different color bathroom decor   upgrade bath linen collection towel 

	 easily washable 

	 towel durable easy wash   lightweight highly absorbent   high absorbency   towel provide comfort warmth body  

	 durable material 

	 cotton   towel soft complete care skin   wrap comfort towel bath towel",7b1dd192151777c246a1c4e1fe0ddb4c.jpg,"[[255 255 255 ... 255 255 255]
 [255 255 255 ... 255 255 255]
 [255 255 255 ... 255 255 255]
 ...
 [255 255 255 ... 255 255 255]
 [255 255 255 ... 255 255 255]
 [255 255 255 ... 255 255 255]]"
159b45e4dede207f28319bf1cacee3bc,MSenterprises Floral Cushions Cover,home furnishing,"msenterprises floral cushion cover   pack        cm     cm   brown 
                          price   rs     
				
			 pack    cushion cover 
 pack    cushion cover",159b45e4dede207f28319bf1cacee3bc.jpg,"[[159 120  99 ... 253 252 252]
 [154 109  73 ... 205 221 234]
 [153 102  49 ... 105 152 191]
 ...
 [255 255 255 ... 255 255 255]
 [255 255 255 ... 255 255 255]
 [255 255 255 ... 255 255 255]]"
da8017c195b3bfa4ef002968a3542707,Mafatlal Cotton Bath Towel,home furnishing,buy mafatlal cotton bath towel rs       flipkart com   genuine product   free shipping   cash delivery,da8017c195b3bfa4ef002968a3542707.jpg,"[[255 255 255 ... 255 255 255]
 [255 255 255 ... 255 255 255]
 [255 255 255 ... 255 255 255]
 ...
 [255 255 255 ... 255 255 255]
 [255 255 255 ... 255 255 255]
 [255 255 255 ... 255 255 255]]"
e56ffc10078972b5f4e7302383db8d72,Nikunj Abstract Cushions Cover,home furnishing,"nikunj abstract cushion cover   pack        cm     cm   grey 
                          price   rs     
				
			 designer cushion cover house nikunj   superior quality fabric redifine level comfort home   add grace beauty interior 
 designer cushion cover house nikunj   superior quality fabric redifine level comfort home   add grace beauty interior",e56ffc10078972b5f4e7302383db8d72.jpg,"[[255 255 254 ... 254 255 255]
 [255 252 250 ... 254 255 255]
 [254 244 230 ... 254 255 255]
 ...
 [255 255 255 ... 255 255 255]
 [255 255 255 ... 255 255 255]
 [255 255 255 ... 255 255 255]]"
f3dec6a97225941bf9c3213e73943bd3,Textile India Paisley Double Quilts & Comforters Green,home furnishing,buy textile india paisley double quilt    comforter green rs        flipkart com   genuine product   free shipping   cash delivery,f3dec6a97225941bf9c3213e73943bd3.jpg,"[[255 255 255 ... 255 255 255]
 [255 255 255 ... 255 255 255]
 [255 255 255 ... 255 255 255]
 ...
 [255 255 255 ... 255 255 255]
 [255 255 255 ... 255 255 255]
 [255 255 255 ... 255 255 255]]"
c943647eee4de99fc1b4e233b9a7f47d,Nkp Cotton Bath Towel,home furnishing,buy nkp cotton bath towel rs       flipkart com   genuine product   free shipping   cash delivery,c943647eee4de99fc1b4e233b9a7f47d.jpg,"[[255 255 255 ... 255 255 255]
 [255 255 255 ... 255 255 255]
 [255 255 255 ... 255 255 255]
 ...
 [255 255 255 ... 255 255 255]
 [255 255 255 ... 255 255 255]
 [255 255 255 ... 255 255 255]]"
dc777afc918f513a7253187e00a11948,Woven Terry Cotton Bath Towel,home furnishing,"weave terry cotton bath towel   bath towel   multi colour 
                          price   rs     
				
			      cotton soft bath terry pack    towel 
      cotton soft bath terry pack    towel",dc777afc918f513a7253187e00a11948.jpg,"[[255 254 254 ... 251 251 251]
 [254 254 254 ... 251 251 251]
 [254 254 253 ... 251 251 251]
 ...
 [254 254 254 ... 255 255 255]
 [254 254 254 ... 255 255 255]
 [254 254 254 ... 255 254 254]]"
fc976caafdebbab15560dad48bc6ff0f,Casa Copenhagen Set of Towels,home furnishing,buy casa copenhagen set towel rs       flipkart com   genuine product   free shipping   cash delivery,fc976caafdebbab15560dad48bc6ff0f.jpg,"[[255 255 255 ... 255 255 255]
 [255 255 255 ... 255 255 255]
 [255 255 255 ... 255 255 255]
 ...
 [254 252 244 ... 255 255 255]
 [255 254 253 ... 255 255 255]
 [255 254 254 ... 255 255 255]]"
fc3eb6ffed257270c26943e9f9c347b9,Maspar Cotton Set of Towels,home furnishing,"maspar cotton set towel   beach towel   red 
                          price   rs       
				
			     percent cotton   soft absorbent machine washable 
     percent cotton   soft absorbent machine washable",fc3eb6ffed257270c26943e9f9c347b9.jpg,"[[255 255 255 ... 255 255 255]
 [255 255 255 ... 255 255 255]
 [255 255 255 ... 255 255 255]
 ...
 [255 255 255 ... 255 255 255]
 [255 255 255 ... 255 255 255]
 [255 255 255 ... 255 255 255]]"
b6c4cb6a29dcbaf7fa958f04c8215547,Sassoon Cotton Bath Towel,home furnishing,"sassoon cotton bath towel   red 
                          price   rs       
				
			 ferrari print towel    x    cm design    
 ferrari print towel    x    cm design    ",b6c4cb6a29dcbaf7fa958f04c8215547.jpg,"[[220 194 161 ... 255 255 255]
 [171 145 113 ... 255 255 255]
 [114  90  63 ... 255 255 255]
 ...
 [255 255 255 ...  86 101 116]
 [255 255 255 ... 198 199 200]
 [255 255 255 ... 255 255 255]]"
a6c820b76bc29bbe2d85eecad3de03f8,Mandhania Cotton Bath Towel,home furnishing,buy mandhania cotton bath towel rs       flipkart com   genuine product   free shipping   cash delivery,a6c820b76bc29bbe2d85eecad3de03f8.jpg,"[[255 255 255 ... 139 168 197]
 [255 255 255 ...  80 126 170]
 [255 255 255 ...  23  86 144]
 ...
 [255 255 255 ...  15  58  99]
 [255 255 255 ...  67 112 148]
 [255 255 255 ... 118 159 183]]"
7bbcbd91b8865a9f7b254760e5e2e10a,Shagun Gold Tea Tree Essential Aroma Therapy Oil,baby care,"shagun gold tea tree essential aroma therapy oil      ml 
                          price   rs     
				
			 tea tree oil derive leave tea tree   tea tree name eighteenth century sailor   tea smell like nutmeg leave tree grow swampy southeast australian coast   confuse tea tree unrelated common tea plant black green tea 
 tea tree oil derive leave tea tree   tea tree name eighteenth century sailor   tea smell like nutmeg leave tree grow swampy southeast australian coast   confuse tea tree unrelated common tea plant black green tea",7bbcbd91b8865a9f7b254760e5e2e10a.jpg,"[[255 255 255 ... 255 255 255]
 [255 255 255 ... 255 255 255]
 [255 255 255 ... 255 255 255]
 ...
 [253 253 254 ... 255 255 255]
 [241 241 241 ... 243 243 243]
 [230 229 229 ... 231 230 230]]"
d395b2f3d13ff8897f403c6141e0e39a,Amber Cotton Set of Towels,home furnishing,buy amber cotton set towel rs       flipkart com   genuine product   free shipping   cash delivery,d395b2f3d13ff8897f403c6141e0e39a.jpg,"[[255 255 255 ... 255 255 255]
 [255 255 255 ... 255 255 255]
 [255 255 255 ... 255 255 255]
 ...
 [162 159 152 ... 255 255 255]
 [193 189 181 ... 255 255 255]
 [217 214 207 ... 255 255 255]]"
a30aa3b765b613c158fd3a295ed934fa,Bagru Crafts Cotton Set of Towels,home furnishing,buy bagru craft cotton set towel rs       flipkart com   genuine product   free shipping   cash delivery,a30aa3b765b613c158fd3a295ed934fa.jpg,"[[248 248 248 ... 239 239 239]
 [248 248 248 ... 239 239 239]
 [248 248 248 ... 239 239 239]
 ...
 [242 243 243 ... 239 239 239]
 [241 242 243 ... 239 239 239]
 [241 242 243 ... 239 239 239]]"
ee27bc4719ae58c5cb3f1dede61fcf54,Jaipur Raga Floral Double Quilts & Comforters Red,home furnishing,buy jaipur raga floral double quilt    comforter red rs        flipkart com   genuine product   free shipping   cash delivery,ee27bc4719ae58c5cb3f1dede61fcf54.jpg,"[[255 255 255 ... 255 255 255]
 [255 255 255 ... 255 255 255]
 [255 255 255 ... 255 255 255]
 ...
 [255 254 252 ... 140 167 198]
 [255 255 254 ... 151 159 183]
 [255 255 255 ... 173 171 188]]"
456ec612b30d4b091639843cdb66bf54,SSCP Pine Oil,beauty and personal care,"sscp pine oil      ml 
                          price   rs     
				
			 pine oil useful relieve mental   physical sexual fatigue   have cleansing invigorate effect area great vapor therapy sick room promote healing   cut sore   scabie lice excessive perspiration   warming property help rheumatism   arthritis   gout   muscular ache pain stimulate circulation   furthermore help case bronchitis   asthma   catarrh   cough   laryngitis   cold flu   ease breathlessness sinusitis 
 pine oil useful relieve mental   physical sexual fatigue   have cleansing invigorate effect area great vapor therapy sick room promote healing   cut sore   scabie lice excessive perspiration   warming property help rheumatism   arthritis   gout   muscular ache pain stimulate circulation   furthermore help case bronchitis   asthma   catarrh   cough   laryngitis   cold flu   ease breathlessness sinusitis",456ec612b30d4b091639843cdb66bf54.jpg,"[[255 255 255 ... 255 255 255]
 [255 255 255 ... 255 255 255]
 [255 255 255 ... 255 255 255]
 ...
 [255 255 255 ... 255 255 255]
 [255 255 255 ... 255 255 255]
 [255 255 255 ... 255 255 255]]"
f0bc8dff0e2ef0b75f1c78b4f67bcd63,Trident Cotton Face Towel,home furnishing,"trident cotton face towel     hand towel     face towel   yellow 
                          price   rs     
				
			 right kind towel hard come   good quality   skin friendly   durable   dry   ideal towel soft skin   long leave colour   traumatic colour dra 
 right kind towel hard come   good quality   skin friendly   durable   dry   ideal towel soft skin   long leave colour   traumatic colour dra",f0bc8dff0e2ef0b75f1c78b4f67bcd63.jpg,"[[255 255 255 ... 255 255 255]
 [255 255 255 ... 255 255 255]
 [255 255 255 ... 255 255 255]
 ...
 [255 255 255 ... 255 255 255]
 [255 255 255 ... 255 255 255]
 [255 255 255 ... 255 255 255]]"
b454f9f449c9dff58b90113ba984ea98,Intex Kids Inflatable Air Chair,baby care,buy intex kid inflatable air chair rs      online   intex kid inflatable air chair good price free shipping    cash delivery   genuine product      day replacement guarantee,b454f9f449c9dff58b90113ba984ea98.jpg,"[[237 236 236 ... 234 235 236]
 [235 235 235 ... 234 233 233]
 [232 231 228 ... 233 232 231]
 ...
 [ 92  95  93 ... 174 143 123]
 [ 99 101 105 ... 143 132 125]
 [107 104 105 ... 119 124 128]]"
72db37ec42ee76d79cf395221e0f4cce,IWS Cotton Bath Towel,home furnishing,buy iws cotton bath towel rs       flipkart com   genuine product   free shipping   cash delivery,72db37ec42ee76d79cf395221e0f4cce.jpg,"[[255 255 255 ... 255 255 255]
 [255 255 255 ... 255 255 255]
 [255 255 255 ... 255 255 255]
 ...
 [255 255 255 ... 255 255 255]
 [255 255 255 ... 255 255 255]
 [255 255 255 ... 255 255 255]]"
463492671c5c19316a0fb9fe1c53da48,LukLuck Cotton Bath Towel,home furnishing,"lukluck cotton bath towel   bath towel   multicolor 
                          price   r     
				
			 fine quality material   towel soft skin friendly   towel super absorbent    dry quickly 
 fine quality material   towel soft skin friendly   towel super absorbent    dry quickly",463492671c5c19316a0fb9fe1c53da48.jpg,"[[254 254 254 ... 254 254 254]
 [254 254 254 ... 254 254 254]
 [254 254 253 ... 253 254 254]
 ...
 [254 254 254 ... 237 254 254]
 [254 254 254 ... 248 254 254]
 [254 254 254 ... 254 254 254]]"
6858fd9265d348803b18667fe43cd054,MB Cotton Set of Towels,home furnishing,buy mb cotton set towel rs        flipkart com   genuine product   free shipping   cash delivery,6858fd9265d348803b18667fe43cd054.jpg,"[[255 255 255 ... 255 255 255]
 [255 255 255 ... 255 255 255]
 [255 255 255 ... 255 255 255]
 ...
 [255 255 255 ... 255 255 255]
 [255 255 255 ... 255 255 255]
 [255 255 255 ... 255 255 255]]"
526cb1e7675adb39a1ea68f1f2a3fd59,Durga Home Trendz Cotton Hand Towel,home furnishing,"durga home trendz cotton hand towel   hand towel   yellow 
                          price   rs     
				
			      cotton yellow hand towel 
 easy use soft 
      cotton yellow hand towel 
 easy use soft",526cb1e7675adb39a1ea68f1f2a3fd59.jpg,"[[255 255 255 ... 251 250 250]
 [255 255 255 ... 243 246 248]
 [255 255 255 ... 225 238 245]
 ...
 [252 252 249 ... 218 236 246]
 [251 251 250 ... 229 241 247]
 [251 251 251 ... 238 245 249]]"
3ddd2f062730c2aea8bb8843d5a96125,Right Abstract Cushions Cover,home furnishing,"right abstract cushion cover      cm     cm   black   white 
                          price   rs     
				
			 digital print   satin cushion cover right interior 
 digital print   satin cushion cover right interior",3ddd2f062730c2aea8bb8843d5a96125.jpg,"[[255 255 255 ... 255 255 255]
 [255 255 255 ... 255 255 255]
 [255 255 255 ... 255 255 255]
 ...
 [255 255 255 ... 255 255 255]
 [255 255 255 ... 255 255 255]
 [255 255 255 ... 255 255 255]]"
597a9549a3e397d52dca62ee47b1f60a,Just Linen Cotton Bath Towel,home furnishing,"linen cotton bath towel     terry bath towel   lilac orange 
                          price   rs       
				
			 plain simple trick   classic super soft heavy bath towel terry loop thread thick rib horizontal line end   towel short loop absorbent quick dry   ideal daily home usage kid   towel perfect addition exclusive kid bath linen collection 
 plain simple trick   classic super soft heavy bath towel terry loop thread thick rib horizontal line end   towel short loop absorbent quick dry   ideal daily home usage kid   towel perfect addition exclusive kid bath linen collection",597a9549a3e397d52dca62ee47b1f60a.jpg,"[[255 255 255 ... 255 255 255]
 [255 255 255 ... 255 255 255]
 [255 255 255 ... 255 255 255]
 ...
 [255 255 255 ... 255 255 255]
 [255 255 255 ... 255 255 255]
 [255 255 255 ... 255 255 255]]"
2eb07dc77e2fc7e3668fd7ed9b864039,Rustic India Geometric Cushions Cover,home furnishing,"rustic india geometric cushion cover   pack        cm   black 
                          price   r     
				
			 let s guest appreciate fine taste home décor bring home    piece cushion cover rustic india   black color   cushion cover feature eye catchy geometric print hard notice   velvet fabric make look feathery 
 let s guest appreciate fine taste home décor bring home    piece cushion cover rustic india   black color   cushion cover feature eye catchy geometric print hard notice   velvet fabric make look feathery",2eb07dc77e2fc7e3668fd7ed9b864039.jpg,"[[255 223 131 ... 255 255 255]
 [255 209 104 ... 255 255 255]
 [255 196  78 ... 199 213 227]
 ...
 [225 210 194 ...  76 195 255]
 [255 255 255 ... 107 210 255]
 [255 255 255 ... 137 225 255]]"
e1e2883b6845cb214ec8d365cd496008,NKP Cotton Hand Towel,home furnishing,"nkp cotton hand towel   hand towel   white 
                          price   rs     
				
			 nkp product high water absorbing capacity   material cotton   wash care instruction   bleach use chlorine   hang dry   wash dark colour separately nkp brand hand towel good fabric soft feel dry hand 
 nkp product high water absorbing capacity   material cotton   wash care instruction   bleach use chlorine   hang dry   wash dark colour separately nkp brand hand towel good fabric soft feel dry hand",e1e2883b6845cb214ec8d365cd496008.jpg,"[[255 255 255 ... 255 255 255]
 [255 255 255 ... 255 255 255]
 [255 255 255 ... 255 255 255]
 ...
 [255 255 255 ... 255 255 255]
 [255 255 255 ... 255 255 255]
 [255 255 255 ... 255 255 255]]"
4b03cdfc7d1135c972e5c620dd7da66c,KDS SURGICAL Tripod Walking Stick,beauty and personal care,specification kds surgical tripod walk stick box    walk stick general brand kds surgical foldable model number tripod material iron   plastic color grey height adjustable yes dimension weight      g length     cm,4b03cdfc7d1135c972e5c620dd7da66c.jpg,"[[255 255 255 ... 198 214 226]
 [255 255 255 ... 170 189 205]
 [255 255 255 ... 141 158 175]
 ...
 [255 255 255 ... 255 255 255]
 [255 255 255 ... 255 255 255]
 [255 255 255 ... 255 255 255]]"
f0ab5f12bd777e28a401a728fcb93a4b,Bharatcraft Showpiece  -  5 cm,home decor & festive needs,key feature bharatcraft showpiece        cm polyresin height      cm width       cm bharatcraft showpiece        cm   polyresin   brown   price   r       imperial golden king money frog large heavy   high quality earth material   suit perfectly use period    earth energy rule period   product envy peer   money frog depict sit bed wealth   treasure ingot   crown head represent throne right throne bagua   specification bharatcraft showpiece        cm   polyresin   brown   general brand bharatcraft model number hd       type fengshui material polyresin color brown dimension height    cm width     cm depth    cm box sale package    showpiece figurine pack  ,f0ab5f12bd777e28a401a728fcb93a4b.jpg,"[[255 255 255 ... 255 255 255]
 [255 255 255 ... 255 255 255]
 [255 255 255 ... 255 255 255]
 ...
 [255 255 255 ... 255 255 255]
 [255 255 255 ... 255 255 255]
 [255 255 255 ... 255 255 255]]"
d3f4a4336324a3d180de23df1e75b9b7,Loreal Diarichesse No- 5 Light Brown ( Pack of 3 )With 20 Vol 6 % Developer Hair Color,beauty and personal care,key feature loreal diarichesse     light brown    pack         vol      developer hair color loreal diarichesse     light brown     pack        ml     vol      developer       ml tone tone color cover white hair       deep reflex exceptional smoothness   pastel toning bleach highlight hair ammonia free color service enhance natural color hair radiant bright reflection   loreal diarichesse     light brown    pack         vol      developer hair color   brown   price   rs         loreal diarichesse     light brown    pack        ml     vol      developer       ml tone tone color cover white hair       deep reflex exceptional smoothness pastel toning bleach highlight hairit ammonia free color service enhance natural color hair radiant bright reflection   specification loreal diarichesse     light brown    pack         vol      developer hair color   brown   hair color trait ammonia free yes general trait quantity       ml ideal man   woman container type bottle color brown box    developer     tube,d3f4a4336324a3d180de23df1e75b9b7.jpg,"[[255 255 255 ... 255 255 255]
 [255 255 255 ... 255 255 255]
 [255 255 255 ... 255 255 255]
 ...
 [255 255 255 ... 255 255 255]
 [255 255 255 ... 255 255 255]
 [255 255 255 ... 255 255 255]]"
5c0fe2919e49f30aff91d46800cdf149,@home Earthy Wine Net Ceramic Vase,home decor & festive needs,key feature   home earthy wine net ceramic vase material    ceramic color    maroon keep table decorative purpose   home earthy wine net ceramic vase                     inch   pink   price   r         vase earthy wine net mrn h    cm specification   home earthy wine net ceramic vase                     inch   pink   general brand   home suitable table model number hgfvsimstmrn       type vase material ceramic model earthy wine net color pink dimension dimension    x   x     lxbxh   cms height                    inch width        inch depth        inch body    design feature shape tumbler box sale package    vase pack  ,5c0fe2919e49f30aff91d46800cdf149.jpg,"[[255 255 255 ... 255 255 255]
 [255 255 255 ... 255 255 255]
 [255 255 255 ... 255 255 255]
 ...
 [255 255 255 ... 255 255 255]
 [255 255 255 ... 255 255 255]
 [255 255 255 ... 255 255 255]]"
4b59516432fbc3d61e8e58d547fde431,Prisha India Craft m_jug015-1-prishaindia Water Jug,kitchen & dining,key feature prisha india craft m jug       prishaindia water jug time world riddled pollution   countryman high potency tablet minor problem spread poision body   rishe   saint doctor find easy method deal disorder   good remedy overcome problem store water copper utensil overnight drink glass morning   prisha india craft m jug       prishaindia water jug        l   price   rs         time world riddled pollution   countryman high potency tablet minor problem spread poision body   rishe   saint doctor find easy method deal disorder   good remedy overcome problem store water copper utensil overnight drink glass morning wash mouth brush tooth   advisable tea     minute   patient drink glass water time   start small quantity increase quantity gradually   disease world cure method   useful drink water sunrise include healthy person   specification prisha india craft m jug       prishaindia water jug        l   general brand prisha india craft jug type water model number m jug       prishaindia type jug material copper model m jug       prishaindia capacity       l color copper dimension diameter      inch weight       kg height       inch width      inch box sale package    jug pack  ,4b59516432fbc3d61e8e58d547fde431.jpg,"[[255 255 255 ... 255 255 255]
 [255 255 255 ... 255 255 255]
 [255 255 255 ... 255 255 255]
 ...
 [255 255 255 ... 255 255 255]
 [255 255 255 ... 255 255 255]
 [255 255 255 ... 255 255 255]]"
a060b5acc6e3fb814769805db61f589b,BRANDWAGON DIGIPRINT Digital Reprint Painting,home decor & festive needs,key feature brandwagon digiprint digital reprint painting    hd painting brandwagon digiprint digital reprint painting      inch x     inch   price   rs       home thing come mind think comfort perfect ambience set right   let creativity home decor fly free flipkart s collection home furnishing item transform house home dream   specification brandwagon digiprint digital reprint painting      inch x     inch   general brand brandwagon shape rectangular frame material framing model number pos      frame include painting type digital reprint model digiprint painting theme modern art wall mount yes frame color frame artist avasthi dimension weight       kg height     inch dimension dummy   dummy width     inch warranty cover warranty warranty product limit manufacturing defect   warranty summary    year dummy company domestic warranty warranty service type customer exchange damage delivery cover warranty warranty cover external accessory   battery   cable   carry bag    damage cause product improper installation customer   normal wear tear magnetic head   audio   video   laser pick up tv picture tube   pane box sale package    wall painting pack    additional feature feature dummy   dummy water resistant yes,a060b5acc6e3fb814769805db61f589b.jpg,"[[ 89 106 123 ...   1   1   1]
 [ 91 102 120 ...   1   1   1]
 [ 97  99 110 ...   1   1   1]
 ...
 [  1   1   1 ...  78  86  87]
 [  1   1   1 ...  77  84  81]
 [  1   1   1 ...  78  81  77]]"
a541b3aba326d7749b4c086c3cea9273,Relaxfeel Floral Single Dohar White,baby care,key feature relaxfeel floral single dohar white pack   color   white height      cm width     cm relaxfeel floral single dohar white   ac dohar   price   rs       good collection dohar good compaingn summer    winter   high quality gurantee extremely soft warm   perfect everyday use   dohar give luxarious elegant look   easy carry travel   easy storage   season dohar   ac room   specification relaxfeel floral single dohar white   ac dohar   general brand relaxfeel type dohar hand washable yes model d single dohar color white design floral machine washable yes suitable c room inner material polycotton model single dohar ideal baby boy baby girl outer material ployester size single dimension weight      g length    inch       cm width     inch       cm depth     cm box number content sale package  ,a541b3aba326d7749b4c086c3cea9273.jpg,"[[236 217 182 ... 252 251 251]
 [228 209 175 ... 250 249 249]
 [218 209 192 ... 249 248 248]
 ...
 [201 201 201 ... 205 207 208]
 [214 214 214 ... 216 218 219]
 [226 227 227 ... 229 230 231]]"
d136aa676ef52b09eab65762940957fe,scarlet tanager bird normal POSTER Paper Print,home decor & festive needs,key feature scarlet tanager bird normal poster paper print animal large     inch specification scarlet tanager bird normal poster paper print      inch x     inch   roll   dimension paper depth      gsm height     inch width     inch poster detail category animal black    white poster paper type paper print color poster yes box number content sale package    sale package    poster,d136aa676ef52b09eab65762940957fe.jpg,"[[ 78  84  98 ... 103  88  83]
 [ 79  91 114 ... 102  92  90]
 [ 81 103 143 ... 102  99  98]
 ...
 [ 82  92 101 ...  87  83  92]
 [ 93 108 119 ...  84  92 103]
 [109 124 135 ...  78  95 108]]"
9b00cab981ab825158c05c9e54b866d4,good-night-angel-sleep-well-pics Paper Print,home decor & festive needs,key feature good night angel sleep pic paper print good print laminate water proof good paper quality long last good night angel sleep pic paper print      inch x     inch   frame   price   rs       mega product poster high quality hp paper hd print   art     specification good night angel sleep pic paper print      inch x     inch   frame   dimension paper depth      gsm weight      g height     inch width     inch poster detail shape rectangle category humor black    white poster paper type paper print paper finish matte lamination yes artist mega product color poster yes frame detail frame box number content sale package    sale package    poster,9b00cab981ab825158c05c9e54b866d4.jpg,"[[ 90  91  94 ... 169 160 156]
 [ 91  91  94 ... 166 157 154]
 [ 92  91  94 ... 161 156 156]
 ...
 [163 167 173 ...  71  84  92]
 [155 158 165 ...  67  85  97]
 [151 154 160 ...  68  88 100]]"
480d24adbc304a52a4e01e45bf8bbccc,Fs Mini Klub Baby Boy's Woven Casual Shirt,baby care,key feature fs mini klub baby boy s woven casual shirt fit   regular fabric        cotton suitable   western wear sleeve   half sleeve specification fs mini klub baby boy s woven casual shirt general detail pattern weave ideal baby boy s occasion casual shirt detail sleeve half sleeve number content sale package pack    brand fit regular fabric       cotton fit regular fabric care wash similar color additional detail style code    ebtsh      w,480d24adbc304a52a4e01e45bf8bbccc.jpg,"[[255 255 255 ... 255 255 255]
 [255 255 255 ... 255 255 255]
 [255 255 255 ... 255 255 255]
 ...
 [255 255 255 ... 255 255 255]
 [255 255 255 ... 255 255 255]
 [255 255 255 ... 255 255 255]]"
a445d1f73be8f81dd902fd5dc8529416,Cotton On Kids Baby Boy's Printed Casual Shirt,baby care,specification cotton kid baby boy s print casual shirt general detail pattern print occasion casual ideal baby boy s shirt detail sleeve half sleeve number content sale package pack    brand fit regular fabric cotton fit regular additional detail style code cokb    black,a445d1f73be8f81dd902fd5dc8529416.jpg,"[[255 255 255 ... 255 255 255]
 [255 255 255 ... 255 255 255]
 [255 255 255 ... 255 255 255]
 ...
 [255 255 255 ... 255 255 255]
 [255 255 255 ... 255 255 255]
 [255 255 255 ... 255 255 255]]"
3aaa50eb5d2cf4c18b57346423871624,Portia Hat,baby care,specification portia hat   pink   pack     box number content sale package pack    general ideal girl,3aaa50eb5d2cf4c18b57346423871624.jpg,"[[255 255 255 ... 255 255 255]
 [255 255 255 ... 255 255 255]
 [255 255 255 ... 255 255 255]
 ...
 [255 255 255 ... 255 255 255]
 [255 255 255 ... 255 255 255]
 [255 255 255 ... 255 255 255]]"
23b0bdd337f7d1b4b70ad13726a122ab,Beebay Baby Boy's Checkered Casual Shirt,baby care,specification beebay baby boy s checker casual shirt general detail pattern checker occasion casual ideal baby boy s shirt detail closure button sleeve half sleeve number content sale package pack    brand fit regular collar button collar fabric cotton fit regular hem curve hem additional detail style code         fabric care machine wash,23b0bdd337f7d1b4b70ad13726a122ab.jpg,"[[255 255 255 ... 255 255 255]
 [255 255 255 ... 255 255 255]
 [255 255 255 ... 255 255 255]
 ...
 [255 255 255 ... 255 255 255]
 [255 255 255 ... 255 255 255]
 [255 255 255 ... 255 255 255]]"
7e3d8e737aec8f1eca019302593c732e,painting_art_couple_love__Dance Paper Print,home decor & festive needs,key feature paint art couple love   dance paper print good lamination high quality paper lovelly print painting art couple love   dance paper print      inch x     inch   frame   price   rs       shoperite poster high quality paper lamination lovelly hd printing good look wall      gsm paper depth   specification paint art couple love   dance paper print      inch x     inch   frame   dimension paper depth      gsm weight      g height     inch width     inch poster detail shape rectangle black    white poster category quote    motivation orientation landscape paper finish matte paper type paper print lamination yes artist shoperite color poster yes frame detail frame box number content sale package    sale package    poster,7e3d8e737aec8f1eca019302593c732e.jpg,"[[ 99 100 101 ...  72  68  63]
 [ 97  98  99 ...  63  61  58]
 [ 87  89  93 ...  51  51  52]
 ...
 [104 106 110 ...  29  27  25]
 [ 91  95 103 ...  29  25  23]
 [ 84  90 100 ...  29  24  23]]"
e225be101bbad1ea9d031261ba4387b8,Bourne Supermacy Canvas Art,home decor & festive needs,key feature bourne supermacy canvas art unique uber design high grade      gsm canvas poster bright detailed printing standard      x      size come roll form poster tube bourne supermacy canvas art      inch x     inch   roll   price   rs       bourne supermacy canvas poster urban monk accomplish task reflect passion thing solely provide elegant touch home work place   understanding provide urban folk design range music   movie   tv   show   cricket   football   nba   nfl   minimal   funny   abstract art etc poster sole purpose bourne supermacy    x    inch poster high grade     gsm canvas paper   print ultra violet discharge printing richness colour detail   sure canvas art provide sense satisfaction   come rigid poster tube prevent carriage damage   margin leave side frame   specification bourne supermacy canvas art      inch x     inch   roll   warranty warrenty limit manufacturing defect   dimension paper depth      gsm weight      g height     inch width     inch poster detail shape rectangle category nature   educational   sport paper finish matte paper type canvas art sub category thriller   bollywood   music    musical instrument color poster yes box number content sale package    sale package    roll poster,e225be101bbad1ea9d031261ba4387b8.jpg,"[[254 254 253 ... 135 209 246]
 [254 253 251 ... 101 194 241]
 [253 251 247 ...  64 177 235]
 ...
 [251 248 244 ... 255 255 255]
 [252 250 248 ... 255 255 255]
 [253 252 250 ... 255 255 255]]"
89b95537d8697203ab278237289a52a8,Like Analog Purple Clock,watches,specification like analog purple clock function alarm yes general suitable table number battery    power source battery display feature backlight warranty    year manufacturer warranty dimension weight      g height      mm width     mm body feature dial shape rectangle dial number display hand    display hand material plastic dial color purple box number content sale package pack    sale package    table clock,89b95537d8697203ab278237289a52a8.jpg,"[[226 226 227 ... 221 221 221]
 [226 226 227 ... 221 220 220]
 [226 226 227 ... 221 221 221]
 ...
 [230 230 231 ... 223 223 223]
 [230 230 230 ... 224 223 223]
 [230 230 230 ... 224 224 223]]"
762b6b22cccf91935e92446efe298fe3,612 League Baby Boy's Checkered Casual Shirt,baby care,specification      league baby boy s checker casual shirt general detail pattern checker occasion casual ideal baby boy s shirt detail sleeve half sleeve number content sale package pack    brand fit regular fabric       cotton fit regular additional detail style code bls   s       b fabric care enzyme wash,762b6b22cccf91935e92446efe298fe3.jpg,"[[255 255 255 ... 255 255 255]
 [255 255 255 ... 255 255 255]
 [255 255 255 ... 255 255 255]
 ...
 [255 255 255 ... 255 255 255]
 [255 255 255 ... 255 255 255]
 [255 255 255 ... 255 255 255]]"
f7514f6068377bcaed80043a5e321131,FS Mini Klub Baby Boy's Woven Casual Shirt,baby care,key feature fs mini klub baby boy s woven casual shirt fit   regular fabric   cotton suitable   western wear sleeve   half sleeve specification fs mini klub baby boy s woven casual shirt general detail pattern weave occasion casual ideal baby boy s shirt detail sleeve half sleeve number content sale package pack    brand fit regular fabric cotton fit regular additional detail style code    tbtsh      rb aop,f7514f6068377bcaed80043a5e321131.jpg,"[[255 255 255 ... 255 255 255]
 [255 255 255 ... 255 255 255]
 [255 255 255 ... 255 255 255]
 ...
 [255 255 255 ... 255 255 255]
 [255 255 255 ... 255 255 255]
 [255 255 255 ... 255 255 255]]"
c5c559012b742d9966df82182b90c6da,wallskart Floral & Botanical Wallpaper,home decor & festive needs,key feature wallskart floral    botanical wallpaper suitable   living room   bed room   kitchen   office color   black material   vinyl paper type   vinyl wallskart floral    botanical wallpaper         cm x        cm   price   rs       welcome foremost place web find artistic design wall decal wall sticker wall   decal wall sticker   self adhesive vinyl sticker apply surface great alternative wallpaper   paint stencil choice   choose space   plan design d like   apply   extremely durable available design   extremely easy apply wall flat smooth surface specification wallskart floral    botanical wallpaper         cm x        cm   general brand wallskart scratch resistant yes shade black material vinyl color black design wallskart tinker bell flower small black wall sticker suitable living room   bed room   kitchen   office theme floral    botanical model number wkhs     s length        cm waterproof yes width        cm paper type vinyl size small warranty cover warranty apply freshly paint wall       day paint   apply humid    wet surface   apply textured surface   apply paint   dust come surface warranty summary wallskart product come warranty     day date purchase transferable   wallskart warranty cover follow     damage product transit   b   manufacture defect product   warranty period   wallskart shall exchange product free cost   wallsk    view wallskart product come warranty     day date purchase transferable   wallskart warranty cover follow     damage product transit   b   manufacture defect product   warranty period   wallskart shall exchange product free cost   wallskart warranty valid event follow instance     damage product extreme heat moisture   b   mishandle installation   c   damage human interference   exposure fire accident   customer agree wallskart reserve right correct issue reason return   possible refund issue   dimension weight      g additional feature feature scratch resistant   wet removable washable yes box sale package    wall sticker pack  ,c5c559012b742d9966df82182b90c6da.jpg,"[[255 254 254 ... 191 191 191]
 [254 254 254 ... 189 190 190]
 [254 254 254 ... 187 188 188]
 ...
 [106 107 105 ...  89  88  87]
 [105 107 106 ...  90  90  90]
 [109 111 111 ...  86  87  87]]"
27175ea71cc5f2879882c77b9931cf8b,Megaway 196.85 inch White Rice Lights,home decor & festive needs,"megaway         inch white rice light   pack   
                          price   rs       
				
			 warning   don t direct plug ac power supply   use    v lead adaptor provide strip light   warranty adaptor    month 
 warning   don t direct plug ac power supply   use    v lead adaptor provide strip light   warranty adaptor    month",27175ea71cc5f2879882c77b9931cf8b.jpg,"[[254 254 254 ... 255 255 255]
 [254 254 254 ... 255 255 255]
 [254 254 254 ... 254 254 254]
 ...
 [255 255 255 ... 255 255 255]
 [255 255 255 ... 255 255 255]
 [255 255 255 ... 255 255 255]]"
f54d0c5cbd8e2270742293edf9075cb1,"The Intellect Bazaar Abstract Double Dohar Blue, Brown",home furnishing,buy intellect bazaar abstract double dohar blue   brown rs       flipkart com   genuine product   free shipping   cash delivery,f54d0c5cbd8e2270742293edf9075cb1.jpg,"[[255 255 255 ... 255 255 255]
 [255 255 255 ... 255 255 255]
 [255 255 255 ... 255 255 255]
 ...
 [255 255 255 ... 255 255 255]
 [255 255 255 ... 255 255 255]
 [255 255 255 ... 255 255 255]]"
66d91765da568f133f040b951f25e702,Anjalika Brass Laddu Gopal Showpiece  -  6 cm,home decor & festive needs,buy anjalika brass laddu gopal showpiece        cm rs      online   anjalika brass laddu gopal showpiece        cm good price free shipping    cash delivery   genuine product      day replacement guarantee,66d91765da568f133f040b951f25e702.jpg,"[[255 255 255 ... 255 255 255]
 [255 255 255 ... 255 255 255]
 [255 255 255 ... 255 255 255]
 ...
 [255 255 255 ... 255 255 255]
 [255 255 255 ... 255 255 255]
 [255 255 255 ... 255 255 255]]"
e87bad0de3447c9ac3a8555e89545c75,Baby Bucket Cartoon Single Blanket blue,home furnishing,buy baby bucket cartoon single blanket blue rs        flipkart com   genuine product   free shipping   cash delivery,e87bad0de3447c9ac3a8555e89545c75.jpg,"[[255 255 255 ... 255 255 255]
 [255 255 255 ... 255 255 255]
 [255 255 255 ... 255 255 255]
 ...
 [255 255 255 ... 255 255 255]
 [255 255 255 ... 255 255 255]
 [255 255 255 ... 255 255 255]]"
b1d61c60791a01827e3251e362c78573,"Digilight 400 inch White, Blue Rice Lights",home decor & festive needs,buy digilight      inch white   blue rice light rs      online   digilight      inch white   blue rice light good price free shipping    cash delivery   genuine product      day replacement guarantee,b1d61c60791a01827e3251e362c78573.jpg,"[[19 18 17 ... 14 14 14]
 [19 18 18 ... 14 14 14]
 [19 19 18 ... 15 14 14]
 ...
 [20 20 19 ... 16 16 16]
 [19 19 19 ... 16 16 16]
 [19 19 19 ... 16 15 16]]"
486e98154514ed485f0b2f9bc9f24549,Agrasen International Radha Krishna Statue Showpiece  -  20 cm,home decor & festive needs,buy agrasen international radha krishna statue showpiece         cm rs      online   agrasen international radha krishna statue showpiece         cm good price free shipping    cash delivery   genuine product      day replacement guarantee,486e98154514ed485f0b2f9bc9f24549.jpg,"[[255 255 255 ... 255 255 255]
 [255 255 255 ... 255 255 255]
 [255 255 255 ... 255 255 255]
 ...
 [255 255 254 ... 254 255 255]
 [255 255 254 ... 255 255 255]
 [255 255 255 ... 255 255 255]]"
cf03921bd7eb3afd84c4b12a434d03e5,"Pinc Ginger 90.6 inch Black, White Rice Lights",home decor & festive needs,buy pinc ginger       inch black   white rice light rs       online   pinc ginger       inch black   white rice light good price free shipping    cash delivery   genuine product      day replacement guarantee,cf03921bd7eb3afd84c4b12a434d03e5.jpg,"[[255 255 255 ... 255 255 255]
 [255 255 255 ... 255 255 255]
 [255 255 255 ... 255 255 255]
 ...
 [255 255 255 ... 251 255 255]
 [255 255 255 ... 255 255 255]
 [255 255 255 ... 255 255 255]]"
a618354ba17cff64826558d81afc77ab,Elfani Brilliance Lip Color 3.5 g,beauty and personal care,flipkart com   buy elfani brilliance lip color      g r       flipkart com     low price   genuine product      day replacement guarantee   free shipping   cash delivery,a618354ba17cff64826558d81afc77ab.jpg,"[[254 254 254 ... 254 254 254]
 [254 254 254 ... 254 254 254]
 [254 254 254 ... 254 254 254]
 ...
 [254 254 254 ... 254 254 254]
 [254 254 254 ... 254 254 254]
 [254 254 254 ... 254 254 254]]"
5307e0db12b1018746ac3801d189c379,Home Delight 130 inch Pink Rice Lights,home decor & festive needs,"home delight      inch pink rice light   pack   
                          price   rs     
				
			 pink rice light   colourful pvc copper wire warm   traditional glow   flame tip shape cut electricity cost      ordinary bulb   bulb virtually unbreakable durable   light series hang indoor outdoor   ip    high energy saving safety superior material competitive price promotion festival 
 pink rice light   colourful pvc copper wire warm   traditional glow   flame tip shape cut electricity cost      ordinary bulb   bulb virtually unbreakable durable   light series hang indoor outdoor   ip    high energy saving safety superior material competitive price promotion festival",5307e0db12b1018746ac3801d189c379.jpg,"[[  3   3   4 ...  67 192 255]
 [  4   3   4 ...  66 192 255]
 [  4   4   4 ...  66 192 255]
 ...
 [255 255 254 ... 172 229 253]
 [255 255 255 ... 228 247 255]
 [255 255 255 ... 254 255 255]]"
62e36e018c9ee4b282cf674e84054df8,Valtellina Plain Single Top Sheet White,home furnishing,buy valtellina plain single sheet white rs        flipkart com   genuine product   free shipping   cash delivery,62e36e018c9ee4b282cf674e84054df8.jpg,"[[ 35  31  20 ... 234 231 228]
 [ 35  31  20 ... 236 232 228]
 [ 35  30  21 ... 240 235 230]
 ...
 [128 128 136 ...  68  69  70]
 [129 130 136 ...  67  73  75]
 [130 130 137 ...  66  75  79]]"
fb42fce44e11f4dab8de99f8488281f8,Nagar Handloom Floral Double Quilts & Comforters Multicolor,home furnishing,buy nagar handloom floral double quilt    comforter multicolor rs        flipkart com   genuine product   free shipping   cash delivery,fb42fce44e11f4dab8de99f8488281f8.jpg,"[[255 255 255 ... 255 255 255]
 [255 255 255 ... 255 255 255]
 [255 255 255 ... 255 255 255]
 ...
 [255 255 255 ... 255 255 255]
 [255 255 255 ... 255 255 255]
 [255 255 255 ... 255 255 255]]"
3f9c4d0e8c3bca9c870e41f5098f90d6,Valtellina Checkered Double Blanket Brown,home furnishing,buy valtellina checker double blanket brown rs       flipkart com   genuine product   free shipping   cash delivery,3f9c4d0e8c3bca9c870e41f5098f90d6.jpg,"[[186 186 187 ... 209 208 208]
 [186 186 187 ... 210 208 208]
 [187 187 187 ... 210 208 207]
 ...
 [116 119 121 ... 174 167 164]
 [114 114 115 ... 174 168 166]
 [111 109 110 ... 173 170 170]]"
af13232271963742c118a1c58affa259,Adaa Sitting Nandi with Round Base Showpiece  -  4 cm,home decor & festive needs,buy adaa sit nandi round base showpiece        cm rs      online   adaa sit nandi round base showpiece        cm good price free shipping    cash delivery   genuine product      day replacement guarantee,af13232271963742c118a1c58affa259.jpg,"[[255 255 255 ... 255 255 255]
 [255 255 255 ... 255 255 255]
 [255 255 255 ... 255 255 255]
 ...
 [255 255 255 ... 255 255 255]
 [255 255 255 ... 255 255 255]
 [255 255 255 ... 255 255 255]]"
7c333641c63bd7519432ae83744b8db4,Utsav Handicraft UHD004 Showpiece  -  8 cm,home decor & festive needs,"utsav handicraft uhd     showpiece        cm   silver finish   silver 
                          price   rs     
				
			 utsav handicraft musical ganesha 
 utsav handicraft musical ganesha",7c333641c63bd7519432ae83744b8db4.jpg,"[[255 255 255 ... 255 255 255]
 [255 255 255 ... 255 255 255]
 [255 255 255 ... 255 255 255]
 ...
 [255 255 255 ... 255 255 255]
 [255 255 255 ... 255 255 255]
 [255 255 255 ... 255 255 255]]"
60395c709b4a933319e2713e3ae620d4,Jaipur Textile Hub Floral Double Quilts & Comforters Green,home furnishing,buy jaipur textile hub floral double quilt    comforter green rs        flipkart com   genuine product   free shipping   cash delivery,60395c709b4a933319e2713e3ae620d4.jpg,"[[255 255 255 ... 255 255 255]
 [255 255 255 ... 255 255 255]
 [255 255 255 ... 255 255 255]
 ...
 [255 255 255 ... 255 255 255]
 [255 255 255 ... 255 255 255]
 [255 255 255 ... 255 255 255]]"
cf1be83386eb96b2ab9598944ebca6fc,Valtellina Abstract Double Blanket Brown,home furnishing,buy valtellina abstract double blanket brown rs       flipkart com   genuine product   free shipping   cash delivery,cf1be83386eb96b2ab9598944ebca6fc.jpg,"[[255 255 255 ... 255 255 255]
 [255 255 255 ... 255 255 255]
 [255 255 255 ... 255 255 255]
 ...
 [255 255 255 ... 255 255 255]
 [255 255 255 ... 255 255 255]
 [255 255 255 ... 255 255 255]]"
037b39bef3db7ccd264c577a0edf0c0a,Gift Studios Buddha Stone Showpiece  -  17.6 cm,home decor & festive needs,buy gift studio buddha stone showpiece           cm rs      online   gift studio buddha stone showpiece           cm good price free shipping    cash delivery   genuine product      day replacement guarantee,037b39bef3db7ccd264c577a0edf0c0a.jpg,"[[201 200 198 ... 141 141 141]
 [201 200 199 ... 142 141 141]
 [201 200 201 ... 144 141 140]
 ...
 [231 231 230 ... 227 227 227]
 [231 231 230 ... 225 225 225]
 [231 231 230 ... 225 225 225]]"
43da6e88dcb61e027ea9112cfab158ee,Aurraa Printed Single Quilts & Comforters Green,home furnishing,"aurraa print single quilt    comforter green   micro quilt   quilt 
                          price   r       
				
			 spread happiness kid s bedroom kid sleep comfortably warmth cosy quilt   high quality polyfill constitute quilt cover premium quality cotton 
 spread happiness kid s bedroom kid sleep comfortably warmth cosy quilt   high quality polyfill constitute quilt cover premium quality cotton",43da6e88dcb61e027ea9112cfab158ee.jpg,"[[255 255 255 ... 255 255 255]
 [255 255 255 ... 255 255 255]
 [255 255 255 ... 255 255 255]
 ...
 [255 255 255 ... 255 255 255]
 [255 255 255 ... 255 255 255]
 [255 255 255 ... 255 255 255]]"
7b1c5edc85bc7e31edf49ab70034bb3a,Incolor Metalic Lipstick N15 3.8 g,beauty and personal care,flipkart com   buy incolor metalic lipstick n        g r       flipkart com     low price   genuine product      day replacement guarantee   free shipping   cash delivery,7b1c5edc85bc7e31edf49ab70034bb3a.jpg,"[[255 255 255 ... 255 255 255]
 [255 255 255 ... 255 255 255]
 [255 255 255 ... 255 255 255]
 ...
 [255 255 255 ... 255 255 255]
 [255 255 255 ... 255 255 255]
 [255 255 255 ... 255 255 255]]"
6e6694c52c9273cde2163d34d5b44e94,My Party Suppliers 720 inch Multicolor Rice Lights,home decor & festive needs,buy party supplier      inch multicolor rice light r      online   party supplier      inch multicolor rice light good price free shipping    cash delivery   genuine product      day replacement guarantee,6e6694c52c9273cde2163d34d5b44e94.jpg,"[[217 218 219 ... 202 193 186]
 [217 218 219 ... 201 195 190]
 [218 218 219 ... 201 198 196]
 ...
 [221 222 222 ... 226 227 227]
 [222 223 223 ... 225 224 224]
 [222 223 223 ... 225 225 225]]"
09f9f9b420edea2f39c0dc3c24d5be07,GrandShop 444 inch Multicolor Rice Lights,home decor & festive needs,"grandshop      inch multicolor rice light   pack   
                          price   rs     
				
			 grandshop rice strip light fine bendable copper wire silver conform shape add beautiful decorative accent   flexible durable   string light perfect position light decorative like diwali   christmas tree decoration   wall wedding anniversary   decorate home occasion like diwali   new year etc       ft long wire host     small intensely bright multicolor lead bulb light change mode illuminate direction    beautiful color 
 grandshop rice strip light fine bendable copper wire silver conform shape add beautiful decorative accent   flexible durable   string light perfect position light decorative like diwali   christmas tree decoration   wall wedding anniversary   decorate home occasion like diwali   new year etc       ft long wire host     small intensely bright multicolor lead bulb light change mode illuminate direction    beautiful color",09f9f9b420edea2f39c0dc3c24d5be07.jpg,"[[17 17 18 ... 53 54 57]
 [16 16 17 ... 52 54 56]
 [17 17 17 ... 53 55 55]
 ...
 [23 24 25 ... 47 47 46]
 [24 24 24 ... 47 45 45]
 [25 25 24 ... 46 45 45]]"
9e07a3eeee6aa9e656106281cdd30d67,eCraftIndia Lord Ganesha on Elephant Showpiece  -  13.97 cm,home decor & festive needs,buy ecraftindia lord ganesha elephant showpiece            cm rs      online   ecraftindia lord ganesha elephant showpiece            cm good price free shipping    cash delivery   genuine product      day replacement guarantee,9e07a3eeee6aa9e656106281cdd30d67.jpg,"[[255 255 255 ... 255 255 255]
 [255 255 255 ... 255 255 255]
 [255 255 255 ... 255 255 255]
 ...
 [255 255 255 ... 255 255 255]
 [255 255 255 ... 255 255 255]
 [255 255 255 ... 255 255 255]]"
b7e42b52534c5e49eb03817d754c2153,Welhouse Geometric Double Blanket Grey,home furnishing,buy welhouse geometric double blanket grey rs        flipkart com   genuine product   free shipping   cash delivery,b7e42b52534c5e49eb03817d754c2153.jpg,"[[255 255 255 ... 255 255 255]
 [255 255 255 ... 255 255 255]
 [255 255 255 ... 255 255 255]
 ...
 [255 255 255 ... 255 255 255]
 [255 255 255 ... 255 255 255]
 [255 255 255 ... 255 255 255]]"
9c9385abdb73ec1f1f93acaf81c6e1d7,Digilight 200 inch Blue Rice Lights,home decor & festive needs,"digilight      inch blue rice light   pack   
                          price   r     
				
			 diwali   adorn home like gorgeous lighting solution house digilight   available varied array colour type suit taste   durable pvc material beautify abode   order online today ready compliment flow 
 diwali   adorn home like gorgeous lighting solution house digilight   available varied array colour type suit taste   durable pvc material beautify abode   order online today ready compliment flow",9c9385abdb73ec1f1f93acaf81c6e1d7.jpg,"[[2 2 2 ... 1 2 2]
 [2 2 2 ... 1 2 2]
 [2 2 2 ... 2 2 2]
 ...
 [1 1 2 ... 2 2 2]
 [1 1 2 ... 2 2 2]
 [1 1 2 ... 3 2 2]]"
c12fd368ff03f5224b92771824cafb9c,The Intellect Bazaar Geometric Single Blanket Gold,home furnishing,"intellect bazaar geometric single blanket gold   mink blanket     blanket 
                          price   rs       
				
			 intellect bazaar present new range mink blanket fine quality material complete observance prevalent quality norm company warmth render blanket completely satisfy customer need   intellect bazaar blanket weigh provide warmth freeze winter season   mink blanket long life   blanket available    colour   intellect bazaar blanket come attractive durable packing blanket safe   use     blanket excellent gift 
 intellect bazaar present new range mink blanket fine quality material complete observance prevalent quality norm company warmth render blanket completely satisfy customer need   intellect bazaar blanket weigh provide warmth freeze winter season   mink blanket long life   blanket available    colour   intellect bazaar blanket come attractive durable packing blanket safe   use     blanket excellent gift",c12fd368ff03f5224b92771824cafb9c.jpg,"[[240 235 226 ... 210 223 228]
 [237 233 225 ... 213 224 228]
 [234 231 223 ... 222 225 226]
 ...
 [105 106 109 ...  99  97  95]
 [105 104 105 ...  97  97  95]
 [105 103 103 ...  96  96  96]]"
283e2c4d728bdb193834d876ec27e6dd,The Art Box Floral Single Dohar Multicolor,home furnishing,buy art box floral single dohar multicolor rs       flipkart com   genuine product   free shipping   cash delivery,283e2c4d728bdb193834d876ec27e6dd.jpg,"[[255 255 255 ... 255 255 255]
 [255 255 255 ... 255 255 255]
 [255 255 255 ... 255 255 255]
 ...
 [  0   0   0 ...   1   0   0]
 [  0   0   0 ...   2   1   1]
 [  0   0   0 ...   2   2   1]]"
9cd443dad2c8f354fd01869a57fdc171,"Al Fakher Pegs'N'Pipes Mint, Double Apple Hookah Flavor",home decor & festive needs,buy al fakher pegs n pipe mint   double apple hookah flavor r      online   al fakher peg n pipe mint   double apple hookah flavor good price free shipping    cash delivery   genuine product      day replacement guarantee,9cd443dad2c8f354fd01869a57fdc171.jpg,"[[255 255 255 ... 253 254 254]
 [255 255 255 ... 251 253 254]
 [255 254 254 ... 238 248 253]
 ...
 [255 255 255 ... 135 168 198]
 [255 255 255 ... 219 229 238]
 [255 255 255 ... 254 253 254]]"
8b7a51c69b47f4714b5f7131077b5d30,Weldecor 1800 inch Red Rice Lights,home decor & festive needs,buy weldecor       inch red rice light rs       online   weldecor       inch red rice light good price free shipping    cash delivery   genuine product      day replacement guarantee,8b7a51c69b47f4714b5f7131077b5d30.jpg,"[[ 84  84  84 ...  86  86  86]
 [ 44  44  44 ...  46  46  46]
 [  4   4   4 ...   6   6   6]
 ...
 [254 254 254 ... 254 254 254]
 [255 255 255 ... 255 255 255]
 [255 255 255 ... 255 255 255]]"
8026dc3e27e8e318cc7431a723f7ebc1,Unnati Floral Double Blanket Multicolor,home furnishing,buy unnati floral double blanket multicolor rs       flipkart com   genuine product   free shipping   cash delivery,8026dc3e27e8e318cc7431a723f7ebc1.jpg,"[[170 170 174 ... 160 160 161]
 [177 177 180 ... 159 159 160]
 [191 189 187 ... 157 158 159]
 ...
 [ 95  94  91 ...  89  90  91]
 [ 93  94  93 ...  89  90  91]
 [ 91  93  95 ...  89  90  91]]"
2cc24452688ed35dfbff566e22e53c95,Organistick Silver Label Lipstick 10 g,beauty and personal care,flipkart com   buy organistick silver label lipstick     g r       flipkart com     low price   genuine product      day replacement guarantee   free shipping   cash delivery,2cc24452688ed35dfbff566e22e53c95.jpg,"[[255 255 255 ... 255 255 255]
 [255 255 255 ... 255 255 255]
 [255 255 255 ... 255 255 255]
 ...
 [255 255 255 ... 255 255 255]
 [255 255 255 ... 255 255 255]
 [255 255 255 ... 255 255 255]]"
4946e2411d24801b9e8f7dbe97ab1b93,Eshoppee Shiv face antique color brass idol Showpiece  -  8 cm,home decor & festive needs,buy eshoppee shiv face antique color brass idol showpiece        cm rs      online   eshoppee shiv face antique color brass idol showpiece        cm good price free shipping    cash delivery   genuine product      day replacement guarantee,4946e2411d24801b9e8f7dbe97ab1b93.jpg,"[[255 255 255 ... 255 255 255]
 [255 255 255 ... 255 255 255]
 [255 255 255 ... 255 255 255]
 ...
 [255 255 255 ... 255 255 255]
 [255 255 255 ... 255 255 255]
 [255 255 255 ... 255 255 255]]"
c417f408340252f170f05dadf88160d7,Arabian Nights Soex Cranberry Assorted Hookah Flavor,home decor & festive needs,"arabian night soex cranberry assorted hookah flavor       g 
                          price   rs     
				
			 excellent cranberry taste overwhelm sweetness everytime 
 excellent cranberry taste overwhelm sweetness everytime",c417f408340252f170f05dadf88160d7.jpg,"[[255 255 255 ... 255 255 255]
 [255 255 255 ... 255 255 255]
 [255 255 255 ... 255 255 255]
 ...
 [255 255 255 ... 255 255 255]
 [255 255 255 ... 255 255 255]
 [255 255 255 ... 255 255 255]]"
f41761a931135c6c043c7e04abda41b0,Welhouse Geometric Double Blanket Black,home furnishing,buy welhouse geometric double blanket black rs        flipkart com   genuine product   free shipping   cash delivery,f41761a931135c6c043c7e04abda41b0.jpg,"[[255 255 255 ... 255 255 255]
 [255 255 255 ... 255 255 255]
 [255 255 255 ... 255 255 255]
 ...
 [255 255 255 ... 255 255 255]
 [255 255 255 ... 255 255 255]
 [255 255 255 ... 255 255 255]]"
cd71b07a1d37a5e2cc04240e8498cc76,eCraftIndia Floral Single Quilts & Comforters Multicolor,home furnishing,buy ecraftindia floral single quilt    comforter multicolor rs        flipkart com   genuine product   free shipping   cash delivery,cd71b07a1d37a5e2cc04240e8498cc76.jpg,"[[237 237 237 ... 204 171 152]
 [237 237 237 ... 203 169 150]
 [237 237 237 ... 201 166 148]
 ...
 [147 146 145 ... 177 180 181]
 [147 147 148 ... 179 179 180]
 [147 148 151 ... 179 179 179]]"
edec3bb5df9c4bc618752e94532bb36e,The Art Treasure Decorative Shankh,home decor & festive needs,buy art treasure decorative shankh r       online   art treasure decorative shankh good price free shipping    cash delivery   genuine product      day replacement guarantee,edec3bb5df9c4bc618752e94532bb36e.jpg,"[[255 255 255 ... 255 255 255]
 [255 255 255 ... 255 255 255]
 [255 255 255 ... 255 255 255]
 ...
 [255 255 255 ... 255 255 255]
 [255 255 255 ... 255 255 255]
 [255 255 255 ... 255 255 255]]"
5be86e35f21b1514d0e7742893d6cfba,Unnati Abstract Single Top Sheet Multicolor,home furnishing,"unnati abstract single sheet multicolor 
                          price   rs     
				
			 unnati mink blanket multiple colur have polyster thread    easy use    easy wash 
 unnati mink blanket multiple colur have polyster thread    easy use    easy wash",5be86e35f21b1514d0e7742893d6cfba.jpg,"[[127 127 128 ... 171 171 171]
 [126 126 128 ... 166 170 172]
 [127 127 128 ... 159 168 175]
 ...
 [161 156 138 ... 103 104 103]
 [149 131  99 ... 102 104 104]
 [139 115  79 ... 100 104 104]]"
13596c5cc53a74268613e5c0b7d46b60,Craft And Curtain Multicolor 178 cm Table Runner,home furnishing,buy craft curtain multicolor      cm table runner rs       flipkart com   genuine product   free shipping   cash delivery,13596c5cc53a74268613e5c0b7d46b60.jpg,"[[255 255 247 ... 250 255 255]
 [255 255 243 ... 244 255 255]
 [255 255 238 ... 237 255 255]
 ...
 [255 255 255 ... 215 209 202]
 [255 255 255 ... 240 238 236]
 [255 255 255 ... 255 255 255]]"
bba68d75eff1b7b5eef7f6c1c68f2227,The Intellect Bazaar Plain King Blanket Grey,home furnishing,buy intellect bazaar plain king blanket grey rs       flipkart com   genuine product   free shipping   cash delivery,bba68d75eff1b7b5eef7f6c1c68f2227.jpg,"[[240 237 232 ... 203 219 220]
 [237 236 232 ... 187 217 229]
 [234 235 233 ... 180 212 232]
 ...
 [180 179 176 ... 185 186 188]
 [182 182 179 ... 185 186 186]
 [183 183 179 ... 186 186 185]]"
1738ddb8f47f11ff0cb96fe6cad302c2,"Digilight 400 inch Red, Yellow Rice Lights",home decor & festive needs,buy digilight      inch red   yellow rice light rs      online   digilight      inch red   yellow rice light good price free shipping    cash delivery   genuine product      day replacement guarantee,1738ddb8f47f11ff0cb96fe6cad302c2.jpg,"[[43 43 44 ... 46 46 45]
 [43 43 44 ... 46 45 45]
 [43 44 45 ... 46 45 45]
 ...
 [20 21 21 ... 19 19 19]
 [20 20 20 ... 19 18 18]
 [20 20 20 ... 18 18 18]]"
b91b13aceec0a140944a2c8915e45e59,Bhalaria Dessert Fork Stainless Steel Dessert Fork Set,kitchen & dining,key feature bhalaria dessert fork stainless steel dessert fork set high quality stainless steel durable superior finish bhalaria dessert fork stainless steel dessert fork set   pack      price   rs       bhalaria dessert fork feature traditional size head tine great addition entertain number   working end modern   functional comfortable   high quality stainless steel high polished finish   bhalaria robinson line feature simple elegant design mix exist flatware piece   come set      specification bhalaria dessert fork stainless steel dessert fork set   pack      general brand bhalaria handle material stainless steel model number         disposable type dessert fork model dessert fork material stainless steel color silver box sale package     dessert fork pack     dimension height     cm warranty cover warranty warranty product limit manufacturing defect   cover warranty warranty cover damage cause product improper use product   normal wear tear   damage cause product accident   lighten   ingress water   fire   dropping excessive shock   loss business oppurtunity kind liability,b91b13aceec0a140944a2c8915e45e59.jpg,"[[255 255 255 ... 227 255 255]
 [255 255 255 ... 214 255 255]
 [255 255 255 ... 201 255 255]
 ...
 [255 255 255 ... 255 255 255]
 [255 255 255 ... 255 255 255]
 [255 255 255 ... 255 255 255]]"
e488005c7fb68747d3458c7d73760bae,Nutcase Multicolor Column Floor Lamp,home decor & festive needs,key feature nutcase multicolor column floor lamp designer lamp bulb include cool    quirky design sturdy structure nutcase multicolor column floor lamp      cm   price   r         nutcase bring time india    designer floor lamp    light home office colorful lamp    come       design,e488005c7fb68747d3458c7d73760bae.jpg,"[[244 244 244 ... 244 244 244]
 [244 244 244 ... 244 244 244]
 [244 244 244 ... 244 244 244]
 ...
 [ 59  60  60 ...  76  76  76]
 [ 59  60  60 ...  74  74  74]
 [ 59  59  60 ...  72  72  73]]"
2476ae5a5e045876aa08f5919cb3b91b,"M S Rugs Pink, Blue Wool Dhurrie",home furnishing,key feature m s rug pink   blue wool dhurrie pattern   geometric shape   rectangle specification m s rug pink   blue wool dhurrie       cm   x      cm   general brand m s rugs shape rectangle type dhurrie design code ms    pktbl    x    material wool pattern geometric style code ms      color pink   blue dimension length     inch        cm width     inch        cm box number content sale package pack    additional feature feature hand wowan fabric care wash narmal,2476ae5a5e045876aa08f5919cb3b91b.jpg,"[[244 243 243 ... 237 236 236]
 [244 243 243 ... 238 237 237]
 [243 243 243 ... 240 239 238]
 ...
 [237 237 237 ... 237 237 237]
 [236 236 236 ... 235 236 236]
 [235 235 235 ... 234 235 235]]"
f622e6c12de2c6534c94635f671af107,GIMS Brown Viscose Carpet,home furnishing,key feature gims brown viscose carpet soft polyester visco elegant look comfort feel suit draw room   bed room   living hall gim brown viscose carpet       cm   x      cm   price   r         polyester blend carpet perfect suit home interior   rectangular carpet coffee brown color dark light shade color   carpet good choice center table   add elegance beauty carpet   specification gims brown viscose carpet       cm   x      cm   general shape rrectangular brand gim design code     type carpet material viscose style code brown centre table pattern paisley color brown warranty cover warranty     day replacement dimension length     inch        cm width     inch        cm box number content sale package pack  ,f622e6c12de2c6534c94635f671af107.jpg,"[[159 162 167 ... 242 243 243]
 [161 164 167 ... 243 243 243]
 [165 166 167 ... 243 244 244]
 ...
 [197 198 198 ... 236 238 238]
 [195 196 197 ... 235 236 236]
 [194 195 197 ... 235 234 234]]"
9c41f67773da27940d77460715e880be,Cotonex Beige Cotton Kitchen Linen Set,home furnishing,cotonex beige cotton kitchen linen set   pack     price   rs       review cotonex       pure cotton glove specification cotonex beige cotton kitchen linen set   pack     general brand cotonex design code kls     material cotton style code       kls     pattern solid design solid design color beige dimension weight      additional feature fabric care machine washable   dry clean   bleach box number content sale package pack    sale package    glove,9c41f67773da27940d77460715e880be.jpg,"[[255 255 255 ... 255 255 255]
 [255 255 255 ... 255 255 255]
 [255 255 255 ... 255 255 255]
 ...
 [255 255 255 ... 255 255 255]
 [255 255 255 ... 255 255 255]
 [255 255 255 ... 255 255 255]]"
cf6a4daf0e795838061b0eb832bbc99d,FURNISHINGLAND Green Silk Carpet,home furnishing,key feature furnishingland green silk carpet pattern   floral shape   rectangle place use   bedroom   living room   guest room style   persian furnishingland green silk carpet      cm   x      cm   price   rs         green persian silk carpet furnishingland give home incredible look   modern traditional style   carpet feel soft touch viscose   living room bed room   specification furnishingland green silk carpet      cm   x      cm   general shape rectangle brand furnishingland place use bedroom   living room   guest room design code flvi   greenc x   type carpet material silk style persian style code flvi   greenc x   pattern floral color green dimension length     inch        cm width     inch       cm additional feature fabric care vaccum clean box number content sale package pack  ,cf6a4daf0e795838061b0eb832bbc99d.jpg,"[[255 255 255 ... 255 255 255]
 [255 255 255 ... 255 255 255]
 [255 255 255 ... 255 255 255]
 ...
 [200 186 174 ... 188 183 186]
 [216 209 204 ... 208 190 192]
 [228 225 223 ... 225 208 209]]"
8ff973688c976a08fc7242da37101417,FURNISHINGLAND Black Polyester Carpet,home furnishing,key feature furnishingland black polyester carpet pattern   geometric shape   rectangle place use   bedroom   living room   guest room furnishingland black polyester carpet      cm   x      cm   price   rs         black colour geometrical carpet brighten decor home   high quality fabric   carpet floor beautiful clean   furnishingland bring wide range home furnishing product   curtain   blind carpet decorate home   product appeal excellent design colour   specification furnishingland black polyester carpet      cm   x      cm   general shape rectangle brand furnishingland place use bedroom   living room   guest room design code flmh    blackc x   type carpet material polyester style code flmh    blackc x   pattern geometric color black dimension length     inch        cm width     inch       cm additional feature fabric care vaccum clean box number content sale package pack  ,8ff973688c976a08fc7242da37101417.jpg,"[[255 255 255 ... 255 255 255]
 [255 255 255 ... 255 255 255]
 [255 255 255 ... 255 255 255]
 ...
 [255 255 255 ... 255 255 255]
 [255 255 255 ... 255 255 255]
 [255 255 255 ... 255 255 255]]"
bcb51cec3d290e6a661586d0df30e091,loomkart Blue Polyester Runner,home furnishing,specification loomkart blue polyester runner      cm   x      cm   general brand loomkart shape rectangle type runner design code      material polyester pattern abstract style code avirug       color blue dimension length     inch        cm width     inch       cm box number content sale package pack  ,bcb51cec3d290e6a661586d0df30e091.jpg,"[[204 204 204 ... 245 242 241]
 [204 204 204 ... 244 241 240]
 [204 203 203 ... 241 239 238]
 ...
 [234 233 232 ... 217 221 223]
 [233 232 233 ... 220 222 223]
 [233 233 234 ... 219 221 222]]"
06b8da0c6a24b91c8020f8b1c78d04c3,FURNISHINGLAND Maroon Silk Carpet,home furnishing,key feature furnishingland maroon silk carpet pattern   floral shape   rectangle place use   bedroom   living room   guest room style   persian furnishingland maroon silk carpet      cm   x      cm   price   rs         elegantly design maroon persian silk carpet furnishingland   high quality viscose   carpet ensure soft feel come long last performance   colour combination pattern make carpet visually appeal   carpet give new look home decor   specification furnishingland maroon silk carpet      cm   x      cm   general shape rectangle brand furnishingland place use bedroom   living room   guest room design code flvi   redc x   type carpet material silk style persian style code flvi   redc x   pattern floral color maroon dimension length     inch        cm width     inch       cm additional feature fabric care vaccum clean box number content sale package pack  ,06b8da0c6a24b91c8020f8b1c78d04c3.jpg,"[[255 255 255 ... 255 255 255]
 [255 255 255 ... 255 255 255]
 [255 255 255 ... 255 255 255]
 ...
 [228 224 220 ... 215 215 218]
 [244 243 241 ... 232 228 229]
 [252 251 251 ... 244 240 239]]"
9c8fdf6c9c631d0892e9a6f55a4a2fd2,"NYX Set Of 2 Soft Matte Lip Cream 06,22",beauty and personal care,nyx set    soft matte lip cream         multi color   price   rs         nyx brand recently buy loreal paris group   bring nyx good sell product    nyx soft matte lip cream   straddle line lipstick gloss creamy   lustrous formula apply like silk soft matte finish exude sensual glow unique innovative texture add perfect polish look   specification nyx set    soft matte lip cream         multi color   general trait organic type natural quantity     ml shade multi color ideal woman container type bottle box    lip cream,9c8fdf6c9c631d0892e9a6f55a4a2fd2.jpg,"[[210 182 146 ... 254 254 254]
 [184 142  93 ... 254 254 254]
 [153 100  42 ... 254 254 254]
 ...
 [228 211 189 ...  61 114 156]
 [247 241 232 ... 161 203 223]
 [254 254 254 ... 220 249 254]]"
378d7dbdb97ecc62c9ad52cb6df23a86,Checkered Chef Steel All-Purpose Scissor,kitchen & dining,checker chef steel purpose scissor   red   black   silver   pack     price   rs         search finally find pair multifunction kitchen scissor need    tackle kitchen cut job    fresh chicken   cook chicken   herb   meat   vegetable   bone   rib cardboard     razor sharp stainless steel blade enable cut virtually ease     aching finger   soft rubberize handle quality precision workmanship cut breeze   easy clean safe   know kitchen scissor don t come apart pose health risk    t clean properly   scissor come apart easily annoying dangerous   checker chef multifunction kitchen scissor specially design come apart open way     degree    wide normal cutting range   use scissor   clean   special feature     pair scissor    multifunction kitchen tool   use bottle opener   fish scaler   knife screwdriver     super strong magnetic sheath scissor safe reach time    lose scissor     ve salad easily    simply cut lettuce vegetable straight bowl   good scissor buy   boy label   s      checker chef    like cook like wear check   s checkered chef   test sample proto type cross kitchen bench   proclaim scissor simply   good   order today click   add cart   tab   check tell think   specification checker chef steel purpose scissor   red   black   silver   pack     general brand checker chef handle material plastic blade material steel model number original heavy duty multifunction kitchen scissor shear magnetic holder shade red type purpose scissor color red   black   silver box sale package    kitchen scissor pack  ,378d7dbdb97ecc62c9ad52cb6df23a86.jpg,"[[255 255 255 ... 255 255 255]
 [255 255 255 ... 255 255 255]
 [255 255 255 ... 255 255 255]
 ...
 [255 255 255 ... 255 255 255]
 [255 255 255 ... 255 255 255]
 [255 255 255 ... 255 255 255]]"
d627a270302d23eef773d05ad01fd03c,Mahadev Handicrafts Cotton Cartoon Double Bedsheet,baby care,key feature mahadev handicrafts cotton cartoon double bedsheet brand    mahadev handicrafts sheet length       cm sheet width       cm specification mahadev handicrafts cotton cartoon double bedsheet     bedsheet      pillow cover   multicolor   general brand mahadev handicraft machine washable yes type flat material cotton model cartoon thread count      ideal baby boy    baby girl model d mdh           character angry bird color multicolor size double dimension fit sheet width na cm fit sheet depth na cm fit sheet length na cm flat sheet depth    cm box number content sale package    sale package    bedsheet      pillow cover additional feature beauty   bedsheet,d627a270302d23eef773d05ad01fd03c.jpg,"[[154 120  73 ... 133 116 117]
 [154 119  71 ... 133 117 118]
 [152 117  66 ... 135 120 121]
 ...
 [199 199 198 ... 206 206 207]
 [198 199 199 ... 208 208 208]
 [198 198 199 ... 209 209 209]]"
634c89325a6c7752985a74a67f985c1f,Sparklings Cotton Checkered Double Bedsheet,baby care,key feature sparkling cotton checker double bedsheet good fit   large size double bed      ft x    ft   thread count      tc package content    double bedsheet    pillow cover sparkling cotton checker double bedsheet   double bedsheet pillow cover   multicolor   price   r       day don t want socialise   curl bed   read   watch favourite tv   day   jazz bedroom décor   spread double bedsheet sparkling pep mood   print love blend abstract floral print give bedsheet appealing look   cotton wouldn t want leave bedroom anymore   bedsheet pillow cover cotton help relax body mind soon hit bed   specification sparkling cotton checker double bedsheet   double bedsheet pillow cover   multicolor   general brand sparkling machine washable yes type flat material cotton model bdoa    spk ideal boy    girl model d bdoa    spk color multicolor size double fabric care wash separately   dark color wash separately   cold machine wash   use strong detergent   bleach   tumble dry   iron print   soak long time   dry shade   dimension flat sheet width     inch        cm fit sheet width    cm pillow cover width     inch       cm pillow cover length     inch       cm weight      g fit sheet depth    cm fit sheet length    cm flat sheet depth    cm flat sheet length     inch        cm box number content sale package    sale package double bedsheet pillow cover additional feature product color vary photogenic effect,634c89325a6c7752985a74a67f985c1f.jpg,"[[182 182 183 ... 239 240 241]
 [182 182 182 ... 239 240 241]
 [182 182 182 ... 239 240 240]
 ...
 [176 176 175 ... 184 189 193]
 [179 177 176 ... 185 185 185]
 [180 178 177 ... 186 185 184]]"
b3e5f93856cce162850713bb8edce52a,Swastik Velvet Sofa Cover,home furnishing,swastik velvet sofa cover   multicolor pack      price   rs       swastik trader presant velvet sofa cover product length     inch product width     inch   set     specification swastik velvet sofa cover   multicolor pack      general brand swastik suitable living room model number sf    shade multicolor type sofa material velvet pattern floral color multicolor dimension weight      kg height     cm box pack   ,b3e5f93856cce162850713bb8edce52a.jpg,"[[244 244 244 ... 244 243 243]
 [244 244 244 ... 244 243 243]
 [244 244 244 ... 244 243 243]
 ...
 [233 232 233 ... 227 227 227]
 [233 234 235 ... 228 228 228]
 [234 234 235 ... 228 228 229]]"
3e2b2a04696f7d83a7835e9894d79df7,Bela Home Cotton Cartoon Single Bedsheet,baby care,key feature bela home cotton cartoon single bedsheet       pure cotton    fast color   cotton good kid skin   durable   bela home cotton cartoon single bedsheet     single bedsheet      pillow cover   blue   price   r       bring home bed sheet bela home extremely easy maintain   pure cotton fabric set comfortable skin   soft smooth touch easy maintain   beautiful bedsheet collection please color    soft fabric luxurious experience    content   fabric         cotton size      bed sheet        x      cms   approx       pillow case       x     cms   approx     weight         gms   approx   feature       cotton combination cotton buy good stuff   elegent print room fresh instant glow   designer collection   wash care   wash normal detergent water bleach use soft detergent   dry shade   note   image display reference   actual set contain item mention   disclaimer   product color slightly vary photographic lighting source monitor setting   specification bela home cotton cartoon single bedsheet     single bedsheet      pillow cover   blue   general brand bela home machine washable yes type flat material cotton model       cotton joyful toon single bedsheet thread count      ideal baby boy    baby girl model d bdibb    color blue size single fabric care machine wash   bleach dimension flat sheet width     inch        cm fit sheet width      cm pillow cover width     inch       cm pillow cover length     inch       cm fit sheet depth    cm fit sheet length      cm flat sheet depth    cm flat sheet length     inch        cm box number content sale package    sale package    single bedsheet      pillow cover,3e2b2a04696f7d83a7835e9894d79df7.jpg,"[[ 78  70  66 ... 146 191 215]
 [ 78  78  73 ... 134 173 196]
 [ 73  88  95 ... 132 153 170]
 ...
 [134 133 130 ... 147 149 150]
 [132 132 133 ... 149 152 153]
 [132 132 134 ... 149 151 152]]"
0906fd9cc604fbba05a502e01d763cd9,Sparklings Cotton Geometric Double Bedsheet,baby care,key feature sparkling cotton geometric double bedsheet well fit   large size double bed      ft x    ft   thread count      tc package content    double bedsheet    pillow cover sparkling cotton geometric double bedsheet   double bedsheet pillow cover   multicolor   price   r       day don t want socialise   curl bed   read   watch favourite tv   day   jazz bedroom décor   spread double bedsheet sparkling pep mood   print love blend abstract floral print give bedsheet appealing look   cotton wouldn t want leave bedroom anymore   bedsheet pillow cover cotton help relax body mind soon hit bed   specification sparkling cotton geometric double bedsheet   double bedsheet pillow cover   multicolor   general brand sparkling machine washable yes type flat material cotton model bdoa    spk ideal boy    girl model d bdoa    spk color multicolor size double fabric care wash separately   dark color wash separately   cold machine wash   use strong detergent   bleach   tumble dry   iron print   soak long time   dry shade   dimension flat sheet width     inch        cm fit sheet width    cm pillow cover width     inch       cm pillow cover length     inch       cm weight      g fit sheet depth    cm fit sheet length    cm flat sheet depth    cm flat sheet length     inch        cm box number content sale package    sale package double bedsheet pillow cover additional feature product color vary photogenic effect,0906fd9cc604fbba05a502e01d763cd9.jpg,"[[ 94  94  95 ... 247 234 229]
 [ 94  94  95 ... 247 237 233]
 [ 93  93  93 ... 247 238 235]
 ...
 [151 151 152 ... 127 131 132]
 [147 146 146 ... 127 133 135]
 [140 138 140 ... 129 134 137]]"
729864e0d25e06cbf68561529bcdd4f0,CALCULUS Baby Boy's Printed Casual Beige Shirt,baby care,key feature calculus baby boy s print casual beige shirt fit   slim suitable   western wear sleeve   half sleeve fabric   cotton color beige pattern print number content package    calculus baby boy s print casual beige shirt price   r       let junior enjoy comfort attention colorful solid casual shirt calculus   cotton   lightweight suitable casual occasion   care   wash cold water don t brush garment   specification calculus baby boy s print casual beige shirt general detail pattern print occasion casual ideal baby boy s shirt detail closure button sleeve half sleeve number content sale package pack    brand fit slim fabric cotton pocket pocket fit slim additional detail style code cal kid       box    kids shirt fabric care wash like colour   hand wash machine wash cold water   use mild detergent   tumble dry low   dry shade   bleach   iron tag,729864e0d25e06cbf68561529bcdd4f0.jpg,"[[255 255 255 ... 255 255 255]
 [255 255 255 ... 255 255 255]
 [255 255 255 ... 255 255 255]
 ...
 [255 255 255 ... 255 255 255]
 [255 255 255 ... 255 255 255]
 [255 255 255 ... 255 255 255]]"
798346b99002495667bb87626d33b99c,ROYLE KATOCH Showpiece  -  24 cm,home decor & festive needs,key feature royle katoch showpiece         cm    integrate bird seat branch      bead workstation   lead successful professional life financial wealth eventually follow   crystal tree wood gem   work wonder amnesia patient help sleep peacefully shoo away bad dream nightmare   place student s room bedside bedroom   product colour slightly vary photographic lighting source monitor setting   royle katoch showpiece         cm   crystal   wooden   multicolor   price   rs       crystal tool like storage battery thought energy    clearing   energy stone crystal   chakra crystal   program   thought energy act subtle chakra energy field   help create situation life lead direction allow positive growth healing   information provide base individual experience treat medical advice   inadvertent use responsibility   specification royle katoch showpiece         cm   crystal   wooden   multicolor   general brand royle katoch model number nk       type fengshui shade multicolor material crystal   wooden color multicolor dimension weight      g height     cm width      cm depth      cm additional feature wall mount box sale package    tree showpiece pack  ,798346b99002495667bb87626d33b99c.jpg,"[[255 255 255 ... 255 255 255]
 [255 255 255 ... 255 255 255]
 [255 255 255 ... 255 255 255]
 ...
 [255 255 255 ... 255 255 255]
 [255 255 255 ... 255 255 255]
 [255 255 255 ... 255 255 255]]"
b0229d4466ac60c7ba53c7ce9fabad7c,Jaycoknit Mediterranean Sea's Lucky Wooden Handcrafted Ship Part II Showpiece  -  17 cm,home decor & festive needs,key feature jaycoknit mediterranean sea s lucky wooden handcraft ship ii showpiece         cm wooden height       cm width      cm jaycoknit mediterranean sea s lucky wooden handcraft ship ii showpiece         cm   wooden   multicolor   price   rs       fabulous lucky ship home   fashion vivid design   perfect gift souvenir   place hall bedroom study room etc   purely hand wood skilled craftsman   model kit come fully assemble   specification   material   pine process   hand category   mediterranean production process   grind surface technology   paint decoration pattern   mediterranean pendulum hang form   decoration applicable scene   home production method   semi manual specification jaycoknit mediterranean sea s lucky wooden handcraft ship ii showpiece         cm   wooden   multicolor   general brand jaycoknit model number gfssp    type antique model mediterranean sea s lucky wooden handcraft ship ii material wooden color multicolor dimension height     cm width    cm depth     cm box sale package    showpiece figurine pack  ,b0229d4466ac60c7ba53c7ce9fabad7c.jpg,"[[203 203 202 ... 115 116 116]
 [203 203 203 ... 119 120 120]
 [204 203 203 ... 127 128 127]
 ...
 [158 154 152 ... 217 215 214]
 [143 140 141 ... 218 217 215]
 [135 133 137 ... 220 218 216]]"
4b500e244f11a45f5171bd3665413044,Jacadi paris Baby Boy's Striped Casual Blue Shirt,baby care,key feature jacadi paris baby boy s stripe casual blue shirt cotton strip dress shirt jacadi paris baby boy s stripe casual blue shirt price   rs         jacadi s classic strip shirt craft soft cotton   shape spread collar   button placket   button barrel cuff   gently rounded hem   embroider logo detail sit left chest   specification jacadi paris baby boy s stripe casual blue shirt general detail pattern stripe ideal baby boy s occasion casual shirt detail sleeve sleeve number content sale package pack    brand fit regular fabric       cotton fit regular box    cotton strip dress shirt additional detail style code         ,4b500e244f11a45f5171bd3665413044.jpg,"[[255 255 255 ... 255 255 255]
 [255 255 255 ... 255 255 255]
 [255 255 255 ... 255 255 255]
 ...
 [255 255 255 ... 255 255 255]
 [255 255 255 ... 255 255 255]
 [255 255 255 ... 255 255 255]]"
fa2e5f01bbb642c49e4b2e19d2b39dcf,LOTTIE LONDON MAKE ME BLUSH,beauty and personal care,lottie london blush   pack     price   r       add perfectly flushed pop colour cheek precision blush brush super long loose bristle allow perfect buildable colour ultra soft bristle specification lottie london blush   pack     brush applicator trait brush type blush brush number piece set    set content    blush brush,fa2e5f01bbb642c49e4b2e19d2b39dcf.jpg,"[[255 255 255 ... 255 255 255]
 [255 255 255 ... 255 255 255]
 [255 255 255 ... 255 255 255]
 ...
 [255 255 255 ... 255 255 255]
 [255 255 255 ... 255 255 255]
 [255 255 255 ... 255 255 255]]"
967d91e162afb44a67c0281f71766e4d,FS Mini Klub Baby Girl's Bodysuit,baby care,key feature fs mini klub baby girl s bodysuit fabric   cotton brand color   green specification fs mini klub baby girl s bodysuit general detail number content sale package pack    age group         month fabric cotton pattern print ideal baby girl s neck round neck,967d91e162afb44a67c0281f71766e4d.jpg,"[[255 255 255 ... 255 255 255]
 [255 255 255 ... 255 255 255]
 [255 255 255 ... 255 255 255]
 ...
 [255 255 255 ... 255 255 255]
 [255 255 255 ... 255 255 255]
 [255 255 255 ... 255 255 255]]"
74e5a3f6edb34d7e593a0d1854b0b886,Deep kitchen press Steel Grater and Slicer,kitchen & dining,specification deep kitchen press steel grater slicer   steel   pack      general brand deep model number      type grater slicer material steel model kitchen press slicer type na color steel box sale package    kitchen press       jali pack     dimension weight      g additional feature dishwasher safe yes,74e5a3f6edb34d7e593a0d1854b0b886.jpg,"[[255 255 255 ... 255 255 255]
 [255 255 255 ... 255 255 255]
 [255 255 255 ... 255 255 255]
 ...
 [255 255 255 ... 255 255 255]
 [255 255 255 ... 255 255 255]
 [255 255 255 ... 255 255 255]]"
c44a5dc5b5ebe5b3e0535b7c2b7921e4,dongli Striped Baby Boy's Polo Neck T-Shirt,baby care,specification dongli striped baby boy s polo neck t shirt   pack     t shirt detail sleeve half sleeve number content sale package pack    fabric cotton type polo neck fit regular general detail pattern stripe occasion casual ideal baby boy s additional detail style code dlst      white tblue navy purple fabric care wash similar color   use detergent color,c44a5dc5b5ebe5b3e0535b7c2b7921e4.jpg,"[[255 255 255 ... 255 255 255]
 [255 255 255 ... 255 255 255]
 [255 255 255 ... 255 255 255]
 ...
 [255 255 254 ... 246 252 254]
 [255 255 255 ... 255 255 255]
 [255 255 255 ... 255 255 255]]"
27b7851ae3dfc2ae8c1958cebe93bf0b,Fs Mini Klub Printed Baby Boy's Round Neck T-Shirt,baby care,specification fs mini klub print baby boy s round neck t shirt t shirt detail sleeve short sleeve number content sale package pack    fabric       cotton type round neck fit regular general detail pattern print occasion casual ideal baby boy s additional detail style code    tbtts      st fabric care wash similar color,27b7851ae3dfc2ae8c1958cebe93bf0b.jpg,"[[255 255 255 ... 255 255 255]
 [255 255 255 ... 255 255 255]
 [255 255 255 ... 255 255 255]
 ...
 [255 255 255 ... 255 255 255]
 [255 255 255 ... 255 255 255]
 [255 255 255 ... 255 255 255]]"
86089ddd9f9e52127ce838f210f776d7,Aarika Self Design Kurta & Patiyala,baby care,specification aarika self design kurta    patiyala salwar kurta dupatta detail dupatta fabric net sleeve sleeveless kurta type straight type kurta    patiyala neck band collar kurta fabric brocade salwar fabric net general detail pattern self design ideal baby girl s occasion party   wedding   festive fabric care wash similar color   use detergent color box kurta   patiala   dupatta,86089ddd9f9e52127ce838f210f776d7.jpg,"[[255 255 255 ... 255 255 255]
 [255 255 255 ... 255 255 255]
 [255 255 255 ... 255 255 255]
 ...
 [255 255 255 ... 255 255 255]
 [255 255 255 ... 255 255 255]
 [255 255 255 ... 255 255 255]]"
bdcc7e18ffed5390cd3107030992ffa6,Rishan Printed Baby Boy's V-neck T-Shirt,baby care,specification rishan print baby boy s v neck t shirt t shirt detail sleeve sleeve number content sale package pack    fabric cotton type v neck fit regular general detail pattern print occasion casual ideal baby boy s box    t shirt additional detail style code rishak fsp     fabric care wring use hot water restitch,bdcc7e18ffed5390cd3107030992ffa6.jpg,"[[248 237 217 ... 255 255 255]
 [230 211 182 ... 255 255 255]
 [199 167 132 ... 255 255 255]
 ...
 [255 255 255 ... 255 255 255]
 [255 255 255 ... 255 255 255]
 [255 255 255 ... 255 255 255]]"
b58309ed929c2bf7d6096c03667b654f,YK Striped Baby Boy's Round Neck T-Shirt,baby care,key feature yk striped baby boy s round neck t shirt fit   regular suitable   western wear sleeve   half sleeve fabric        cotton yk stripe baby boy s round neck t shirt price   rs       multicoloure stripe t shirt   round neck   short sleeve   dual press button closure shoulder   add fresh piece bundle joy s wardrobe tee   team short bootie perfect ensemble   specification yk stripe baby boy s round neck t shirt t shirt detail sleeve half sleeve number content sale package pack    fabric       cotton type round neck fit regular general detail pattern stripe ideal baby boy s occasion casual fabric care machine wash additional detail style code        ,b58309ed929c2bf7d6096c03667b654f.jpg,"[[241 241 241 ... 241 241 241]
 [241 241 241 ... 241 241 241]
 [241 241 241 ... 241 241 241]
 ...
 [241 241 241 ... 241 241 241]
 [241 241 241 ... 241 241 241]
 [241 241 241 ... 241 241 241]]"
357432a848c3f13fa614efe5dddd99b6,Art Godaam Colored figure Showpiece  -  50 cm,home decor & festive needs,buy art godaam color figure showpiece         cm rs       online   art godaam color figure showpiece         cm good price free shipping    cash delivery   genuine product      day replacement guarantee,357432a848c3f13fa614efe5dddd99b6.jpg,"[[255 255 255 ... 255 255 255]
 [255 255 255 ... 255 255 255]
 [255 255 255 ... 255 255 255]
 ...
 [255 255 255 ... 255 255 255]
 [255 255 255 ... 255 255 255]
 [255 255 255 ... 255 255 255]]"
edb97bd2433fd9de301c8a44344777bb,Artist Haat Vanity Box Makeup and Jewellery Vanity Jewellery,beauty and personal care,"artist haat vanity box makeup jewellery vanity jewellery   brown 
                          price   rs       
				
			 fine indian jewellery   course   need nestle equally beautiful case   traditional charming way treasure jewellery piece jewellery box   jewellery box mdf wood beautiful plating brownish colour marvellous work have velvet inside jewellery safe   hand carve saharanpur   india artisan generation experience   artist haat provide breathless art artisan indian culture heritage 
 fine indian jewellery   course   need nestle equally beautiful case   traditional charming way treasure jewellery piece jewellery box   jewellery box mdf wood beautiful plating brownish colour marvellous work have velvet inside jewellery safe   hand carve saharanpur   india artisan generation experience   artist haat provide breathless art artisan indian culture heritage",edb97bd2433fd9de301c8a44344777bb.jpg,"[[255 255 255 ... 255 255 255]
 [255 255 255 ... 255 255 255]
 [255 255 255 ... 255 255 255]
 ...
 [255 255 255 ... 255 255 255]
 [255 255 255 ... 255 255 255]
 [255 255 255 ... 255 255 255]]"
c3c23b5aa5e388e5f71883f61d1a0561,Vedic Deals Couple Radium Statues Showpiece  -  28 cm,home decor & festive needs,buy vedic deal couple radium statue showpiece         cm rs      online   vedic deal couple radium statue showpiece         cm good price free shipping    cash delivery   genuine product      day replacement guarantee,c3c23b5aa5e388e5f71883f61d1a0561.jpg,"[[255 255 255 ... 255 255 255]
 [255 255 255 ... 255 255 255]
 [255 255 255 ... 255 255 255]
 ...
 [255 255 254 ... 255 255 255]
 [255 255 255 ... 255 255 255]
 [255 255 255 ... 255 255 255]]"
42770faa04bfcf2b62e7ef335e1b1965,Hand Art Terracotta Mask Showpiece  -  28 cm,home decor & festive needs,"hand art terracotta mask showpiece         cm   terracotta   multicolor 
                          price   rs     
				
			 panchmura bankura   west bengal home      craft person involve make terracotta mask    horse inexorably link habitant culture   bold demonic look    pretty look characteristic feature mask   special terracotta clay collect different part surround village west bengal    shape beautiful mask beautiful artistic hand work village artisan    burn furnace    finally colour   product purely handmade    inorganic chemical colour   product washable water soaking cloth 
 panchmura bankura   west bengal home      craft person involve make terracotta mask    horse inexorably link habitant culture   bold demonic look    pretty look characteristic feature mask   special terracotta clay collect different part surround village west bengal    shape beautiful mask beautiful artistic hand work village artisan    burn furnace    finally colour   product purely handmade    inorganic chemical colour   product washable water soaking cloth",42770faa04bfcf2b62e7ef335e1b1965.jpg,"[[251 251 251 ... 251 251 251]
 [251 251 251 ... 251 251 251]
 [251 251 251 ... 251 251 251]
 ...
 [251 251 251 ... 251 251 251]
 [251 251 251 ... 251 251 251]
 [251 251 251 ... 251 251 251]]"
eaf55e90d0e4295cb84cb0276e78c35c,Craftuno Handcrafted Paper Mache Box - Set of 3 Showpiece Vanity Decorative,beauty and personal care,buy craftuno handcraft paper mache box    set    showpiece vanity decorative rs       online   craftuno handcraft paper mache box    set    showpiece vanity decorative good price free shipping    cash delivery   genuine product      day replacement guarantee,eaf55e90d0e4295cb84cb0276e78c35c.jpg,"[[255 255 255 ... 254 254 255]
 [255 255 255 ... 235 248 255]
 [255 255 255 ... 191 234 254]
 ...
 [255 255 255 ... 255 255 255]
 [255 255 255 ... 255 255 255]
 [255 255 255 ... 255 255 255]]"
216c6c3527984be3d7ad9023d5cd9bd1,Kaatru Surya Bhagavan Showpiece  -  23.5 cm,home decor & festive needs,buy kaatru surya bhagavan showpiece           cm rs      online   kaatru surya bhagavan showpiece           cm good price free shipping    cash delivery   genuine product      day replacement guarantee,216c6c3527984be3d7ad9023d5cd9bd1.jpg,"[[255 255 255 ... 255 255 255]
 [255 255 255 ... 255 255 255]
 [255 255 255 ... 255 255 255]
 ...
 [241 236 234 ... 255 255 255]
 [237 235 238 ... 255 255 255]
 [241 241 247 ... 255 255 255]]"
e347e7eca70e01badc3bdf6c154ac7c4,CoffeeBean Regular Fit Baby Girl's Pink Trousers,baby care,key feature coffeebean regular fit baby girl s pink trouser occasion   casual suitable western wear color   pink fit   regular fit closure button fabric cotton coffeebean regular fit baby girl s pink trouser price   rs       kid girl print trouser curved pocket   good quality baby girl look smart cute trouser   specification coffeebean regular fit baby girl s pink trouser general detail pattern floral print occasion casual ideal baby girl s alteration require color pink trouser detail closure button number content sale package pack    fabric cotton type chino fit regular fit belt loop yes fly zipper box    trouser additional detail style code     kgt print fabric care machine wash lukewarm water,e347e7eca70e01badc3bdf6c154ac7c4.jpg,"[[255 255 255 ... 255 255 255]
 [255 255 255 ... 255 255 255]
 [255 255 255 ... 255 255 255]
 ...
 [255 255 255 ... 255 255 255]
 [255 255 255 ... 255 255 255]
 [255 255 255 ... 255 255 255]]"
06fdaa2b03d70da4358311d260456729,Seven Seas Stainless Steel Twisting Pull Corkscrew,kitchen & dining,"seven sea stainless steel twisting pull corkscrew 
                          price   r       
				
			 fit wine bottle patent bottle grip simple use   easy open wine cap easy handle carry wher travel 
 fit wine bottle patent bottle grip simple use   easy open wine cap easy handle carry wher travel",06fdaa2b03d70da4358311d260456729.jpg,"[[255 255 255 ... 255 255 255]
 [255 255 255 ... 255 255 255]
 [255 255 255 ... 255 255 255]
 ...
 [255 255 255 ... 255 255 255]
 [255 255 255 ... 255 255 255]
 [255 255 255 ... 255 255 255]]"
d79e6ae847a561c284a2b14e42500698,Pedrini Steel Waiters Corkscrew,kitchen & dining,"pedrini steel waiter corkscrew 
                          price   rs     
				
			 pedrini waiter corkscrew knife 
 pedrini waiter corkscrew knife",d79e6ae847a561c284a2b14e42500698.jpg,"[[255 255 255 ... 255 255 255]
 [255 255 255 ... 255 255 255]
 [255 255 255 ... 255 255 255]
 ...
 [253 243 203 ... 255 255 255]
 [253 250 238 ... 255 255 255]
 [253 252 253 ... 255 255 255]]"
c4ac93e194281d6d1450ffdaa52f5f99,Shop Rajasthan Cotton Floral Single Bedsheet,home furnishing,buy shop rajasthan cotton floral single bedsheet rs       flipkart com   genuine product   free shipping   cash delivery,c4ac93e194281d6d1450ffdaa52f5f99.jpg,"[[254 254 253 ... 254 254 255]
 [254 254 254 ... 254 254 254]
 [254 254 254 ... 197 197 198]
 ...
 [168 168 169 ... 166 166 166]
 [169 170 171 ... 167 166 165]
 [171 172 173 ... 167 166 166]]"
fc8ff72b68b0f3736a9aff8f03aa712f,AM Creation Magic  Ceramic Mug,kitchen & dining,key feature creation magic   ceramic mug prepare amazed   look like ordinary black blue mug   add tea coffee hot choclate    funny design   pretty pattern special photo reveal   mug perfect tea break party trick   special   heat sensitive coating   mug change colour hot liquid add   reveal design   place order   persnalize mail high resultion photograph message flipkart order number ksrao gmail com   promise   offer good quality print image product   creation magic   ceramic mug       ml   pack     price   rs       double set love magic mug specification creation magic   ceramic mug       ml   pack     general material ceramic mug capacity      ml microwave safe yes freezer safe yes additional feature heat sensitive magic mug dimension width     mm height     mm depth     mm diameter     mm weight      g,fc8ff72b68b0f3736a9aff8f03aa712f.jpg,"[[254 253 253 ... 253 253 253]
 [248 244 240 ... 240 243 246]
 [236 226 217 ... 215 225 234]
 ...
 [222 206 190 ... 187 204 220]
 [235 226 217 ... 217 225 234]
 [244 239 236 ... 236 240 244]]"
fe05e9ff9e31a310c35626ab6f2b4fe2,TRESemme Naturals Vibrantly Smooth Shampoo,baby care,key feature tresemme naturals vibrantly smooth shampoo ideal   boy   girl skin type   skin type form   liquid tresemme naturals vibrantly smooth shampoo        price   rs         natural vibrantly smooth shampo large     ounce size   tresemme naturals vibrantly smooth shampo specification tresemme naturals vibrantly smooth shampoo        body wash essential form liquid skin type skin type ideal boy   girl general trait brand tresemme quantity      model natural vibrantly smooth shampoo model d tre       box    smooth shampoo,fe05e9ff9e31a310c35626ab6f2b4fe2.jpg,"[[255 255 255 ... 255 255 255]
 [255 255 255 ... 255 255 255]
 [255 255 255 ... 255 255 255]
 ...
 [252 252 253 ... 254 255 255]
 [252 252 253 ... 254 255 255]
 [253 253 254 ... 255 255 255]]"
873a955df5a2f677a41a7efc94060e41,L Oreal Eversleek Sulfate - Free Smoothing System Intense Smoothing Shampoo,baby care,key feature l oreal eversleek sulfate    free smoothing system intense smoothing shampoo ideal   boy   girl skin type   skin type form   liquid l oreal eversleek sulfate    free smoothing system intense smoothing shampoo        price   r         sulfate silicon free smoothing shampoo gently cleanse weightlessly smooth frizzy   unruly ha   formulate natural botanical   oil   sunflower     hour frizz contrl   improve texture   leave hair beautifully sleek manageal   specification l oreal eversleek sulfate    free smoothing system intense smoothing shampoo        body wash essential form liquid skin type skin type ideal boy   girl general trait brand l oreal quantity      model eversleek sulfate    free smoothing system intense smoothing shampoo box    smooth shampoo,873a955df5a2f677a41a7efc94060e41.jpg,"[[250 246 238 ... 251 252 252]
 [248 240 226 ... 239 245 249]
 [245 232 205 ... 218 232 243]
 ...
 [255 255 255 ... 255 255 255]
 [255 255 255 ... 255 255 255]
 [255 255 255 ... 255 255 255]]"
032e812adcd11a38fd8b764891a852ff,CTW Ganpati Bapa Moriya Statue Showpiece  -  12 cm,home decor & festive needs,key feature ctw ganpati bapa moriya statue showpiece         cm good gift home    office inaugration   light weight   ganpati bapa statue   specification ctw ganpati bapa moriya statue showpiece         cm   polyresin   orange   general brand ctw model number beautiful white    green mukut ganpati statue type religious idol material polyresin model ganpati bapa moriya statue color orange dimension weight     g height     cm width    cm depth     cm additional feature water resistant yes wall mount box sale package    sai baba pack  ,032e812adcd11a38fd8b764891a852ff.jpg,"[[255 255 255 ... 255 255 255]
 [255 255 255 ... 255 255 255]
 [255 255 255 ... 255 255 255]
 ...
 [255 255 255 ... 255 255 255]
 [255 255 255 ... 255 255 255]
 [255 255 255 ... 255 255 255]]"
78fcb634d9838127464d827234ab05ad,Happiness Is Printed Bone China Mug,kitchen & dining,key feature happiness print bone china mug specially design gift specification happiness print bone china mug       ml   general type mug mug capacity      ml material bone china freezer safe microwave safe dimension diameter     mm weight      g height      mm depth     mm box sale package    peice,78fcb634d9838127464d827234ab05ad.jpg,"[[255 255 255 ... 255 255 255]
 [255 255 255 ... 255 255 255]
 [255 255 255 ... 248 249 249]
 ...
 [255 255 255 ... 255 255 255]
 [255 255 255 ... 255 255 255]
 [255 255 255 ... 255 255 255]]"
bc6b11881b783f275edd051431e531a8,Balaji Velvet Sofa Cover,home furnishing,key feature balaji velvet sofa cover    seater sofa cover        balaji velvet sofa cover   brown pack     price   rs         balaji textile lead branding manufacturer retailer company handloom   deal heavy look sofa cover reasonable price   balaji textile mill      designer sofa cover   lot color design like   floral   geometric       specification balaji velvet sofa cover   brown pack     general brand balaji suitable guest room   living room model number bts     b    shade brown type sofa material velvet pattern floral wash care instruction dry clean easy wash color brown dimension weight      kg seat width     cm height     cm width     cm depth    cm seat height     cm hieght     cm box sale package set sofa slip cover comprise    pc     sofa seat cover       cmx    cm     sofa cover      cmx   cm     chair seat cover     cmx   cm     chair cover     cmx   cm pack  ,bc6b11881b783f275edd051431e531a8.jpg,"[[154 145 140 ... 251 254 255]
 [156 149 146 ... 252 255 255]
 [158 154 152 ... 253 255 255]
 ...
 [165 166 167 ... 198 196 195]
 [163 164 166 ... 198 196 194]
 [162 163 166 ... 200 197 196]]"
4cc971d2c9c0f1056bc124031ed52c1e,Lock&Lock Kitchen  - 5.5 L Polypropylene Multi-purpose Storage Container,kitchen & dining,key feature lock lock kitchen         l polypropylene multi purpose storage container airtight pack    lock lock kitchen         l polypropylene multi purpose storage container   pack     clear   price   rs         flexible silicone seal ensure precision lid fit large locking hinge easy open closing movement fridge freezer safe specification lock lock kitchen         l polypropylene multi purpose storage container   pack     clear   general brand lock lock model number hpl    x   hpl    x   hpl     disposable model kitchen material polypropylene airtight yes capacity      l container type multi purpose storage container color clear box sale package    container pack    warranty cover warranty manufacturing defect warranty summary    year warranty manufacturing defect   warranty service type customer care cover warranty accidental damage,4cc971d2c9c0f1056bc124031ed52c1e.jpg,"[[254 254 254 ... 254 254 254]
 [254 254 254 ... 254 254 254]
 [254 254 254 ... 254 254 254]
 ...
 [254 254 254 ... 254 254 254]
 [254 254 254 ... 254 254 254]
 [254 254 254 ... 254 254 254]]"
31ac1b66cc6bb396c83f124317589f8c,Mom & Me Baby Girl's Bodysuit,baby care,key feature mom    baby girl s bodysuit fabric   cotton brand color   pink mom    baby girl s bodysuit price   rs       dress little absolute comfort cute eye catch bodysuit mom      soft cosy fabric   ensure little ease day   pair adorable bootie complete look   specification mom    baby girl s bodysuit box    bodysuit dimension length mini short general detail sleeve sleeve number content sale package pack    age group         month fabric cotton pattern print ideal baby girl s neck round neck hood,31ac1b66cc6bb396c83f124317589f8c.jpg,"[[255 255 255 ... 255 255 255]
 [255 255 255 ... 255 255 255]
 [255 255 255 ... 255 255 255]
 ...
 [255 255 255 ... 255 255 255]
 [255 255 255 ... 255 255 255]
 [255 255 255 ... 255 255 255]]"
5bc04e6a0b6256dc78bb9cb22b39ef41,APOLLO+ Pack Of 3 Flexible Led Light,computers,key feature apollo   pack    flexible lead light system requirement   usb port v     material   plastic   silicon specification apollo   pack    flexible lead light   multicolour   general brand apollo   type lead light model pack    material plastic   silicon system requirement usb port v     model d flexible color multicolour box sale package    lead light,5bc04e6a0b6256dc78bb9cb22b39ef41.jpg,"[[255 255 255 ... 255 255 255]
 [255 255 255 ... 255 255 255]
 [255 255 255 ... 255 255 255]
 ...
 [255 255 255 ... 255 255 255]
 [255 255 255 ... 255 255 255]
 [255 255 255 ... 255 255 255]]"
0c70a580d96e50966130e2885d8c3505,HuppmeGift Happy Birthday Navneet Inner Red Ceramic  (350ml) Ceramic Mug,kitchen & dining,key feature huppmegift happy birthday navneet inner red ceramic       ml   ceramic mug pack    mug huppmegift happy birthday navneet inner red ceramic       ml   ceramic mug       ml   price   rs         oz red interior sublimation mug grade white red interior ceramic mug high temperature transparent polymer mug      famous kitchen utensil office desk   different form versatility match paper clip   know ice cream practical eat mug   cereal          favorite personalize   specification huppmegift happy birthday navneet inner red ceramic       ml   ceramic mug       ml   general type mug mug capacity      ml material ceramic freezer safe yes microwave safe yes dimension weight      g height     mm width     mm depth     mm box sale package    mug,0c70a580d96e50966130e2885d8c3505.jpg,"[[255 255 255 ... 255 255 255]
 [255 255 255 ... 255 255 255]
 [255 255 255 ... 255 255 255]
 ...
 [255 255 255 ... 255 255 255]
 [255 255 255 ... 255 255 255]
 [255 255 255 ... 255 255 255]]"
6325bf868b9040a0599f257aba42e9e0,Doraemon Gift Family Ceramic Coffee Mug Multicolour Mug - 325 ml,baby care,specification doraemon gift family ceramic coffee mug multicolour mug        ml box sale package ceramic coffee mug general type mug size number    inch size small,6325bf868b9040a0599f257aba42e9e0.jpg,"[[255 255 255 ... 255 255 255]
 [255 255 255 ... 255 255 255]
 [255 255 255 ... 255 255 255]
 ...
 [255 255 255 ... 255 255 255]
 [255 255 255 ... 255 255 255]
 [255 255 255 ... 255 255 255]]"
cb096f17218f0e4ccd7424963e2cd0f8,Milani Runway shadow Wet/Dry Black Out 3 g,beauty and personal care,specification milani runway shadow wet dry black    g   shadow   eye shadow trait quantity    g shade shadow,cb096f17218f0e4ccd7424963e2cd0f8.jpg,"[[255 255 255 ... 255 255 255]
 [255 255 255 ... 255 255 255]
 [255 255 255 ... 255 255 255]
 ...
 [255 255 255 ... 255 255 255]
 [255 255 255 ... 255 255 255]
 [255 255 255 ... 255 255 255]]"
cf3e938bf6d66c65ce94f8c206ed0809,e.l.f. Cosmetics Studio brow Kit Ash Brow Makeup Brush Mirror Girly Elf Fun Sexy 3 g,beauty and personal care,e l f   cosmetic studio brow kit ash brow makeup brush mirror girly elf fun sexy    g   dark   price   r         create brow full   thick   define   pigment wax define shape brow color complementing set powder keep look arched perfect   double side taklon brush help arch brow aid fill   duo provide last color definition naturally beautiful look   specification e l f   cosmetic studio brow kit ash brow makeup brush mirror girly elf fun sexy    g   dark   eye shadow trait quantity    g shade dark,cf3e938bf6d66c65ce94f8c206ed0809.jpg,"[[255 255 255 ... 255 255 255]
 [255 255 255 ... 255 255 255]
 [255 255 255 ... 255 255 255]
 ...
 [255 255 255 ... 255 255 255]
 [255 255 255 ... 255 255 255]
 [255 255 255 ... 255 255 255]]"
2651ce313a5a3aedb7c566394a3b3b26,Aster Luxury Arabic Oudh Bathing Bar - Pack of 4,beauty and personal care,key feature aster luxury arabic oudh bathing bar    pack    sle free   phthalate free aster luxury arabic oudh bathing bar    pack         g   price   rs       natural arabic oudh soap luxurious bathing bar lovable essence pure arabian oudh   possibly feel lively    positive bath   agarwood   oud   calm body enhance mental functionally   oudh calm body   bring deep tranquility relaxation   antimicrobial property oud skin germ free   glycerine base soap revive skin make soft   supple smooth   benefit arabic oudh soap      rejuvenative   anti stress property     good dry skin     invigorate skin health     moisturize smoothen rough skin   usage   firmly hold aster luxury handmade bathing bar run wet body   soap give good lather clean body   apply lath body shower   size       g       oz   coconut oil   sorbitol   castor oil   myristic acid   stearic acid   cocoamido propyl betaine   glycerin   propylene glycol   arabic oudh fragrance oil   paraben   phthalate   animal testing   animal ingredient   vegetarian soap specification aster luxury arabic oudh bathing bar    pack         g   soap essential brand aster luxury skin type skin type soap fragrance arabic oudh soap application area body   face handmade yes soap type bathing soap general trait quantity      g model arabic oudh bathing bar    pack    ideal man   woman number soap pack    composition arabicoudh box    soap,2651ce313a5a3aedb7c566394a3b3b26.jpg,"[[239 211 146 ...  67  94 119]
 [219 183 118 ...  65  80  93]
 [183 141  83 ...  63  64  65]
 ...
 [223 185 119 ...  82 117 143]
 [239 221 187 ... 154 194 216]
 [248 242 228 ... 203 234 248]]"
cdf4aedfc9420a2e212fb64e2688bcdc,King Traders KI-BD-01 1 Kitchen Tool Set,kitchen & dining,king traders ki bd       kitchen tool set price   r       count trust name manufacture exclusive range butter dish pot hotel   butter dish pot widely hotel   offer range butter dish pot avail economical price   feature   impeccable finish long service life easy use dimension         x     x    cm weight       gram capacity      kg   specification king traders ki bd       kitchen tool set general brand king trader model number ki bd     type butter dish   pot material stainless steel color    box sale package   butter dish   pot pack  ,cdf4aedfc9420a2e212fb64e2688bcdc.jpg,"[[254 254 254 ... 254 254 254]
 [254 254 254 ... 254 254 254]
 [254 254 254 ... 254 254 254]
 ...
 [253 253 253 ... 253 253 253]
 [253 253 253 ... 253 253 253]
 [253 253 253 ... 253 253 253]]"
9bd8526e99697998cdf7dcbdfa044847,Wall Decal Small Self Adhesive Sticker,home decor & festive needs,key feature wall decal small self adhesive sticker smart bedroom study room look awesome living room bath room attractive guest room kitchen easy install easy remove easy clean wall decal matte finish   water resistant    package layer   wall decal small self adhesive sticker   pack     price   rs       wall decal    give u pure beautiful house decoration wall sticker wall decal    kind design home decoration sticker self adhesive pvc vinyl easy apply plane surface   great suppliment wallpaper wall color decoration method   thnkss   specification wall decal small self adhesive sticker   pack     box number content sale package pack    sale package    sticker general ideal use home   child bedroom   bedroom brand wall decal scratch resistant yes laminated yes type self adhesive number sticker    size number       cm material self adhesive pvc vinyl size small dimension height     cm width     cm,9bd8526e99697998cdf7dcbdfa044847.jpg,"[[214 214 214 ... 180 179 179]
 [215 214 215 ... 180 180 179]
 [215 215 215 ... 180 180 179]
 ...
 [110 110 110 ...  65  69  73]
 [119 119 119 ...  57  61  64]
 [123 123 124 ...  52  56  58]]"
9ff54c12cc7ffd7c1a6724477b8fea2f,Dongli Striped Baby Boy's Polo Neck T-Shirt,baby care,key feature dongli striped baby boy s polo neck t shirt fit   regular suitable   western wear sleeve   half sleeve fabric   airtex dongli striped baby boy s polo neck t shirt price   rs       dongli boy airtex stripe polo tshirt specification dongli striped baby boy s polo neck t shirt t shirt detail sleeve half sleeve number content sale package pack    fabric airtex type polo neck fit regular general detail pattern stripe ideal baby boy s occasion casual fabric care wash similar color   use detergent color additional detail style code dlst      red box    t shirt,9ff54c12cc7ffd7c1a6724477b8fea2f.jpg,"[[255 255 255 ... 255 255 255]
 [255 255 255 ... 255 255 255]
 [255 255 255 ... 255 255 255]
 ...
 [255 255 255 ... 255 255 255]
 [255 255 255 ... 255 255 255]
 [255 255 255 ... 255 255 255]]"
11f06dffebf7edf9e15351834a190c2c,SJ Tulip multi use cotton Balls,baby care,specification sj tulip multi use cotton ball   pack       general trait number piece pack      ideal girl box      cotton ball,11f06dffebf7edf9e15351834a190c2c.jpg,"[[255 255 255 ... 255 255 255]
 [255 255 255 ... 255 255 255]
 [255 255 255 ... 255 255 255]
 ...
 [255 255 255 ... 255 255 255]
 [255 255 255 ... 255 255 255]
 [255 255 255 ... 255 255 255]]"
29def171d7e31d48571a52f0fb3e6b07,Ech oly Ceramic Inside Fitting Hookah Mouth Tip,home decor & festive needs,ech oly ceramic inside fitting hookah mouth tip   black   price   rs       durable repeatedly long time   high quality special material   contain harmful object   rubber ring prevent smoke tar leak   remove tar     time   replace auxiliary rubber ring damage   specification ech oly ceramic inside fitting hookah mouth tip   black   general brand ech oly model number durable tobacco pipe b     type inside fitting material ceramic pack    color black box pack  ,29def171d7e31d48571a52f0fb3e6b07.jpg,"[[254 254 254 ... 254 254 254]
 [254 254 254 ... 254 254 254]
 [254 254 246 ... 254 254 254]
 ...
 [254 254 254 ... 254 254 254]
 [254 254 254 ... 254 254 254]
 [254 254 254 ... 254 254 254]]"
b48218a94e220c20373ed50dc4254093,"LAWMAN PG3 Striker,, Winger , Contender Deodorant Spray  -  For Men",beauty and personal care,key feature lawman pg   striker    winger    contender deodorant spray      man fragrance classification   deodorant spray lawman pg   striker    winger    contender deodorant spray      man       ml   price   rs       lawman deodorant combo man specification lawman pg   striker    winger    contender deodorant spray      man       ml   fragrance trait fragrance classification deodorant spray quantity      ml ideal man box    deodorant,b48218a94e220c20373ed50dc4254093.jpg,"[[255 255 255 ... 255 255 255]
 [255 255 255 ... 255 255 255]
 [255 255 255 ... 255 255 255]
 ...
 [250 240 216 ... 208 236 247]
 [255 255 251 ... 250 255 255]
 [255 255 255 ... 255 255 255]]"
721d6fc10f52e76007c3c0405cf967c5,Toons Printed Baby Boy's Round Neck T-Shirt,baby care,key feature toon print baby boy s round neck t shirt stylish toon print baby boy s round neck t shirt price   rs       transform look little get stylish lemon color t shirt late collection toon   feature funky print   t shirt soon favorite   rich quality cotton material   slim fit t shirt fetch optimum comfort day   superbly comfortable   high trend appeal make perfect pick fun fill evening   let pair favorite casual jean shoe   specification toon print baby boy s round neck t shirt t shirt detail sleeve sleeveless number content sale package pack    fabric cotton type round neck fit slim general detail pattern print ideal baby boy s occasion casual   beach wear   sport fabric care wash similar color   use detergent color   hand wash   iron print   additional detail style code rock north box    t shirt,721d6fc10f52e76007c3c0405cf967c5.jpg,"[[255 255 255 ... 255 255 255]
 [255 255 255 ... 255 255 255]
 [255 255 255 ... 255 255 255]
 ...
 [255 254 254 ... 255 255 255]
 [255 255 255 ... 255 255 255]
 [255 255 255 ... 255 255 255]]"
eeecf5d16fa6591290706f1fd0c6fc6e,PRINT SHAPES red Heart Laptop Skin with Mouse pad Combo Set,computers,key feature print shape red heart laptop skin mouse pad combo set glue free removal       inch laptop skin easy apply    scratch resistant lamination print shape red heart laptop skin mouse pad combo set   multicolor   price   rs       print shape laptop skin high quality vinyl sheet compatible laptop screen size range       inch       inch   trimne skin require laptop size   skin easy install    remove leave gum residue specification print shape red heart laptop skin mouse pad combo set   multicolor   general brand print shape model red heart laptop skin mouse pad suitable type laptop color multicolor warranty warranty summary warranty box number content sale package pack  ,eeecf5d16fa6591290706f1fd0c6fc6e.jpg,"[[255 255 255 ... 255 255 255]
 [255 255 255 ... 255 255 255]
 [255 255 255 ... 255 255 255]
 ...
 [255 255 255 ... 255 255 255]
 [255 255 255 ... 255 255 255]
 [255 255 255 ... 255 255 255]]"
747b170919791d6111847d3485b5b77b,Good Way Peppermint Lip Balm Pepper,beauty and personal care,good way peppermint lip balm pepper     g   price   rs      refresh lip cool sensation soothe peppermint   scent peppermint essential oil natural moisturizer   peppermint lip balm soften lip sure stir buzz   specification good way peppermint lip balm pepper     g   lip balm trait flavor pepper general trait organic type natural quantity    g shade pink ideal woman box  ,747b170919791d6111847d3485b5b77b.jpg,"[[255 255 255 ... 255 255 255]
 [255 255 255 ... 255 255 255]
 [255 255 255 ... 255 255 255]
 ...
 [255 255 255 ... 255 255 255]
 [255 255 255 ... 255 255 255]
 [255 255 255 ... 255 255 255]]"
4748b7ea0e01cffa561f1a7a7a432813,Aroma Comfort Polyester Cream Self Design Eyelet Window Curtain,home furnishing,key feature aroma comfort polyester cream self design eyelet window curtain height       cm width       cm specification aroma comfort polyester cream self design eyelet window curtain       cm height   pack     general brand aroma comfort design window type eyelet model    u design model d ac      color cream dimension length      cm box number content sale package pack    body    design material polyester,4748b7ea0e01cffa561f1a7a7a432813.jpg,"[[185 185 186 ... 193 192 191]
 [186 186 187 ... 194 193 192]
 [188 188 190 ... 196 195 194]
 ...
 [157 157 158 ...  17  17  17]
 [158 158 159 ...  16  17  17]
 [158 158 158 ...  16  17  17]]"
6057d1b6682ab473a3fe2ca8b4577259,PRINT SHAPES Sony headphone Laptop Skin with Mouse pad Combo Set,computers,key feature print shape sony headphone laptop skin mouse pad combo set glue free removal       inch laptop skin easy apply    scratch resistant lamination print shape sony headphone laptop skin mouse pad combo set   multicolor   price   rs       print shape laptop skin high quality vinyl sheet compatible laptop screen size range       inch       inch   trimne skin require laptop size   skin easy install    remove leave gum residue specification print shape sony headphone laptop skin mouse pad combo set   multicolor   general brand print shape model sony headphone laptop skin mouse pad suitable type laptop color multicolor warranty warranty summary warranty box number content sale package pack  ,6057d1b6682ab473a3fe2ca8b4577259.jpg,"[[255 255 255 ... 255 255 255]
 [255 255 255 ... 255 255 255]
 [255 255 255 ... 255 255 255]
 ...
 [255 255 255 ... 255 255 255]
 [255 255 255 ... 255 255 255]
 [255 255 255 ... 255 255 255]]"
031c98cfde349d99fb6d5983f54c8751,PRINT SHAPES Power of roman reigns Laptop Skin with Mouse pad Combo Set,computers,key feature print shape power roman reign laptop skin mouse pad combo set glue free removal       inch laptop skin easy apply    scratch resistant lamination print shape power roman reign laptop skin mouse pad combo set   multicolor   price   rs       print shape laptop skin high quality vinyl sheet compatible laptop screen size range       inch       inch   trimne skin require laptop size   skin easy install    remove leave gum residue specification print shape power roman reign laptop skin mouse pad combo set   multicolor   general brand print shape model power roman reign laptop skin mouse pad suitable type laptop color multicolor warranty warranty summary warranty box number content sale package pack  ,031c98cfde349d99fb6d5983f54c8751.jpg,"[[255 255 255 ... 255 255 255]
 [255 255 255 ... 255 255 255]
 [255 255 255 ... 255 255 255]
 ...
 [255 255 255 ... 255 255 255]
 [255 255 255 ... 255 255 255]
 [255 255 255 ... 255 255 255]]"
6eaa9bd9e9285d77891bb76d30e6ebe7,Aroma Comfort Polyester Blue Floral Eyelet Long Door Curtain,home furnishing,specification aroma comfort polyester blue floral eyelet long door curtain       cm height   pack     general brand aroma comfort design long door type eyelet model patta model d ac      color blue dimension length      cm body    design material polyester box number content sale package pack  ,6eaa9bd9e9285d77891bb76d30e6ebe7.jpg,"[[208 208 209 ... 200 199 198]
 [208 208 209 ... 200 200 199]
 [209 209 209 ... 201 201 200]
 ...
 [181 182 186 ... 200 199 199]
 [178 179 181 ... 197 196 195]
 [176 177 179 ... 197 196 195]]"
8141b9d5af35017a907b1e88c17f7963,PRINT SHAPES roronoa Zora Laptop Skin with Mouse pad Combo Set,computers,key feature print shape roronoa zora laptop skin mouse pad combo set glue free removal       inch laptop skin easy apply    scratch resistant lamination print shape roronoa zora laptop skin mouse pad combo set   multicolor   price   rs       print shape laptop skin high quality vinyl sheet compatible laptop screen size range       inch       inch   trimne skin require laptop size   skin easy install    remove leave gum residue specification print shape roronoa zora laptop skin mouse pad combo set   multicolor   general brand print shape model roronoa zora laptop skin mouse pad suitable type laptop color multicolor warranty warranty summary warranty box number content sale package pack  ,8141b9d5af35017a907b1e88c17f7963.jpg,"[[255 255 255 ... 255 255 255]
 [255 255 255 ... 255 255 255]
 [255 255 255 ... 255 255 255]
 ...
 [255 255 255 ... 255 255 255]
 [255 255 255 ... 255 255 255]
 [255 255 255 ... 255 255 255]]"
7ec5ac2dea80b6c5e4cfd20eba597d20,Aroma Comfort Polyester Brown Floral Eyelet Long Door Curtain,home furnishing,key feature aroma comfort polyester brown floral eyelet long door curtain height       cm width     inch specification aroma comfort polyester brown floral eyelet long door curtain       cm height   pack     general brand aroma comfort design long door type eyelet model patta model d ac      color brown dimension length      cm body    design material polyester box number content sale package pack  ,7ec5ac2dea80b6c5e4cfd20eba597d20.jpg,"[[188 188 188 ... 192 192 192]
 [188 188 188 ... 192 192 192]
 [188 188 188 ... 192 192 192]
 ...
 [193 193 194 ... 194 193 193]
 [199 199 199 ... 199 199 198]
 [201 201 201 ... 202 201 201]]"
b7214d4c357e3f7acae72fcbe7d31afe,Transcend Premium Memory DDR2 2 GB (1x2GB) PC SDRAM (JM800QLU-2G),computers,specification transcend premium memory ddr     gb    x gb   pc sdram   jm    qlu   g    green   box sale package    ram general pin      brand transcend series premium memory memory type    gb    x    ddr   compatible device pc error check non ecc model d jm    qlu   g memory memory configuration ddr      mhz dimm memory clock      mhz technology   nd gen ddr       dimm memory warranty cover warranty life time warranty service type world wide service center warranty warranty summary life time warranty world widw cover warranty physical damage,b7214d4c357e3f7acae72fcbe7d31afe.jpg,"[[252 252 252 ... 252 252 252]
 [252 252 252 ... 251 251 251]
 [251 251 251 ... 250 250 250]
 ...
 [251 251 251 ... 249 249 249]
 [251 251 251 ... 249 249 249]
 [251 251 251 ... 249 248 248]]"
7fd3f7b35e8b4a66432c974c8cb5c46d,PRINT SHAPES doraemon Laptop Skin with Mouse pad Combo Set,computers,specification print shape doraemon laptop skin mouse pad combo set   multicolor   general brand print shape model doraemon laptop skin mouse pad suitable type laptop color multicolor warranty warranty summary warranty box number content sale package pack  ,7fd3f7b35e8b4a66432c974c8cb5c46d.jpg,"[[255 255 255 ... 255 255 255]
 [255 255 255 ... 255 255 255]
 [255 255 255 ... 255 255 255]
 ...
 [255 255 255 ... 255 255 255]
 [255 255 255 ... 255 255 255]
 [255 255 255 ... 255 255 255]]"
30ad2acaccdd2e1691a61c44079c2b5a,PRINT SHAPES monster university party Laptop Skin with Mouse pad Combo Set,computers,key feature print shape monster university party laptop skin mouse pad combo set glue free removal       inch laptop skin easy apply    scratch resistant lamination print shape monster university party laptop skin mouse pad combo set   multicolor   price   rs       print shape laptop skin high quality vinyl sheet compatible laptop screen size range       inch       inch   trimne skin require laptop size   skin easy install    remove leave gum residue specification print shape monster university party laptop skin mouse pad combo set   multicolor   general brand print shape model monster university party laptop skin mouse pad suitable type laptop color multicolor warranty warranty summary warranty box number content sale package pack  ,30ad2acaccdd2e1691a61c44079c2b5a.jpg,"[[255 255 255 ... 255 255 255]
 [255 255 255 ... 255 255 255]
 [255 255 255 ... 255 255 255]
 ...
 [255 255 255 ... 255 255 255]
 [255 255 255 ... 255 255 255]
 [255 255 255 ... 255 255 255]]"
3f97735a6c61a3587cefceaef36c280c,Aroma Comfort Polyester Green Self Design Eyelet Door Curtain,home furnishing,key feature aroma comfort polyester green self design eyelet door curtain height       cm width       cm specification aroma comfort polyester green self design eyelet door curtain       cm height   pack     general brand aroma comfort design door type eyelet model    u design model d ac      color green dimension length      cm box number content sale package pack    body    design material polyester,3f97735a6c61a3587cefceaef36c280c.jpg,"[[185 185 186 ... 193 192 191]
 [186 186 187 ... 194 193 192]
 [188 188 190 ... 196 195 194]
 ...
 [157 157 158 ...  17  17  17]
 [158 158 159 ...  16  17  17]
 [158 158 158 ...  16  17  17]]"
362714cbba2f5ae412d2f26bae99a266,Aroma Comfort Polyester Brown Self Design Eyelet Long Door Curtain,home furnishing,key feature aroma comfort polyester brown self design eyelet long door curtain height       cm width       cm specification aroma comfort polyester brown self design eyelet long door curtain       cm height   pack     general brand aroma comfort design long door type eyelet model    u design model d ac      color brown dimension length      cm body    design material polyester box number content sale package pack  ,362714cbba2f5ae412d2f26bae99a266.jpg,"[[113 113 112 ... 120 120 120]
 [113 113 113 ... 120 120 120]
 [113 113 113 ... 120 120 120]
 ...
 [ 94  94  94 ...  95  96  96]
 [ 94  93  94 ...  95  96  96]
 [ 94  93  94 ...  94  94  94]]"
9b805665a791f40e7946a73dcea17e35,PRINT SHAPES Graphic Dancer Laptop Skin with Mouse pad Combo Set,computers,key feature print shape graphic dancer laptop skin mouse pad combo set glue free removal       inch laptop skin easy apply    scratch resistant lamination print shape graphic dancer laptop skin mouse pad combo set   multicolor   price   rs       print shape laptop skin high quality vinyl sheet compatible laptop screen size range       inch       inch   trimne skin require laptop size   skin easy install    remove leave gum residue specification print shape graphic dancer laptop skin mouse pad combo set   multicolor   general brand print shape model graphic dancer laptop skin mouse pad suitable type laptop color multicolor warranty warranty summary warranty box number content sale package pack  ,9b805665a791f40e7946a73dcea17e35.jpg,"[[255 255 255 ... 255 255 255]
 [255 255 255 ... 255 255 255]
 [255 255 255 ... 255 255 255]
 ...
 [255 255 255 ... 255 255 255]
 [255 255 255 ... 255 255 255]
 [255 255 255 ... 255 255 255]]"
90906358dac904c4f05c12c798ac5221,Aroma Comfort Polyester Brown Printed Eyelet Window Curtain,home furnishing,key feature aroma comfort polyester brown print eyelet window curtain height       cm width       cm specification aroma comfort polyester brown print eyelet window curtain       cm height   pack     general brand aroma comfort design window type eyelet model leave design model d ac      color brown dimension length      cm box number content sale package pack    body    design material polyester,90906358dac904c4f05c12c798ac5221.jpg,"[[221 220 219 ... 221 223 224]
 [223 222 220 ... 222 224 225]
 [225 225 223 ... 225 226 227]
 ...
 [195 195 196 ... 196 196 195]
 [194 194 194 ... 194 194 194]
 [193 193 193 ... 193 193 193]]"
4d6bf06ef01f80130a1ab28dfdeb7aa3,OMRD RD6697 Hot and cold Pack,beauty and personal care,specification omrd rd      hot cold pack   green   general usable yes purpose dry eye area use eye,4d6bf06ef01f80130a1ab28dfdeb7aa3.jpg,"[[255 255 255 ... 255 255 255]
 [255 255 255 ... 255 255 255]
 [255 255 255 ... 255 255 255]
 ...
 [255 255 255 ... 255 255 255]
 [255 255 255 ... 255 255 255]
 [255 255 255 ... 255 255 255]]"
7d2883d833e215d3092c7f53572f870d,Kerastase Nutritive Bain Satin 1 Complete Nutrition Shampoo,beauty and personal care,specification kerastase nutritive bain satin    complete nutrition shampoo       ml   shampoo trait hair type dry hair   normal hair apply nourishment    moisturization ideal woman   man composition cationic polymer   silicone derivative general trait brand kerastase quantity      ml trait smoothe protect hair   leave hair soft   supple   shiny manageable   ideal slightly sensitive hair model nutritive bain satin    complete nutrition shampoo container type bottle,7d2883d833e215d3092c7f53572f870d.jpg,"[[254 254 254 ... 254 255 255]
 [254 254 254 ... 254 255 255]
 [254 254 253 ... 254 255 255]
 ...
 [255 255 255 ... 255 255 255]
 [255 255 255 ... 255 255 255]
 [255 255 255 ... 255 255 255]]"
b5834f1e97c74d2833dbcb09a3f27926,PRINT SHAPES mary and max cartoon Laptop Skin with Mouse pad Combo Set,computers,key feature print shape mary max cartoon laptop skin mouse pad combo set glue free removal       inch laptop skin easy apply    scratch resistant lamination print shape mary max cartoon laptop skin mouse pad combo set   multicolor   price   rs       print shape laptop skin high quality vinyl sheet compatible laptop screen size range       inch       inch   trimne skin require laptop size   skin easy install    remove leave gum residue specification print shape mary max cartoon laptop skin mouse pad combo set   multicolor   general brand print shape model mary max cartoon laptop skin mouse pad suitable type laptop color multicolor warranty warranty summary warranty box number content sale package pack  ,b5834f1e97c74d2833dbcb09a3f27926.jpg,"[[255 255 255 ... 255 255 255]
 [255 255 255 ... 255 255 255]
 [255 255 255 ... 255 255 255]
 ...
 [255 255 255 ... 255 255 255]
 [255 255 255 ... 255 255 255]
 [255 255 255 ... 255 255 255]]"
ace154420a51fad090b3543995630051,Aroma Comfort Polyester Dark Blue Plain Eyelet Window Curtain,home furnishing,key feature aroma comfort polyester dark blue plain eyelet window curtain height       cm width       cm specification aroma comfort polyester dark blue plain eyelet window curtain       cm height   pack     general brand aroma comfort design window type eyelet model plain model d ac      color dark blue dimension length      cm body    design material polyester box number content sale package pack  ,ace154420a51fad090b3543995630051.jpg,"[[113 113 112 ... 120 120 120]
 [113 113 113 ... 120 120 120]
 [113 113 113 ... 120 120 120]
 ...
 [ 94  94  94 ...  95  96  96]
 [ 94  94  94 ...  95  96  96]
 [ 94  94  94 ...  94  95  95]]"
7815fb39feb773db944c9f03bbdcbf64,PRINT SHAPES Peacock Feather Laptop Skin with Mouse pad Combo Set,computers,key feature print shape peacock feather laptop skin mouse pad combo set glue free removal       inch laptop skin easy apply    scratch resistant lamination print shape peacock feather laptop skin mouse pad combo set   multicolor   price   rs       print shape laptop skin high quality vinyl sheet compatible laptop screen size range       inch       inch   trimne skin require laptop size   skin easy install    remove leave gum residue specification print shape peacock feather laptop skin mouse pad combo set   multicolor   general brand print shape model peacock feather laptop skin mouse pad suitable type laptop color multicolor warranty warranty summary warranty box number content sale package pack  ,7815fb39feb773db944c9f03bbdcbf64.jpg,"[[255 255 255 ... 255 255 255]
 [255 255 255 ... 255 255 255]
 [255 255 255 ... 255 255 255]
 ...
 [255 255 255 ... 255 255 255]
 [255 255 255 ... 255 255 255]
 [255 255 255 ... 255 255 255]]"
d407ab825e1a266635214bfe893f29c4,PRINT SHAPES despicable me 2 looking upwards Laptop Skin with Mouse pad Combo Set,computers,key feature print shape despicable    look upwards laptop skin mouse pad combo set glue free removal       inch laptop skin easy apply    scratch resistant lamination print shape despicable    look upwards laptop skin mouse pad combo set   multicolor   price   rs       print shape laptop skin high quality vinyl sheet compatible laptop screen size range       inch       inch   trimne skin require laptop size   skin easy install    remove leave gum residue specification print shape despicable    look upwards laptop skin mouse pad combo set   multicolor   general brand print shape model despicable    look upwards laptop skin mouse pad suitable type laptop color multicolor warranty warranty summary warranty box number content sale package pack  ,d407ab825e1a266635214bfe893f29c4.jpg,"[[255 255 255 ... 255 255 255]
 [255 255 255 ... 255 255 255]
 [255 255 255 ... 255 255 255]
 ...
 [255 255 255 ... 255 255 255]
 [255 255 255 ... 255 255 255]
 [255 255 255 ... 255 255 255]]"
5a54c78b52c984e56500809e5bc27ae1,PRINT SHAPES Red bull Laptop Skin with Mouse pad Combo Set,computers,key feature print shape red bull laptop skin mouse pad combo set glue free removal       inch laptop skin easy apply    scratch resistant lamination print shape red bull laptop skin mouse pad combo set   multicolor   price   rs       print shape laptop skin high quality vinyl sheet compatible laptop screen size range       inch       inch   trimne skin require laptop size   skin easy install    remove leave gum residue specification print shape red bull laptop skin mouse pad combo set   multicolor   general brand print shape model red bull laptop skin mouse pad suitable type laptop color multicolor warranty warranty summary warranty box number content sale package pack  ,5a54c78b52c984e56500809e5bc27ae1.jpg,"[[255 255 255 ... 255 255 255]
 [255 255 255 ... 255 255 255]
 [255 255 255 ... 255 255 255]
 ...
 [255 255 255 ... 255 255 255]
 [255 255 255 ... 255 255 255]
 [255 255 255 ... 255 255 255]]"
678ebb5f6057dcc51948253c1b39b0b8,Aroma Comfort Polyester Brown Self Design Eyelet Door Curtain,home furnishing,key feature aroma comfort polyester brown self design eyelet door curtain height       cm width       cm specification aroma comfort polyester brown self design eyelet door curtain       cm height   pack     general brand aroma comfort design door type eyelet model    u design model d ac      color brown dimension length      cm box number content sale package pack    body    design material polyester,678ebb5f6057dcc51948253c1b39b0b8.jpg,"[[185 185 186 ... 193 192 191]
 [186 186 187 ... 194 193 192]
 [188 188 190 ... 196 195 194]
 ...
 [157 157 158 ...  17  17  17]
 [158 158 159 ...  16  17  17]
 [158 158 158 ...  16  17  17]]"
7821fb1cbf8d3bb294c3c20527119f15,"Surgical e Sstudio S0004 Gown, Pant Hospital Scrub",beauty and personal care,key feature surgical e sstudio s      gown   pant hospital scrub washable high quality polyester viscous fabric customization available trouser elastic unisex surgical e sstudio s      gown   pant hospital scrub   pink s   price   rs         surgical e sstudio iso              certify company   marketing    distribution customize surgeon scrub high quality   washable polyester viscous fabric   v shape neck    trouser   design way complete comfort feel operate   available s   m   l    xl size available different colour match hospital nursing home clinic s logo theme good   customize apron    complete staff uniform male    female   specification surgical e sstudio s      gown   pant hospital scrub   pink s   general brand surgical e sstudio brand color pink model number s      type gown   pant material high quality polyester viscous size s color pink box    gown    pant,7821fb1cbf8d3bb294c3c20527119f15.jpg,"[[255 255 255 ... 255 255 255]
 [255 255 255 ... 255 255 255]
 [255 255 255 ... 255 255 255]
 ...
 [255 255 255 ... 255 255 255]
 [255 255 255 ... 255 255 255]
 [255 255 255 ... 255 255 255]]"
3b96a152c8fac4421fb67b6190584976,Reiki Crystal Products Showpiece  -  6 cm,home decor & festive needs,key feature reiki crystal product showpiece        cm singing bowl vastu heal aura clean home cleaning room clean reiki crystal product showpiece        cm   brass   brown   gold   price   rs         singing bowl amazing instrument play clean negativity place   hinduism play shankh   shankh disintegrate negative energy place sound vibration   singing bowl buddhist concept disintegrate clean negative energy sound wave   main benefit singing bowl easy play handle   rotate striker    play bowl clockwise   singing bowl amplify intention play   use singing bowl clean place home   room   office   shop kind negative energy vibration   charge place positive energy   use regularly experience benefit   singing bowl available size      gm upto      kg   big bowl deep sound vibration   disclaimer    information provide base individual experience treat medical advice   inadvertent use responsibility   specification reiki crystal product showpiece        cm   brass   brown   gold   general brand reiki crystal product model number singing bowl metal type fengshui material brass color brown   gold dimension weight      g height    cm width     cm depth    cm warranty cover warranty warranty service type box sale package    singing bowl,3b96a152c8fac4421fb67b6190584976.jpg,"[[255 255 255 ... 255 255 255]
 [255 255 255 ... 255 255 255]
 [255 255 255 ... 252 255 255]
 ...
 [255 255 255 ... 255 255 255]
 [255 255 255 ... 255 255 255]
 [255 255 255 ... 255 255 255]]"
3b465b02720ef7c930cb2e065a8fc05d,Elite Collection Medium Acrylic Sticker,baby care,buy elite collection medium acrylic sticker rs      online   elite collection medium acrylic sticker good price free shipping    cash delivery   genuine product      day replacement guarantee,3b465b02720ef7c930cb2e065a8fc05d.jpg,"[[166 165 164 ... 206 203 202]
 [162 161 160 ... 206 201 200]
 [157 157 156 ... 206 199 198]
 ...
 [237 237 238 ... 176 172 165]
 [213 214 217 ... 177 172 166]
 [193 194 198 ... 177 173 167]]"
b1644f47c7dfa58f8c06677f2a27ee09,Wallmantra Extra Large Vinyl Stickers Sticker,baby care,buy wallmantra extra large vinyl sticker sticker rs       online   wallmantra extra large vinyl sticker sticker good price free shipping    cash delivery   genuine product      day replacement guarantee,b1644f47c7dfa58f8c06677f2a27ee09.jpg,"[[222 222 222 ... 228 228 228]
 [221 221 221 ... 228 228 228]
 [221 221 221 ... 227 228 228]
 ...
 [ 51  51  50 ...  57  56  56]
 [ 49  49  49 ...  54  54  54]
 [ 48  48  48 ...  53  53  53]]"
057836ecde71565f8ebdd576e41fdc96,WallDesign Small Vinyl Sticker,baby care,buy walldesign small vinyl sticker rs      online   walldesign small vinyl sticker good price free shipping    cash delivery   genuine product      day replacement guarantee,057836ecde71565f8ebdd576e41fdc96.jpg,"[[199 199 199 ... 199 199 199]
 [199 199 199 ... 199 199 199]
 [199 199 199 ... 199 199 199]
 ...
 [207 206 205 ... 204 205 205]
 [205 205 204 ... 203 204 204]
 [204 204 204 ... 203 203 203]]"
38782cce965307ddcdbedfcb7fa409c3,999store Medium Paper Sticker,baby care,buy     store medium paper sticker rs      online      store medium paper sticker good price free shipping    cash delivery   genuine product      day replacement guarantee,38782cce965307ddcdbedfcb7fa409c3.jpg,"[[152 153 155 ...  97  95  95]
 [154 155 156 ...  97  96  95]
 [156 157 159 ...  98  97  97]
 ...
 [195 195 195 ... 166 165 165]
 [195 194 193 ... 166 166 165]
 [194 194 192 ... 167 166 166]]"
be0f39341d771aac57084970f1ed6425,Wallmantra Medium Vinyl Stickers Sticker,baby care,buy wallmantra medium vinyl sticker sticker rs       online   wallmantra medium vinyl sticker sticker good price free shipping    cash delivery   genuine product      day replacement guarantee,be0f39341d771aac57084970f1ed6425.jpg,"[[236 236 236 ... 242 242 242]
 [236 236 236 ... 242 242 242]
 [236 236 236 ... 242 242 242]
 ...
 [117 129 137 ... 157 157 158]
 [116 128 136 ... 157 157 159]
 [115 127 134 ... 156 157 159]]"
958f54f4c46b53c8a0a9b8167d9140bc,Oren Empower Extra Large Self Adhesive Sticker,baby care,"oren empower extra large self adhesive sticker   pack   
                          price   rs     
				
			 double sticker big wall   piece arrange alternatively reflectively   d cor wall like   d look   tree green shaded leave sharp feature greenery   reusable e   apply   simple remove use sticker wall different idea 

 install 

    surface wish attach decal clean 
 free dust   grease contamination 
 
    simply peel pre cut piece wall sticker 
 back paper apply desire area 
 note  
    freshly paint lacquered 
 surface allow completely cure decal apply   
 recommend wait minimum      week     
 discourage installation certain surface brick   stucco   concrete 
 block   suede paint   sand paint      apply 
 wet wall 
    press firmly squeeze air bubble 
 note   helpful fun 
 help friend family member stick wall decal 
 wall apply wet wall 
 double sticker big wall   piece arrange alternatively reflectively   d cor wall like   d look   tree green shaded leave sharp feature greenery   reusable e   apply   simple remove use sticker wall different idea 

 install 

    surface wish attach decal clean 
 free dust   grease contamination 
 
    simply peel pre cut piece wall sticker 
 back paper apply desire area 
 note  
    freshly paint lacquered 
 surface allow completely cure decal apply   
 recommend wait minimum      week     
 discourage installation certain surface brick   stucco   concrete 
 block   suede paint   sand paint      apply 
 wet wall 
    press firmly squeeze air bubble 
 note   helpful fun 
 help friend family member stick wall decal 
 wall apply wet wall",958f54f4c46b53c8a0a9b8167d9140bc.jpg,"[[193 164 133 ... 208 203 203]
 [164 120  73 ... 197 188 184]
 [135  75  13 ... 200 190 183]
 ...
 [240 232 220 ... 188 188 188]
 [242 236 227 ... 203 204 204]
 [245 241 235 ... 219 220 220]]"
fd6cbcc22efb6b761bd564c28928483c,Wallmantra Large Vinyl Sticker Sticker,baby care,"wallmantra large vinyl sticker sticker   pack   
                          price   r       
				
			 bring home exclusive piece wall art home refreshing look deserve  
 wall decal late trend   sweep world interior design   quick easy way personalise transform home   wallmantra use high quality premium self adhesive vinyl product ensure receive good quality product 
 size inch   width x height    round near inch   size product final size wall   
 easy apply remove   apply   send ready apply decal sticker    practice item instruction manual   apply video 
 usable 
  contact wallmantra option 
 bring home exclusive piece wall art home refreshing look deserve  
 wall decal late trend   sweep world interior design   quick easy way personalise transform home   wallmantra use high quality premium self adhesive vinyl product ensure receive good quality product 
 size inch   width x height    round near inch   size product final size wall   
 easy apply remove   apply   send ready apply decal sticker    practice item instruction manual   apply video 
 usable 
  contact wallmantra option",fd6cbcc22efb6b761bd564c28928483c.jpg,"[[228 228 228 ... 203 203 202]
 [228 228 228 ... 203 202 202]
 [228 228 228 ... 202 202 202]
 ...
 [145 145 143 ...  46  46  46]
 [143 143 142 ...  48  48  48]
 [139 139 140 ...  52  52  52]]"
5912e037d12774bb73a2048f35a00009,Uberlyfe Extra Large Pigmented Polyvinyl Films (Imported) Sticker,baby care,buy uberlyfe extra large pigment polyvinyl film   import   sticker rs       online   uberlyfe extra large pigmented polyvinyl film   import   sticker good price free shipping    cash delivery   genuine product      day replacement guarantee,5912e037d12774bb73a2048f35a00009.jpg,"[[255 255 255 ... 255 255 255]
 [255 255 255 ... 255 255 255]
 [255 255 255 ... 255 255 255]
 ...
 [160 160 159 ... 166 165 165]
 [171 171 172 ... 173 171 171]
 [182 183 185 ... 178 176 176]]"
c3edc504d1b4f0ba6224fa53a43a7ad6,Wallmantra Medium Vinyl Sticker Sticker,baby care,buy wallmantra medium vinyl sticker sticker rs       online   wallmantra medium vinyl sticker sticker good price free shipping    cash delivery   genuine product      day replacement guarantee,c3edc504d1b4f0ba6224fa53a43a7ad6.jpg,"[[ 56  56  55 ...  71  70  70]
 [ 56  56  56 ...  70  70  70]
 [ 54  56  57 ...  70  71  70]
 ...
 [ 80  81  82 ... 111 111 111]
 [ 79  78  77 ... 106 106 106]
 [ 83  82  80 ... 107 108 109]]"
f2f027ad6a6df617c9f125173da71e44,Uberlyfe Large Vinyl Sticker,baby care,buy uberlyfe large vinyl sticker rs      online   uberlyfe large vinyl sticker good price free shipping    cash delivery   genuine product      day replacement guarantee,f2f027ad6a6df617c9f125173da71e44.jpg,"[[228 228 228 ... 228 228 228]
 [227 227 227 ... 227 227 227]
 [227 227 227 ... 227 227 227]
 ...
 [157 165 177 ... 227 227 227]
 [146 149 163 ... 227 227 227]
 [141 138 149 ... 227 227 227]]"
