{"best_threshold": 0.5, "best_score": 4.0407305640859865e-05, "scores": [1.8441678192715537e-05, 1.8636550001863656e-05, 1.8870060761595652e-05, 1.9094901661256445e-05, 1.9321804656554922e-05, 1.9577133907595928e-05, 1.9844025955985952e-05, 2.012396361587378e-05, 2.042984391599248e-05, 2.0716801325875283e-05, 2.1024746126190526e-05, 2.1403193356448784e-05, 2.176847054725935e-05, 2.216557685913776e-05, 2.2534195641886563e-05, 2.291790805335289e-05, 2.3337767509160075e-05, 2.3779516324637956e-05, 2.4238898584448323e-05, 2.4668821077040727e-05, 2.5138260432378078e-05, 2.5566293398783044e-05, 2.6076299251610212e-05, 2.656677559044659e-05, 2.7059205541725295e-05, 2.7586206896551723e-05, 2.811911256080758e-05, 2.86286859433152e-05, 2.9153668989242296e-05, 2.9679755438815183e-05, 3.0237972846300383e-05, 3.0857530780386954e-05, 3.149308726734482e-05, 3.209860692045965e-05, 3.267012970041491e-05, 3.3257948649727285e-05, 3.369385760975774e-05, 3.4259481311452945e-05, 3.474514436607484e-05, 3.530948765933406e-05, 3.587572648346129e-05, 3.643518181155724e-05, 3.6961744594344855e-05, 3.740555098376599e-05, 3.784008778900367e-05, 3.8414259373079284e-05, 3.8972680151214e-05, 3.9521005414377744e-05, 3.9945673883518416e-05, 4.0407305640859865e-05], "thresholds": [0.05, 0.05918367346938776, 0.06836734693877551, 0.07755102040816328, 0.08673469387755103, 0.09591836734693879, 0.10510204081632654, 0.1142857142857143, 0.12346938775510205, 0.1326530612244898, 0.14183673469387756, 0.1510204081632653, 0.1602040816326531, 0.16938775510204085, 0.1785714285714286, 0.18775510204081636, 0.1969387755102041, 0.20612244897959187, 0.21530612244897962, 0.22448979591836737, 0.23367346938775513, 0.24285714285714288, 0.25204081632653064, 0.2612244897959184, 0.27040816326530615, 0.2795918367346939, 0.28877551020408165, 0.2979591836734694, 0.30714285714285716, 0.3163265306122449, 0.32551020408163267, 0.3346938775510204, 0.3438775510204082, 0.35306122448979593, 0.3622448979591837, 0.37142857142857144, 0.3806122448979592, 0.38979591836734695, 0.3989795918367347, 0.40816326530612246, 0.4173469387755102, 0.42653061224489797, 0.4357142857142857, 0.4448979591836735, 0.45408163265306123, 0.463265306122449, 0.47244897959183674, 0.4816326530612245, 0.4908163265306123, 0.5]}