{"best_threshold": 0.5, "best_score": 4.088976120379457e-05, "scores": [1.8410781353560644e-05, 1.862128039924025e-05, 1.8819632640770853e-05, 1.9054151899698946e-05, 1.931695255756452e-05, 1.9578667084344897e-05, 1.987518384545057e-05, 2.0184893625610594e-05, 2.0460776691083194e-05, 2.0785267402465132e-05, 2.112557039040054e-05, 2.148320013749248e-05, 2.18426455812328e-05, 2.2236057991639243e-05, 2.2637238256932653e-05, 2.306219875002883e-05, 2.3443360840210053e-05, 2.385951517465165e-05, 2.4327348805527172e-05, 2.4792978628452424e-05, 2.5269754630682536e-05, 2.5775188803257984e-05, 2.6293647454774927e-05, 2.6757284670751613e-05, 2.723385713118549e-05, 2.7827248441674087e-05, 2.837523409568129e-05, 2.887086064035569e-05, 2.9409169779137136e-05, 2.994908655286014e-05, 3.0483158055174515e-05, 3.107616768700084e-05, 3.165458516666139e-05, 3.2232070910556004e-05, 3.2763252735731606e-05, 3.336224728097685e-05, 3.398470688190314e-05, 3.450774698919907e-05, 3.5123458958238204e-05, 3.5665882017262285e-05, 3.6302911493501776e-05, 3.679040506235974e-05, 3.7399955120053854e-05, 3.798093357134719e-05, 3.8492628661611304e-05, 3.8954462233648865e-05, 3.93654292800063e-05, 3.9888312724371757e-05, 4.0420371867421184e-05, 4.088976120379457e-05], "thresholds": [0.05, 0.05918367346938776, 0.06836734693877551, 0.07755102040816328, 0.08673469387755103, 0.09591836734693879, 0.10510204081632654, 0.1142857142857143, 0.12346938775510205, 0.1326530612244898, 0.14183673469387756, 0.1510204081632653, 0.1602040816326531, 0.16938775510204085, 0.1785714285714286, 0.18775510204081636, 0.1969387755102041, 0.20612244897959187, 0.21530612244897962, 0.22448979591836737, 0.23367346938775513, 0.24285714285714288, 0.25204081632653064, 0.2612244897959184, 0.27040816326530615, 0.2795918367346939, 0.28877551020408165, 0.2979591836734694, 0.30714285714285716, 0.3163265306122449, 0.32551020408163267, 0.3346938775510204, 0.3438775510204082, 0.35306122448979593, 0.3622448979591837, 0.37142857142857144, 0.3806122448979592, 0.38979591836734695, 0.3989795918367347, 0.40816326530612246, 0.4173469387755102, 0.42653061224489797, 0.4357142857142857, 0.4448979591836735, 0.45408163265306123, 0.463265306122449, 0.47244897959183674, 0.4816326530612245, 0.4908163265306123, 0.5]}