{"best_threshold": 0.5, "best_score": 4.0891433244735225e-05, "scores": [1.8453929764343316e-05, 1.8662287249925352e-05, 1.8877541389009495e-05, 1.9132531042531616e-05, 1.9388487116350313e-05, 1.9639420244314387e-05, 1.9933025035879444e-05, 2.0222855871706203e-05, 2.054696007725657e-05, 2.0887292171442894e-05, 2.12039608998961e-05, 2.1545223423966907e-05, 2.192886276917679e-05, 2.2276676319893072e-05, 2.265878141073573e-05, 2.3076568052799187e-05, 2.3533841664313284e-05, 2.3960704444710675e-05, 2.441108263151471e-05, 2.4857689726316835e-05, 2.530556469367614e-05, 2.5839793281653746e-05, 2.6330340451302035e-05, 2.684491691498215e-05, 2.735753563319016e-05, 2.7876118529255986e-05, 2.8395377232586536e-05, 2.8994751949897067e-05, 2.9611204879926563e-05, 3.01987074953192e-05, 3.072857450142888e-05, 3.133126546981233e-05, 3.198362438431523e-05, 3.2523498227469345e-05, 3.307534563736191e-05, 3.372340066772333e-05, 3.424422984727073e-05, 3.478018920422927e-05, 3.5265904923120326e-05, 3.5861574323112784e-05, 3.62476439031463e-05, 3.685141509433962e-05, 3.7358039450089656e-05, 3.793482796555518e-05, 3.8429021597110135e-05, 3.896205096236266e-05, 3.953194180898166e-05, 4.00368338871762e-05, 4.04236397445226e-05, 4.0891433244735225e-05], "thresholds": [0.05, 0.05918367346938776, 0.06836734693877551, 0.07755102040816328, 0.08673469387755103, 0.09591836734693879, 0.10510204081632654, 0.1142857142857143, 0.12346938775510205, 0.1326530612244898, 0.14183673469387756, 0.1510204081632653, 0.1602040816326531, 0.16938775510204085, 0.1785714285714286, 0.18775510204081636, 0.1969387755102041, 0.20612244897959187, 0.21530612244897962, 0.22448979591836737, 0.23367346938775513, 0.24285714285714288, 0.25204081632653064, 0.2612244897959184, 0.27040816326530615, 0.2795918367346939, 0.28877551020408165, 0.2979591836734694, 0.30714285714285716, 0.3163265306122449, 0.32551020408163267, 0.3346938775510204, 0.3438775510204082, 0.35306122448979593, 0.3622448979591837, 0.37142857142857144, 0.3806122448979592, 0.38979591836734695, 0.3989795918367347, 0.40816326530612246, 0.4173469387755102, 0.42653061224489797, 0.4357142857142857, 0.4448979591836735, 0.45408163265306123, 0.463265306122449, 0.47244897959183674, 0.4816326530612245, 0.4908163265306123, 0.5]}