{"best_threshold": 0.5, "best_score": 4.133939644481191e-05, "scores": [1.8446440759255502e-05, 1.8670998338281146e-05, 1.890466378055466e-05, 1.914388544298951e-05, 1.9399018409668472e-05, 1.9693180251678844e-05, 1.995211492418196e-05, 2.0261371694863742e-05, 2.058375530031699e-05, 2.089034657084961e-05, 2.124450298485267e-05, 2.158382076795234e-05, 2.1988170364343984e-05, 2.2373366744227673e-05, 2.2780081097088706e-05, 2.316852787173903e-05, 2.3589912953221204e-05, 2.403441728555291e-05, 2.450620006861736e-05, 2.4990628514307134e-05, 2.5469920024451123e-05, 2.598414966870209e-05, 2.6506215707583428e-05, 2.7007318983444514e-05, 2.7511073206965803e-05, 2.8100938571348285e-05, 2.8654937245687433e-05, 2.915706913141091e-05, 2.9755705656559646e-05, 3.0248033877797942e-05, 3.090234857849197e-05, 3.153380423814329e-05, 3.204614645088928e-05, 3.2562683165092806e-05, 3.312903760145768e-05, 3.371885221027076e-05, 3.424774821055516e-05, 3.482015390508026e-05, 3.5417035594120773e-05, 3.6010082823190495e-05, 3.6441820633358846e-05, 3.705487827472487e-05, 3.749390724007349e-05, 3.807928106317353e-05, 3.863390511512904e-05, 3.9238767902687854e-05, 3.982952961325527e-05, 4.0249547192594086e-05, 4.0769732550554466e-05, 4.133939644481191e-05], "thresholds": [0.05, 0.05918367346938776, 0.06836734693877551, 0.07755102040816328, 0.08673469387755103, 0.09591836734693879, 0.10510204081632654, 0.1142857142857143, 0.12346938775510205, 0.1326530612244898, 0.14183673469387756, 0.1510204081632653, 0.1602040816326531, 0.16938775510204085, 0.1785714285714286, 0.18775510204081636, 0.1969387755102041, 0.20612244897959187, 0.21530612244897962, 0.22448979591836737, 0.23367346938775513, 0.24285714285714288, 0.25204081632653064, 0.2612244897959184, 0.27040816326530615, 0.2795918367346939, 0.28877551020408165, 0.2979591836734694, 0.30714285714285716, 0.3163265306122449, 0.32551020408163267, 0.3346938775510204, 0.3438775510204082, 0.35306122448979593, 0.3622448979591837, 0.37142857142857144, 0.3806122448979592, 0.38979591836734695, 0.3989795918367347, 0.40816326530612246, 0.4173469387755102, 0.42653061224489797, 0.4357142857142857, 0.4448979591836735, 0.45408163265306123, 0.463265306122449, 0.47244897959183674, 0.4816326530612245, 0.4908163265306123, 0.5]}